source_file,schema,activity,started_at,platform,phase,x,y,time,dt,dx,dy,step_distance,speed
swiping_session_2026-03-23T03_42_13Z.json,path,swiping,2026-03-23T03:41:38Z,unknown,began,0.8298429319371727,0.36,0.8996570110321045,,,,0.0,0.0
swiping_session_2026-03-23T03_42_13Z.json,path,swiping,2026-03-23T03:41:38Z,unknown,moved,0.7774869109947644,0.3516666666666667,0.9271600246429443,0.027503013610839844,-0.05235602094240832,-0.008333333333333304,0.0530150674182948,1.9276093946810184
swiping_session_2026-03-23T03_42_13Z.json,path,swiping,2026-03-23T03:41:38Z,unknown,moved,0.7486910994764397,0.3466666666666667,0.9400650262832642,0.012905001640319824,-0.028795811518324665,-0.0050000000000000044,0.029226678925236775,2.2647559248595686
swiping_session_2026-03-23T03_42_13Z.json,path,swiping,2026-03-23T03:41:38Z,unknown,moved,0.6649214659685864,0.34,0.9483309984207153,0.008265972137451172,-0.08376963350785338,-0.006666666666666654,0.08403449257587337,10.16631694112939
swiping_session_2026-03-23T03_42_13Z.json,path,swiping,2026-03-23T03:41:38Z,unknown,moved,0.612565445026178,0.3383333333333333,0.9650280475616455,0.016697049140930176,-0.05235602094240832,-0.0016666666666667052,0.05238254200303453,3.1372335052082354
swiping_session_2026-03-23T03_42_13Z.json,path,swiping,2026-03-23T03:41:38Z,unknown,moved,0.556282722513089,0.3383333333333333,0.9817390441894531,0.016710996627807617,-0.05628272251308908,0.0,0.05628272251308908,3.3680051385704237
swiping_session_2026-03-23T03_42_13Z.json,path,swiping,2026-03-23T03:41:38Z,unknown,moved,0.49345549738219896,0.34,0.9983519315719604,0.016612887382507324,-0.06282722513089001,0.0016666666666667052,0.06284932772452952,3.783167024337216
swiping_session_2026-03-23T03_42_13Z.json,path,swiping,2026-03-23T03:41:38Z,unknown,moved,0.4306282722513089,0.345,1.0151000022888184,0.01674807071685791,-0.06282722513089006,0.004999999999999949,0.06302586943190505,3.763171919764217
swiping_session_2026-03-23T03_42_13Z.json,path,swiping,2026-03-23T03:41:38Z,unknown,moved,0.3704188481675393,0.34833333333333333,1.0317119359970093,0.016611933708190918,-0.060209424083769614,0.003333333333333355,0.060301624021334016,3.630018339863759
swiping_session_2026-03-23T03_42_13Z.json,path,swiping,2026-03-23T03:41:38Z,unknown,moved,0.31413612565445026,0.35,1.0484240055084229,0.016712069511413574,-0.05628272251308902,0.0016666666666666496,0.05630739410826215,3.369265193027518
swiping_session_2026-03-23T03_42_13Z.json,path,swiping,2026-03-23T03:41:38Z,unknown,moved,0.2604712041884817,0.35,1.0651090145111084,0.016685009002685547,-0.053664921465968574,0.0,0.053664921465968574,3.2163555594924103
swiping_session_2026-03-23T03_42_13Z.json,path,swiping,2026-03-23T03:41:38Z,unknown,moved,0.2081151832460733,0.35,1.0817649364471436,0.016655921936035156,-0.05235602094240838,0.0,0.05235602094240838,3.143387747821747
swiping_session_2026-03-23T03_42_13Z.json,path,swiping,2026-03-23T03:41:38Z,unknown,moved,0.15837696335078533,0.35,1.098433017730713,0.016668081283569336,-0.04973821989528798,0.0,0.04973821989528798,2.9840399173189622
swiping_session_2026-03-23T03_42_13Z.json,path,swiping,2026-03-23T03:41:38Z,unknown,moved,0.11125654450261781,0.345,1.115103006362915,0.01666998863220215,-0.04712041884816752,-0.0050000000000000044,0.04738495407222361,2.8425306769968643
swiping_session_2026-03-23T03_42_13Z.json,path,swiping,2026-03-23T03:41:38Z,unknown,moved,0.06544502617801047,0.3433333333333333,1.1317839622497559,0.01668095588684082,-0.045811518324607337,-0.0016666666666666496,0.045841825759710006,2.7481534074359284
swiping_session_2026-03-23T03_42_13Z.json,path,swiping,2026-03-23T03:41:38Z,unknown,moved,0.04712041884816754,0.3433333333333333,1.1483639478683472,0.01657998561859131,-0.01832460732984293,0.0,0.01832460732984293,1.10522456118993
swiping_session_2026-03-23T03_42_13Z.json,path,swiping,2026-03-23T03:41:38Z,unknown,ended,0.0274869109947644,0.3516666666666667,1.1486459970474243,0.00028204917907714844,-0.01963350785340314,0.00833333333333336,0.021328832013827848,75.62096824254117
swiping_session_2026-03-23T03_42_13Z.json,path,swiping,2026-03-23T03:41:38Z,unknown,began,0.1544502617801047,0.7833333333333333,1.2659540176391602,0.11730802059173584,0.12696335078534032,0.43166666666666664,0.44995089015775097,3.8356361985145395
swiping_session_2026-03-23T03_42_13Z.json,path,swiping,2026-03-23T03:41:38Z,unknown,moved,0.17408376963350786,0.815,1.2819420099258423,0.01598799228668213,0.019633507853403148,0.03166666666666662,0.03725925936471924,2.3304526732700457
swiping_session_2026-03-23T03_42_13Z.json,path,swiping,2026-03-23T03:41:38Z,unknown,moved,0.1950261780104712,0.8366666666666667,1.2990210056304932,0.01707899570465088,0.020942408376963345,0.021666666666666723,0.030133518099816212,1.764361243536725
swiping_session_2026-03-23T03_42_13Z.json,path,swiping,2026-03-23T03:41:38Z,unknown,moved,0.21727748691099477,0.8516666666666667,1.3153949975967407,0.01637399196624756,0.02225130890052357,0.015000000000000013,0.026835065637827678,1.6388835229151204
swiping_session_2026-03-23T03_42_13Z.json,path,swiping,2026-03-23T03:41:38Z,unknown,moved,0.25523560209424084,0.8566666666666667,1.3319950103759766,0.01660001277923584,0.03795811518324607,0.0050000000000000044,0.0382860093018922,2.306384326991744
swiping_session_2026-03-23T03_42_13Z.json,path,swiping,2026-03-23T03:41:38Z,unknown,moved,0.31282722513089006,0.85,1.3486390113830566,0.016644001007080078,0.05759162303664922,-0.00666666666666671,0.05797619760246398,3.483308945835913
swiping_session_2026-03-23T03_42_13Z.json,path,swiping,2026-03-23T03:41:38Z,unknown,moved,0.3756544502617801,0.82,1.365473985671997,0.01683497428894043,0.06282722513089006,-0.030000000000000027,0.06962226811622518,4.135573177677072
swiping_session_2026-03-23T03_42_13Z.json,path,swiping,2026-03-23T03:41:38Z,unknown,moved,0.43455497382198954,0.7816666666666666,1.3819650411605835,0.016491055488586426,0.05890052356020942,-0.03833333333333333,0.07027599960236232,4.261461593589375
swiping_session_2026-03-23T03_42_13Z.json,path,swiping,2026-03-23T03:41:38Z,unknown,moved,0.49345549738219896,0.7416666666666667,1.3985919952392578,0.016626954078674316,0.05890052356020942,-0.039999999999999925,0.07119881793728586,4.2821323497010955
swiping_session_2026-03-23T03_42_13Z.json,path,swiping,2026-03-23T03:41:38Z,unknown,moved,0.5497382198952879,0.7,1.4154869318008423,0.016894936561584473,0.05628272251308897,-0.04166666666666674,0.07002753718785552,4.144883109362091
swiping_session_2026-03-23T03_42_13Z.json,path,swiping,2026-03-23T03:41:38Z,unknown,moved,0.6020942408376964,0.6583333333333333,1.4317729473114014,0.016286015510559082,0.05235602094240843,-0.04166666666666663,0.06691236089119124,4.108577745600723
swiping_session_2026-03-23T03_42_13Z.json,path,swiping,2026-03-23T03:41:38Z,unknown,moved,0.6465968586387435,0.625,1.4487279653549194,0.016955018043518066,0.04450261780104714,-0.033333333333333326,0.05560210519627102,3.2793893261309623
swiping_session_2026-03-23T03_42_13Z.json,path,swiping,2026-03-23T03:41:38Z,unknown,moved,0.6832460732984293,0.6,1.4655590057373047,0.016831040382385254,0.03664921465968585,-0.025000000000000022,0.04436400494964057,2.635844483866268
swiping_session_2026-03-23T03_42_13Z.json,path,swiping,2026-03-23T03:41:38Z,unknown,moved,0.7198952879581152,0.575,1.4816559553146362,0.016096949577331543,0.03664921465968585,-0.025000000000000022,0.04436400494964057,2.7560504390295155
swiping_session_2026-03-23T03_42_13Z.json,path,swiping,2026-03-23T03:41:38Z,unknown,moved,0.7761780104712042,0.5333333333333333,1.4984500408172607,0.01679408550262451,0.05628272251308897,-0.04166666666666663,0.07002753718785545,4.1697737680870945
swiping_session_2026-03-23T03_42_13Z.json,path,swiping,2026-03-23T03:41:38Z,unknown,ended,0.8272251308900523,0.49166666666666664,1.5152829885482788,0.016832947731018066,0.05104712041884818,-0.041666666666666685,0.06589324407075052,3.9145398134474725
swiping_session_2026-03-23T03_42_13Z.json,path,swiping,2026-03-23T03:41:38Z,unknown,began,0.774869109947644,0.4216666666666667,1.749851942062378,0.23456895351409912,-0.05235602094240832,-0.06999999999999995,0.08741368845279263,0.37265668428511145
swiping_session_2026-03-23T03_42_13Z.json,path,swiping,2026-03-23T03:41:38Z,unknown,moved,0.7513089005235603,0.4216666666666667,1.7657159566879272,0.015864014625549316,-0.023560209424083767,0.0,0.023560209424083767,1.485135382196356
swiping_session_2026-03-23T03_42_13Z.json,path,swiping,2026-03-23T03:41:38Z,unknown,moved,0.725130890052356,0.4216666666666667,1.7819219827651978,0.016206026077270508,-0.02617801047120427,0.0,0.02617801047120427,1.6153257033147568
swiping_session_2026-03-23T03_42_13Z.json,path,swiping,2026-03-23T03:41:38Z,unknown,moved,0.6950261780104712,0.4216666666666667,1.7986079454421997,0.016685962677001953,-0.030104712041884807,0.0,0.030104712041884807,1.8041938978670822
swiping_session_2026-03-23T03_42_13Z.json,path,swiping,2026-03-23T03:41:38Z,unknown,moved,0.6557591623036649,0.4216666666666667,1.8150140047073364,0.01640605926513672,-0.03926701570680624,0.0,0.03926701570680624,2.3934459258141056
swiping_session_2026-03-23T03_42_13Z.json,path,swiping,2026-03-23T03:41:38Z,unknown,moved,0.6099476439790575,0.42833333333333334,1.8321819305419922,0.01716792583465576,-0.04581151832460739,0.006666666666666654,0.04629405637498493,2.6965433577033613
swiping_session_2026-03-23T03_42_13Z.json,path,swiping,2026-03-23T03:41:38Z,unknown,moved,0.5589005235602095,0.44333333333333336,1.8482849597930908,0.016103029251098633,-0.05104712041884807,0.015000000000000013,0.053205342805552676,3.3040580114404703
swiping_session_2026-03-23T03_42_13Z.json,path,swiping,2026-03-23T03:41:38Z,unknown,moved,0.4973821989528796,0.4716666666666667,1.8655610084533691,0.01727604866027832,-0.061518324607329866,0.02833333333333332,0.06772947689352535,3.9204263790510887
swiping_session_2026-03-23T03_42_13Z.json,path,swiping,2026-03-23T03:41:38Z,unknown,moved,0.43586387434554974,0.5033333333333333,1.8821419477462769,0.016580939292907715,-0.061518324607329866,0.03166666666666662,0.06919018745653593,4.172875024404146
swiping_session_2026-03-23T03_42_13Z.json,path,swiping,2026-03-23T03:41:38Z,unknown,moved,0.3756544502617801,0.5283333333333333,1.8983319997787476,0.016190052032470703,-0.060209424083769614,0.025000000000000022,0.06519336429805733,4.026754464241733
swiping_session_2026-03-23T03_42_13Z.json,path,swiping,2026-03-23T03:41:38Z,unknown,moved,0.3193717277486911,0.5466666666666666,1.915060043334961,0.01672804355621338,-0.05628272251308902,0.018333333333333313,0.05919337770896748,3.5385714719149566
swiping_session_2026-03-23T03_42_13Z.json,path,swiping,2026-03-23T03:41:38Z,unknown,moved,0.2604712041884817,0.5633333333333334,1.932170033454895,0.017109990119934082,-0.05890052356020942,0.01666666666666672,0.061213147717173996,3.5776261288343645
swiping_session_2026-03-23T03_42_13Z.json,path,swiping,2026-03-23T03:41:38Z,unknown,moved,0.20026178010471204,0.5833333333333334,1.9482909440994263,0.01612091064453125,-0.06020942408376964,0.020000000000000018,0.06344426489840686,3.9355261186767554
swiping_session_2026-03-23T03_42_13Z.json,path,swiping,2026-03-23T03:41:38Z,unknown,moved,0.17015706806282724,0.5933333333333334,1.9652609825134277,0.016970038414001465,-0.030104712041884807,0.010000000000000009,0.03172213244920342,1.8693023359941512
swiping_session_2026-03-23T03_42_13Z.json,path,swiping,2026-03-23T03:41:38Z,unknown,ended,0.1387434554973822,0.6116666666666667,1.9655770063400269,0.0003160238265991211,-0.03141361256544503,0.018333333333333313,0.03637205198394774,115.09275226290451
swiping_session_2026-03-23T03_42_13Z.json,path,swiping,2026-03-23T03:41:38Z,unknown,began,0.587696335078534,0.9033333333333333,2.216444969177246,0.25086796283721924,0.4489528795811518,0.29166666666666663,0.535376626804582,2.134097238841023
swiping_session_2026-03-23T03_42_13Z.json,path,swiping,2026-03-23T03:41:38Z,unknown,moved,0.599476439790576,0.9016666666666666,2.2328699827194214,0.016425013542175293,0.011780104712041939,-0.0016666666666667052,0.011897421771310396,0.7243477602475528
swiping_session_2026-03-23T03_42_13Z.json,path,swiping,2026-03-23T03:41:38Z,unknown,moved,0.6164921465968587,0.88,2.2486759424209595,0.015805959701538086,0.017015706806282727,-0.021666666666666612,0.027549568464166882,1.7429861257640697
swiping_session_2026-03-23T03_42_13Z.json,path,swiping,2026-03-23T03:41:38Z,unknown,moved,0.6413612565445026,0.835,2.2649710178375244,0.01629507541656494,0.024869109947643908,-0.04500000000000004,0.051414712190072646,3.15523008490077
swiping_session_2026-03-23T03_42_13Z.json,path,swiping,2026-03-23T03:41:38Z,unknown,moved,0.668848167539267,0.7766666666666666,2.2821320295333862,0.017161011695861816,0.027486910994764413,-0.05833333333333335,0.06448494439643938,3.7576423546164937
swiping_session_2026-03-23T03_42_13Z.json,path,swiping,2026-03-23T03:41:38Z,unknown,moved,0.6976439790575916,0.715,2.298396944999695,0.016264915466308594,0.028795811518324554,-0.06166666666666665,0.06805862574851661,4.184382383633922
swiping_session_2026-03-23T03_42_13Z.json,path,swiping,2026-03-23T03:41:38Z,unknown,moved,0.7225130890052356,0.645,2.315039038658142,0.016642093658447266,0.02486910994764402,-0.06999999999999995,0.07428642291555032,4.463766665430566
swiping_session_2026-03-23T03_42_13Z.json,path,swiping,2026-03-23T03:41:38Z,unknown,moved,0.7552356020942408,0.5666666666666667,2.3321319818496704,0.01709294319152832,0.0327225130890052,-0.07833333333333337,0.08489330935928481,4.96657061385192
swiping_session_2026-03-23T03_42_13Z.json,path,swiping,2026-03-23T03:41:38Z,unknown,moved,0.7997382198952879,0.45666666666666667,2.3482749462127686,0.016142964363098145,0.04450261780104714,-0.10999999999999999,0.11866121097960393,7.350645662754258
swiping_session_2026-03-23T03_42_13Z.json,path,swiping,2026-03-23T03:41:38Z,unknown,moved,0.8520942408376964,0.31166666666666665,2.3652600049972534,0.016985058784484863,0.05235602094240843,-0.14500000000000002,0.15416274818814665,9.076374132362016
swiping_session_2026-03-23T03_42_13Z.json,path,swiping,2026-03-23T03:41:38Z,unknown,moved,0.8756544502617801,0.24,2.3819589614868164,0.01669895648956299,0.023560209424083767,-0.07166666666666666,0.07544000649004344,4.517647946277013
swiping_session_2026-03-23T03_42_13Z.json,path,swiping,2026-03-23T03:41:38Z,unknown,ended,0.8979057591623036,0.175,2.3825780153274536,0.000619053840637207,0.022251308900523514,-0.065,0.06870313491964189,110.98087179125501
swiping_session_2026-03-23T03_42_13Z.json,path,swiping,2026-03-23T03:41:38Z,unknown,began,0.9162303664921466,0.12666666666666668,2.5665639638900757,0.18398594856262207,0.01832460732984298,-0.04833333333333331,0.05169044732737418,0.2809477991727213
swiping_session_2026-03-23T03_42_13Z.json,path,swiping,2026-03-23T03:41:38Z,unknown,moved,0.9057591623036649,0.14833333333333334,2.583166003227234,0.016602039337158203,-0.010471204188481686,0.021666666666666667,0.02406430056330998,1.4494785896242253
swiping_session_2026-03-23T03_42_13Z.json,path,swiping,2026-03-23T03:41:38Z,unknown,moved,0.8900523560209425,0.17666666666666667,2.5986019372940063,0.015435934066772461,-0.015706806282722474,0.02833333333333332,0.03239570251407966,2.098719933237792
swiping_session_2026-03-23T03_42_13Z.json,path,swiping,2026-03-23T03:41:38Z,unknown,moved,0.8599476439790575,0.22666666666666666,2.6154149770736694,0.016813039779663086,-0.030104712041884918,0.04999999999999999,0.05836346191860803,3.471321229442637
swiping_session_2026-03-23T03_42_13Z.json,path,swiping,2026-03-23T03:41:38Z,unknown,moved,0.81282722513089,0.295,2.6315900087356567,0.016175031661987305,-0.04712041884816753,0.06833333333333333,0.08300468852342732,5.131655396910003
swiping_session_2026-03-23T03_42_13Z.json,path,swiping,2026-03-23T03:41:38Z,unknown,moved,0.7630890052356021,0.36333333333333334,2.6486129760742188,0.01702296733856201,-0.04973821989528793,0.06833333333333336,0.08451825224646131,4.964954144921767
swiping_session_2026-03-23T03_42_13Z.json,path,swiping,2026-03-23T03:41:38Z,unknown,moved,0.7212041884816754,0.42333333333333334,2.6654670238494873,0.016854047775268555,-0.041884816753926635,0.06,0.07317334128294276,4.341588576147061
swiping_session_2026-03-23T03_42_13Z.json,path,swiping,2026-03-23T03:41:38Z,unknown,moved,0.6767015706806283,0.4866666666666667,2.6819000244140625,0.016433000564575195,-0.04450261780104714,0.06333333333333335,0.07740538806993472,4.7103624055608195
swiping_session_2026-03-23T03_42_13Z.json,path,swiping,2026-03-23T03:41:38Z,unknown,moved,0.6256544502617801,0.5516666666666666,2.6985809803009033,0.01668095588684082,-0.05104712041884818,0.06499999999999995,0.08264870539250073,4.954674417531443
swiping_session_2026-03-23T03_42_13Z.json,path,swiping,2026-03-23T03:41:38Z,unknown,moved,0.569371727748691,0.6166666666666667,2.715407967567444,0.016826987266540527,-0.05628272251308908,0.06500000000000006,0.0859810726467482,5.109712825284922
swiping_session_2026-03-23T03_42_13Z.json,path,swiping,2026-03-23T03:41:38Z,unknown,moved,0.5130890052356021,0.68,2.73165500164032,0.016247034072875977,-0.05628272251308897,0.06333333333333335,0.08472812971260776,5.214990584285121
swiping_session_2026-03-23T03_42_13Z.json,path,swiping,2026-03-23T03:41:38Z,unknown,moved,0.45549738219895286,0.7466666666666667,2.748834013938904,0.017179012298583984,-0.05759162303664922,0.06666666666666665,0.08809789718511984,5.1282283087009315
swiping_session_2026-03-23T03_42_13Z.json,path,swiping,2026-03-23T03:41:38Z,unknown,moved,0.39267015706806285,0.8166666666666667,2.7649999856948853,0.016165971755981445,-0.06282722513089001,0.06999999999999995,0.09405987570503978,5.818386740050898
swiping_session_2026-03-23T03_42_13Z.json,path,swiping,2026-03-23T03:41:38Z,unknown,ended,0.3599476439790576,0.85,2.782039999961853,0.017040014266967773,-0.032722513089005256,0.033333333333333326,0.04671053386519181,2.741226218087189
swiping_session_2026-03-23T03_42_13Z.json,path,swiping,2026-03-23T03:41:38Z,unknown,began,0.3206806282722513,0.8366666666666667,2.9162689447402954,0.13422894477844238,-0.039267015706806296,-0.013333333333333308,0.04146897997656018,0.3089421588243033
swiping_session_2026-03-23T03_42_13Z.json,path,swiping,2026-03-23T03:41:38Z,unknown,moved,0.3206806282722513,0.81,2.9336769580841064,0.017408013343811035,0.0,-0.026666666666666616,0.026666666666666616,1.5318615708751886
swiping_session_2026-03-23T03_42_13Z.json,path,swiping,2026-03-23T03:41:38Z,unknown,moved,0.32329842931937175,0.7666666666666667,2.948511004447937,0.014834046363830566,0.0026178010471204494,-0.043333333333333335,0.04341233304143055,2.926533460707094
swiping_session_2026-03-23T03_42_13Z.json,path,swiping,2026-03-23T03:41:38Z,unknown,moved,0.331151832460733,0.7116666666666667,2.9654890298843384,0.016978025436401367,0.007853403141361237,-0.05500000000000005,0.055557861198040626,3.2723393781071266
swiping_session_2026-03-23T03_42_13Z.json,path,swiping,2026-03-23T03:41:38Z,unknown,moved,0.34293193717277487,0.6516666666666666,2.981685996055603,0.01619696617126465,0.011780104712041883,-0.06000000000000005,0.06114548934325963,3.775119901882553
swiping_session_2026-03-23T03_42_13Z.json,path,swiping,2026-03-23T03:41:38Z,unknown,moved,0.35602094240837695,0.585,2.9987889528274536,0.017102956771850586,0.01308900523560208,-0.06666666666666665,0.06793943260362174,3.972379367492871
swiping_session_2026-03-23T03_42_13Z.json,path,swiping,2026-03-23T03:41:38Z,unknown,moved,0.3730366492146597,0.5166666666666667,3.0149929523468018,0.016203999519348145,0.017015706806282727,-0.06833333333333325,0.07042001649078058,4.345841679808532
swiping_session_2026-03-23T03_42_13Z.json,path,swiping,2026-03-23T03:41:38Z,unknown,moved,0.39267015706806285,0.4483333333333333,3.032089948654175,0.017096996307373047,0.019633507853403176,-0.06833333333333341,0.07109795408500937,4.158505553068904
swiping_session_2026-03-23T03_42_13Z.json,path,swiping,2026-03-23T03:41:38Z,unknown,moved,0.4109947643979058,0.38166666666666665,3.048301935195923,0.016211986541748047,0.018324607329842924,-0.06666666666666665,0.06913924846451092,4.264699349858701
swiping_session_2026-03-23T03_42_13Z.json,path,swiping,2026-03-23T03:41:38Z,unknown,moved,0.4293193717277487,0.315,3.065253973007202,0.016952037811279297,0.018324607329842924,-0.06666666666666665,0.06913924846451092,4.078521369183595
swiping_session_2026-03-23T03_42_13Z.json,path,swiping,2026-03-23T03:41:38Z,unknown,moved,0.45287958115183247,0.24333333333333335,3.081889033317566,0.01663506031036377,0.023560209424083767,-0.07166666666666666,0.07544000649004344,4.535000479862627
swiping_session_2026-03-23T03_42_13Z.json,path,swiping,2026-03-23T03:41:38Z,unknown,moved,0.4790575916230366,0.17,3.098686933517456,0.016797900199890137,0.02617801047120416,-0.07333333333333333,0.07786569212437691,4.6354420015476805
swiping_session_2026-03-23T03_42_13Z.json,path,swiping,2026-03-23T03:41:38Z,unknown,moved,0.5104712041884817,0.09166666666666666,3.114989995956421,0.016303062438964844,0.03141361256544506,-0.07833333333333335,0.08439742985140603,5.17678382005662
swiping_session_2026-03-23T03_42_13Z.json,path,swiping,2026-03-23T03:41:38Z,unknown,moved,0.5497382198952879,0.0,3.131891965866089,0.01690196990966797,0.03926701570680624,-0.09166666666666666,0.09972299785052766,5.900081374153071
swiping_session_2026-03-23T03_42_13Z.json,path,swiping,2026-03-23T03:41:38Z,unknown,moved,0.56282722513089,0.0,3.1484880447387695,0.016596078872680664,0.01308900523560208,0.0,0.01308900523560208,0.7886805875060229
swiping_session_2026-03-23T03_42_13Z.json,path,swiping,2026-03-23T03:41:38Z,unknown,ended,0.5759162303664922,0.0,3.148829936981201,0.0003418922424316406,0.013089005235602191,0.0,0.013089005235602191,38.28400768180419
swiping_session_2026-03-23T03_42_13Z.json,path,swiping,2026-03-23T03:41:38Z,unknown,began,0.14136125654450263,0.6883333333333334,3.716871976852417,0.5680420398712158,-0.4345549738219896,0.6883333333333334,0.8140275198365273,1.433040977074655
swiping_session_2026-03-23T03_42_13Z.json,path,swiping,2026-03-23T03:41:38Z,unknown,moved,0.16361256544502617,0.6883333333333334,3.7331589460372925,0.01628696918487549,0.022251308900523542,0.0,0.022251308900523542,1.3662031681859321
swiping_session_2026-03-23T03_42_13Z.json,path,swiping,2026-03-23T03:41:38Z,unknown,moved,0.20287958115183247,0.6783333333333333,3.748584032058716,0.01542508602142334,0.039267015706806296,-0.010000000000000009,0.040520347018733346,2.6269122235335423
swiping_session_2026-03-23T03_42_13Z.json,path,swiping,2026-03-23T03:41:38Z,unknown,moved,0.2604712041884817,0.6583333333333333,3.7652390003204346,0.01665496826171875,0.05759162303664922,-0.020000000000000018,0.060965523404589134,3.660500725463265
swiping_session_2026-03-23T03_42_13Z.json,path,swiping,2026-03-23T03:41:38Z,unknown,moved,0.31675392670157065,0.635,3.7817989587783813,0.016559958457946777,0.05628272251308897,-0.023333333333333317,0.06092773832935058,3.6792204813842773
swiping_session_2026-03-23T03_42_13Z.json,path,swiping,2026-03-23T03:41:38Z,unknown,moved,0.3717277486910995,0.6116666666666667,3.798684000968933,0.016885042190551758,0.054973821989528826,-0.023333333333333317,0.05972072963871797,3.536901416339692
swiping_session_2026-03-23T03_42_13Z.json,path,swiping,2026-03-23T03:41:38Z,unknown,moved,0.42539267015706805,0.5866666666666667,3.8152109384536743,0.01652693748474121,0.053664921465968574,-0.025000000000000022,0.059202396876719236,3.5821758829413435
swiping_session_2026-03-23T03_42_13Z.json,path,swiping,2026-03-23T03:41:38Z,unknown,moved,0.4803664921465969,0.555,3.8320189714431763,0.016808032989501953,0.054973821989528826,-0.03166666666666662,0.06344209077508542,3.774510129454791
swiping_session_2026-03-23T03_42_13Z.json,path,swiping,2026-03-23T03:41:38Z,unknown,moved,0.5366492146596858,0.5233333333333333,3.848719000816345,0.016700029373168945,0.05628272251308897,-0.03166666666666673,0.0645795837030803,3.867034138684624
swiping_session_2026-03-23T03_42_13Z.json,path,swiping,2026-03-23T03:41:38Z,unknown,moved,0.5903141361256544,0.48833333333333334,3.86496102809906,0.016242027282714844,0.053664921465968574,-0.034999999999999976,0.06406967922464239,3.9446848665761625
swiping_session_2026-03-23T03_42_13Z.json,path,swiping,2026-03-23T03:41:38Z,unknown,moved,0.6479057591623036,0.44166666666666665,3.8816150426864624,0.016654014587402344,0.05759162303664922,-0.04666666666666669,0.0741253858119692,4.45090193856562
swiping_session_2026-03-23T03_42_13Z.json,path,swiping,2026-03-23T03:41:38Z,unknown,moved,0.7408376963350786,0.36333333333333334,3.8985379934310913,0.016922950744628906,0.09293193717277493,-0.07833333333333331,0.12154199298100922,7.182080407554507
swiping_session_2026-03-23T03_42_13Z.json,path,swiping,2026-03-23T03:41:38Z,unknown,moved,0.7709424083769634,0.3383333333333333,3.9151439666748047,0.01660597324371338,0.030104712041884807,-0.025000000000000022,0.03913174781586947,2.3564862619951414
swiping_session_2026-03-23T03_42_13Z.json,path,swiping,2026-03-23T03:41:38Z,unknown,ended,0.7931937172774869,0.32666666666666666,3.9154839515686035,0.0003399848937988281,0.022251308900523514,-0.011666666666666659,0.025124328028777763,73.89836574222629
swiping_session_2026-03-23T03_42_13Z.json,path,swiping,2026-03-23T03:41:38Z,unknown,began,0.7460732984293194,0.7383333333333333,4.183104991912842,0.2676210403442383,-0.04712041884816753,0.4116666666666666,0.4143546528239681,1.5482887753929506
swiping_session_2026-03-23T03_42_13Z.json,path,swiping,2026-03-23T03:41:38Z,unknown,moved,0.7329842931937173,0.715,4.200655937194824,0.017550945281982422,-0.01308900523560208,-0.023333333333333317,0.026753812859143317,1.5243516761805669
swiping_session_2026-03-23T03_42_13Z.json,path,swiping,2026-03-23T03:41:38Z,unknown,moved,0.7120418848167539,0.6883333333333334,4.21508002281189,0.01442408561706543,-0.020942408376963373,-0.026666666666666616,0.03390716118666696,2.3507321078676005
swiping_session_2026-03-23T03_42_13Z.json,path,swiping,2026-03-23T03:41:38Z,unknown,moved,0.6845549738219895,0.6516666666666666,4.231847047805786,0.016767024993896484,-0.027486910994764413,-0.036666666666666736,0.04582548112653647,2.7330716774870805
swiping_session_2026-03-23T03_42_13Z.json,path,swiping,2026-03-23T03:41:38Z,unknown,moved,0.650523560209424,0.6133333333333333,4.2484729290008545,0.01662588119506836,-0.03403141361256545,-0.03833333333333333,0.05125994105453058,3.0831413056010244
swiping_session_2026-03-23T03_42_13Z.json,path,swiping,2026-03-23T03:41:38Z,unknown,moved,0.612565445026178,0.5666666666666667,4.265143990516663,0.016671061515808105,-0.03795811518324599,-0.046666666666666634,0.060154769437197116,3.608334681037328
swiping_session_2026-03-23T03_42_13Z.json,path,swiping,2026-03-23T03:41:38Z,unknown,moved,0.5732984293193717,0.5183333333333333,4.28201699256897,0.01687300205230713,-0.03926701570680635,-0.04833333333333334,0.06227366725695291,3.690728363802808
swiping_session_2026-03-23T03_42_13Z.json,path,swiping,2026-03-23T03:41:38Z,unknown,moved,0.5379581151832461,0.465,4.298251032829285,0.01623404026031494,-0.035340314136125595,-0.05333333333333329,0.06397954554140314,3.9410734798905773
swiping_session_2026-03-23T03_42_13Z.json,path,swiping,2026-03-23T03:41:38Z,unknown,moved,0.4986910994764398,0.4066666666666667,4.315168976783752,0.016917943954467773,-0.039267015706806296,-0.05833333333333335,0.07031839233299032,4.156438425510938
swiping_session_2026-03-23T03_42_13Z.json,path,swiping,2026-03-23T03:41:38Z,unknown,moved,0.4568062827225131,0.335,4.331817030906677,0.016648054122924805,-0.04188481675392669,-0.07166666666666666,0.0830087283701005,4.986091933458776
swiping_session_2026-03-23T03_42_13Z.json,path,swiping,2026-03-23T03:41:38Z,unknown,moved,0.412303664921466,0.25666666666666665,4.348690986633301,0.016873955726623535,-0.04450261780104714,-0.07833333333333337,0.09009214228919853,5.339124017437841
swiping_session_2026-03-23T03_42_13Z.json,path,swiping,2026-03-23T03:41:38Z,unknown,moved,0.362565445026178,0.18,4.364917039871216,0.01622605323791504,-0.04973821989528798,-0.07666666666666666,0.09138746246684934,5.63214363510816
swiping_session_2026-03-23T03_42_13Z.json,path,swiping,2026-03-23T03:41:38Z,unknown,moved,0.31282722513089006,0.10833333333333334,4.382038950920105,0.01712191104888916,-0.04973821989528793,-0.07166666666666666,0.08723532328972665,5.094952487525411
swiping_session_2026-03-23T03_42_13Z.json,path,swiping,2026-03-23T03:41:38Z,unknown,moved,0.2617801047120419,0.03666666666666667,4.39845597743988,0.01641702651977539,-0.05104712041884818,-0.07166666666666667,0.08798817883197434,5.35956853855275
swiping_session_2026-03-23T03_42_13Z.json,path,swiping,2026-03-23T03:41:38Z,unknown,moved,0.21204188481675393,0.0,4.415156006813049,0.016700029373168945,-0.049738219895287955,-0.03666666666666667,0.0617926772586887,3.7001538067931623
swiping_session_2026-03-23T03_42_13Z.json,path,swiping,2026-03-23T03:41:38Z,unknown,moved,0.16361256544502617,0.0,4.43195104598999,0.016795039176940918,-0.04842931937172776,0.0,0.04842931937172776,2.883549056451131
swiping_session_2026-03-23T03_42_13Z.json,path,swiping,2026-03-23T03:41:38Z,unknown,ended,0.1400523560209424,0.0,4.448189973831177,0.016238927841186523,-0.023560209424083767,0.0,0.023560209424083767,1.4508475962512992
swiping_session_2026-03-23T03_42_13Z.json,path,swiping,2026-03-23T03:41:38Z,unknown,began,0.824607329842932,0.135,4.675050973892212,0.22686100006103516,0.6845549738219896,0.135,0.6977395733254814,3.0756259257332026
swiping_session_2026-03-23T03_42_13Z.json,path,swiping,2026-03-23T03:41:38Z,unknown,moved,0.862565445026178,0.13833333333333334,4.687904953956604,0.01285398006439209,0.0379581151832461,0.003333333333333327,0.03810419424913338,2.96438877750317
swiping_session_2026-03-23T03_42_13Z.json,path,swiping,2026-03-23T03:41:38Z,unknown,moved,0.8913612565445026,0.155,4.698161959648132,0.01025700569152832,0.028795811518324554,0.016666666666666663,0.033271256946148735,3.243759236053542
swiping_session_2026-03-23T03_42_13Z.json,path,swiping,2026-03-23T03:41:38Z,unknown,moved,0.9175392670157068,0.175,4.714915990829468,0.01675403118133545,0.02617801047120416,0.01999999999999999,0.032943713091126724,1.9663156129151247
swiping_session_2026-03-23T03_42_13Z.json,path,swiping,2026-03-23T03:41:38Z,unknown,moved,0.943717277486911,0.19333333333333333,4.731506943702698,0.01659095287322998,0.02617801047120427,0.01833333333333334,0.0319593389065167,1.9263112342440614
swiping_session_2026-03-23T03_42_13Z.json,path,swiping,2026-03-23T03:41:38Z,unknown,moved,0.9633507853403142,0.21166666666666667,4.7485350370407104,0.017028093338012695,0.01963350785340312,0.01833333333333334,0.026862348031040647,1.5775311714479763
swiping_session_2026-03-23T03_42_13Z.json,path,swiping,2026-03-23T03:41:38Z,unknown,moved,0.9738219895287958,0.23,4.76489794254303,0.016362905502319336,0.010471204188481686,0.01833333333333334,0.021112963512211824,1.2902942884574624
swiping_session_2026-03-23T03_42_13Z.json,path,swiping,2026-03-23T03:41:38Z,unknown,moved,0.9790575916230366,0.25,4.7818509340286255,0.016952991485595703,0.005235602094240788,0.01999999999999999,0.02067393357078469,1.2194858699923565
swiping_session_2026-03-23T03_42_13Z.json,path,swiping,2026-03-23T03:41:38Z,unknown,moved,0.9790575916230366,0.2733333333333333,4.7986849546432495,0.016834020614624023,0.0,0.023333333333333317,0.023333333333333317,1.3860820220846837
swiping_session_2026-03-23T03_42_13Z.json,path,swiping,2026-03-23T03:41:38Z,unknown,moved,0.9659685863874345,0.30666666666666664,4.815346956253052,0.016662001609802246,-0.01308900523560208,0.033333333333333326,0.035811076068288275,2.149266151025975
swiping_session_2026-03-23T03_42_13Z.json,path,swiping,2026-03-23T03:41:38Z,unknown,moved,0.9397905759162304,0.35,4.831573963165283,0.016227006912231445,-0.02617801047120416,0.043333333333333335,0.050626732167978736,3.119905749828564
swiping_session_2026-03-23T03_42_13Z.json,path,swiping,2026-03-23T03:41:38Z,unknown,moved,0.8926701570680629,0.41833333333333333,4.848152995109558,0.016579031944274902,-0.04712041884816753,0.06833333333333336,0.08300468852342734,5.006606465469212
swiping_session_2026-03-23T03_42_13Z.json,path,swiping,2026-03-23T03:41:38Z,unknown,moved,0.8442408376963351,0.47833333333333333,4.864897966384888,0.01674497127532959,-0.048429319371727786,0.06,0.07710641331827599,4.604750408373472
swiping_session_2026-03-23T03_42_13Z.json,path,swiping,2026-03-23T03:41:38Z,unknown,moved,0.7958115183246073,0.525,4.881588935852051,0.016690969467163086,-0.048429319371727786,0.04666666666666669,0.06725456677867005,4.0293984666968
swiping_session_2026-03-23T03_42_13Z.json,path,swiping,2026-03-23T03:41:38Z,unknown,moved,0.7408376963350786,0.5633333333333334,4.898481965065002,0.01689302921295166,-0.054973821989528715,0.03833333333333333,0.067019143150154,3.9672661608121365
swiping_session_2026-03-23T03_42_13Z.json,path,swiping,2026-03-23T03:41:38Z,unknown,moved,0.6845549738219895,0.5966666666666667,4.915102958679199,0.016620993614196777,-0.05628272251308908,0.033333333333333326,0.06541296480512479,3.935562838388463
swiping_session_2026-03-23T03_42_13Z.json,path,swiping,2026-03-23T03:41:38Z,unknown,moved,0.6269633507853403,0.6166666666666667,4.9320069551467896,0.016903996467590332,-0.05759162303664922,0.020000000000000018,0.060965523404589134,3.6065745471183113
swiping_session_2026-03-23T03_42_13Z.json,path,swiping,2026-03-23T03:41:38Z,unknown,moved,0.5772251308900523,0.6233333333333333,4.9485180377960205,0.016511082649230957,-0.04973821989528793,0.006666666666666599,0.0501830146842182,3.039353369511211
swiping_session_2026-03-23T03_42_13Z.json,path,swiping,2026-03-23T03:41:38Z,unknown,moved,0.5392670157068062,0.625,4.96526300907135,0.01674497127532959,-0.0379581151832461,0.0016666666666667052,0.037994687602905176,2.269020769171629
swiping_session_2026-03-23T03_42_13Z.json,path,swiping,2026-03-23T03:41:38Z,unknown,moved,0.5026178010471204,0.625,4.981575012207031,0.016312003135681152,-0.03664921465968585,0.0,0.03664921465968585,2.2467635859828112
swiping_session_2026-03-23T03_42_13Z.json,path,swiping,2026-03-23T03:41:38Z,unknown,moved,0.4620418848167539,0.625,4.998234987258911,0.016659975051879883,-0.04057591623036649,0.0,0.04057591623036649,2.4355328326729984
swiping_session_2026-03-23T03_42_13Z.json,path,swiping,2026-03-23T03:41:38Z,unknown,moved,0.41492146596858637,0.6233333333333333,5.015130996704102,0.01689600944519043,-0.04712041884816753,-0.0016666666666667052,0.047149884943703944,2.790592956085586
swiping_session_2026-03-23T03_42_13Z.json,path,swiping,2026-03-23T03:41:38Z,unknown,moved,0.3599476439790576,0.6133333333333333,5.031481981277466,0.016350984573364258,-0.05497382198952877,-0.010000000000000009,0.05587594387691717,3.4172831382850815
swiping_session_2026-03-23T03_42_13Z.json,path,swiping,2026-03-23T03:41:38Z,unknown,moved,0.3089005235602094,0.6,5.04822301864624,0.016741037368774414,-0.05104712041884818,-0.013333333333333308,0.052759703191300876,3.1515193490762354
swiping_session_2026-03-23T03_42_13Z.json,path,swiping,2026-03-23T03:41:38Z,unknown,moved,0.2643979057591623,0.5816666666666667,5.06531298160553,0.01708996295928955,-0.04450261780104714,-0.018333333333333313,0.048131009778075384,2.816332012698303
swiping_session_2026-03-23T03_42_13Z.json,path,swiping,2026-03-23T03:41:38Z,unknown,moved,0.22643979057591623,0.5566666666666666,5.081977963447571,0.016664981842041016,-0.037958115183246044,-0.025000000000000022,0.04545127620061482,2.7273522786538034
swiping_session_2026-03-23T03_42_13Z.json,path,swiping,2026-03-23T03:41:38Z,unknown,moved,0.19764397905759162,0.5233333333333333,5.098116993904114,0.01613903045654297,-0.02879581151832461,-0.033333333333333326,0.04404894859255992,2.7293429249773746
swiping_session_2026-03-23T03_42_13Z.json,path,swiping,2026-03-23T03:41:38Z,unknown,ended,0.18586387434554974,0.5016666666666667,5.1148680448532104,0.01675105094909668,-0.011780104712041883,-0.021666666666666612,0.024662021642012918,1.4722671262212863
swiping_session_2026-03-23T03_42_13Z.json,path,swiping,2026-03-23T03:41:38Z,unknown,began,0.7356020942408377,0.2633333333333333,5.432732939720154,0.31786489486694336,0.5497382198952879,-0.2383333333333334,0.5991785111228688,1.885010017774004
swiping_session_2026-03-23T03_42_13Z.json,path,swiping,2026-03-23T03:41:38Z,unknown,moved,0.68717277486911,0.315,5.450310945510864,0.01757800579071045,-0.048429319371727675,0.051666666666666694,0.07081555916077514,4.028645797704734
swiping_session_2026-03-23T03_42_13Z.json,path,swiping,2026-03-23T03:41:38Z,unknown,moved,0.6243455497382199,0.37666666666666665,5.4650609493255615,0.014750003814697266,-0.06282722513089012,0.06166666666666665,0.08803430010754516,5.968425582359893
swiping_session_2026-03-23T03_42_13Z.json,path,swiping,2026-03-23T03:41:38Z,unknown,moved,0.5654450261780105,0.43333333333333335,5.481536030769348,0.01647508144378662,-0.05890052356020936,0.0566666666666667,0.08173360867340859,4.961044286930274
swiping_session_2026-03-23T03_42_13Z.json,path,swiping,2026-03-23T03:41:38Z,unknown,moved,0.5130890052356021,0.48833333333333334,5.4984530210494995,0.016916990280151367,-0.05235602094240843,0.05499999999999999,0.0759351890030038,4.48869377740899
swiping_session_2026-03-23T03_42_13Z.json,path,swiping,2026-03-23T03:41:38Z,unknown,moved,0.4620418848167539,0.5483333333333333,5.5152260065078735,0.016772985458374023,-0.05104712041884818,0.06,0.07877695413670413,4.696656676428121
swiping_session_2026-03-23T03_42_13Z.json,path,swiping,2026-03-23T03:41:38Z,unknown,moved,0.40445026178010474,0.6183333333333333,5.531872987747192,0.016646981239318848,-0.057591623036649164,0.06999999999999995,0.09064653906242362,5.445223837239853
swiping_session_2026-03-23T03_42_13Z.json,path,swiping,2026-03-23T03:41:38Z,unknown,moved,0.3494764397905759,0.6883333333333334,5.5481849908828735,0.016312003135681152,-0.054973821989528826,0.07000000000000006,0.0890062981150009,5.456490988547385
swiping_session_2026-03-23T03_42_13Z.json,path,swiping,2026-03-23T03:41:38Z,unknown,moved,0.3089005235602094,0.7416666666666667,5.56514298915863,0.016957998275756836,-0.04057591623036649,0.053333333333333344,0.06701380023829542,3.9517518016320587
swiping_session_2026-03-23T03_42_13Z.json,path,swiping,2026-03-23T03:41:38Z,unknown,moved,0.2892670157068063,0.775,5.581969976425171,0.016826987266540527,-0.01963350785340312,0.033333333333333326,0.038685730466681806,2.299028926206303
swiping_session_2026-03-23T03_42_13Z.json,path,swiping,2026-03-23T03:41:38Z,unknown,moved,0.2709424083769634,0.815,5.5981069803237915,0.016137003898620605,-0.018324607329842924,0.039999999999999925,0.04399762759277967,2.7265053580696352
swiping_session_2026-03-23T03_42_13Z.json,path,swiping,2026-03-23T03:41:38Z,unknown,ended,0.2591623036649215,0.85,5.614899039268494,0.01679205894470215,-0.011780104712041883,0.03500000000000003,0.03692926843340758,2.199210266889795
swiping_session_2026-03-23T03_42_13Z.json,path,swiping,2026-03-23T03:41:38Z,unknown,began,0.8285340314136126,0.4816666666666667,5.882918953895569,0.2680199146270752,0.5693717277486912,-0.3683333333333333,0.6781250687033875,2.5301294108944687
swiping_session_2026-03-23T03_42_13Z.json,path,swiping,2026-03-23T03:41:38Z,unknown,moved,0.8036649214659686,0.45666666666666667,5.900486946105957,0.017567992210388184,-0.02486910994764402,-0.025000000000000022,0.035262907276457055,2.0072246648427834
swiping_session_2026-03-23T03_42_13Z.json,path,swiping,2026-03-23T03:41:38Z,unknown,moved,0.7670157068062827,0.425,5.914958953857422,0.014472007751464844,-0.03664921465968585,-0.031666666666666676,0.048434932775317345,3.346801190761856
swiping_session_2026-03-23T03_42_13Z.json,path,swiping,2026-03-23T03:41:38Z,unknown,moved,0.7238219895287958,0.39,5.931933045387268,0.01697409152984619,-0.04319371727748689,-0.034999999999999976,0.05559403935897685,3.2752291491549776
swiping_session_2026-03-23T03_42_13Z.json,path,swiping,2026-03-23T03:41:38Z,unknown,moved,0.6793193717277487,0.35,5.948333978652954,0.016400933265686035,-0.04450261780104714,-0.040000000000000036,0.05983713722385189,3.6483983109084956
swiping_session_2026-03-23T03_42_13Z.json,path,swiping,2026-03-23T03:41:38Z,unknown,moved,0.6335078534031413,0.315,5.9650559425354,0.01672196388244629,-0.04581151832460739,-0.034999999999999976,0.05765149790947185,3.4476511440137076
swiping_session_2026-03-23T03_42_13Z.json,path,swiping,2026-03-23T03:41:38Z,unknown,moved,0.581151832460733,0.27166666666666667,5.981514930725098,0.016458988189697266,-0.05235602094240832,-0.043333333333333335,0.0679627155630179,4.129215889805432
swiping_session_2026-03-23T03_42_13Z.json,path,swiping,2026-03-23T03:41:38Z,unknown,moved,0.5314136125654451,0.225,5.998417973518372,0.016903042793273926,-0.04973821989528793,-0.04666666666666666,0.06820313992867039,4.034962270568814
swiping_session_2026-03-23T03_42_13Z.json,path,swiping,2026-03-23T03:41:38Z,unknown,moved,0.4869109947643979,0.16833333333333333,6.014997959136963,0.01657998561859131,-0.04450261780104714,-0.05666666666666667,0.07205271752166735,4.345764778039005
swiping_session_2026-03-23T03_42_13Z.json,path,swiping,2026-03-23T03:41:38Z,unknown,moved,0.4463350785340314,0.10666666666666667,6.0319119691848755,0.016914010047912598,-0.04057591623036649,-0.06166666666666666,0.0738185800169002,4.364345285818861
swiping_session_2026-03-23T03_42_13Z.json,path,swiping,2026-03-23T03:41:38Z,unknown,moved,0.4096858638743455,0.043333333333333335,6.048151969909668,0.01624000072479248,-0.0366492146596859,-0.06333333333333334,0.07317291880390482,4.505721400134965
swiping_session_2026-03-23T03_42_13Z.json,path,swiping,2026-03-23T03:41:38Z,unknown,moved,0.39267015706806285,0.013333333333333334,6.064767003059387,0.01661503314971924,-0.01701570680628267,-0.03,0.034489625659281584,2.0758084169013165
swiping_session_2026-03-23T03_42_13Z.json,path,swiping,2026-03-23T03:41:38Z,unknown,ended,0.3730366492146597,0.0,6.065048933029175,0.00028192996978759766,-0.019633507853403176,-0.013333333333333334,0.023732939312428664,84.18026409291906
swiping_session_2026-03-23T03_42_13Z.json,path,swiping,2026-03-23T03:41:38Z,unknown,began,0.7971204188481675,0.65,6.399520993232727,0.33447206020355225,0.42408376963350786,0.65,0.7761102007231745,2.3204036840950217
swiping_session_2026-03-23T03_42_13Z.json,path,swiping,2026-03-23T03:41:38Z,unknown,moved,0.7356020942408377,0.63,6.41621196269989,0.016690969467163086,-0.061518324607329866,-0.020000000000000018,0.06468774429900001,3.8756133624390836
swiping_session_2026-03-23T03_42_13Z.json,path,swiping,2026-03-23T03:41:38Z,unknown,moved,0.6714659685863874,0.615,6.431566953659058,0.01535499095916748,-0.06413612565445026,-0.015000000000000013,0.06586685520019483,4.289605599596264
swiping_session_2026-03-23T03_42_13Z.json,path,swiping,2026-03-23T03:41:38Z,unknown,moved,0.6112565445026178,0.6066666666666667,6.448400020599365,0.016833066940307617,-0.060209424083769614,-0.008333333333333304,0.06078337924913076,3.6109509612643396
swiping_session_2026-03-23T03_42_13Z.json,path,swiping,2026-03-23T03:41:38Z,unknown,moved,0.5484293193717278,0.605,6.46472704410553,0.01632702350616455,-0.06282722513089001,-0.0016666666666667052,0.06284932772452952,3.8494051105395704
swiping_session_2026-03-23T03_42_13Z.json,path,swiping,2026-03-23T03:41:38Z,unknown,moved,0.4816753926701571,0.605,6.481393933296204,0.016666889190673828,-0.06675392670157071,0.0,0.06675392670157071,4.005182127143662
swiping_session_2026-03-23T03_42_13Z.json,path,swiping,2026-03-23T03:41:38Z,unknown,moved,0.412303664921466,0.605,6.498399972915649,0.0170060396194458,-0.0693717277486911,0.0,0.0693717277486911,4.079240628686235
swiping_session_2026-03-23T03_42_13Z.json,path,swiping,2026-03-23T03:41:38Z,unknown,moved,0.337696335078534,0.6066666666666667,6.514786005020142,0.016386032104492188,-0.07460732984293195,0.0016666666666667052,0.07462594350539108,4.5542412604533205
swiping_session_2026-03-23T03_42_13Z.json,path,swiping,2026-03-23T03:41:38Z,unknown,moved,0.2630890052356021,0.6116666666666667,6.531728982925415,0.016942977905273438,-0.07460732984293195,0.0050000000000000044,0.07477468599928751,4.413314260181746
swiping_session_2026-03-23T03_42_13Z.json,path,swiping,2026-03-23T03:41:38Z,unknown,moved,0.20157068062827224,0.6166666666666667,6.548336982727051,0.016607999801635742,-0.06151832460732984,0.0050000000000000044,0.061721181635584425,3.7163525031777414
swiping_session_2026-03-23T03_42_13Z.json,path,swiping,2026-03-23T03:41:38Z,unknown,moved,0.15706806282722513,0.625,6.56522798538208,0.016891002655029297,-0.04450261780104711,0.008333333333333304,0.04527612434374788,2.6804876695858497
swiping_session_2026-03-23T03_42_13Z.json,path,swiping,2026-03-23T03:41:38Z,unknown,moved,0.12303664921465969,0.64,6.581391930580139,0.016163945198059082,-0.03403141361256544,0.015000000000000013,0.0371905513870056,2.300833795914585
swiping_session_2026-03-23T03_42_13Z.json,path,swiping,2026-03-23T03:41:38Z,unknown,moved,0.08638743455497382,0.675,6.598371982574463,0.01698005199432373,-0.036649214659685875,0.03500000000000003,0.0506770651791492,2.9845058893865617
swiping_session_2026-03-23T03_42_13Z.json,path,swiping,2026-03-23T03:41:38Z,unknown,moved,0.06806282722513089,0.6966666666666667,6.615139007568359,0.016767024993896484,-0.018324607329842924,0.021666666666666612,0.028376674897481823,1.6924096497626426
swiping_session_2026-03-23T03_42_13Z.json,path,swiping,2026-03-23T03:41:38Z,unknown,ended,0.05366492146596859,0.7283333333333334,6.615491032600403,0.00035202503204345703,-0.014397905759162305,0.03166666666666673,0.03478616776863328,98.81731298113759
swiping_session_2026-03-23T03_42_13Z.json,path,swiping,2026-03-23T03:41:38Z,unknown,began,0.24476439790575916,0.8533333333333334,6.7499929666519165,0.13450193405151367,0.19109947643979058,0.125,0.22835062928654712,1.697749782535393
swiping_session_2026-03-23T03_42_13Z.json,path,swiping,2026-03-23T03:41:38Z,unknown,moved,0.3089005235602094,0.8183333333333334,6.766185998916626,0.016193032264709473,0.06413612565445026,-0.03500000000000003,0.0730646468133764,4.512104071614242
swiping_session_2026-03-23T03_42_13Z.json,path,swiping,2026-03-23T03:41:38Z,unknown,moved,0.39397905759162305,0.77,6.78167998790741,0.015493988990783691,0.08507853403141363,-0.04833333333333334,0.09784921085039736,6.315301431322891
swiping_session_2026-03-23T03_42_13Z.json,path,swiping,2026-03-23T03:41:38Z,unknown,moved,0.49214659685863876,0.7233333333333334,6.798372983932495,0.01669299602508545,0.09816753926701571,-0.046666666666666634,0.10869518638614521,6.511424685107646
swiping_session_2026-03-23T03_42_13Z.json,path,swiping,2026-03-23T03:41:38Z,unknown,moved,0.587696335078534,0.6766666666666666,6.814720034599304,0.016347050666809082,0.09554973821989526,-0.046666666666666745,0.10633687155294864,6.504957604912436
swiping_session_2026-03-23T03_42_13Z.json,path,swiping,2026-03-23T03:41:38Z,unknown,moved,0.6675392670157068,0.6316666666666667,6.831454038619995,0.016734004020690918,0.07984293193717273,-0.04499999999999993,0.09165093442144488,5.476927955086076
swiping_session_2026-03-23T03_42_13Z.json,path,swiping,2026-03-23T03:41:38Z,unknown,moved,0.7447643979057592,0.5966666666666667,6.8485939502716064,0.017139911651611328,0.07722513089005245,-0.03500000000000003,0.084786324610669,4.946718882456913
swiping_session_2026-03-23T03_42_13Z.json,path,swiping,2026-03-23T03:41:38Z,unknown,moved,0.8115183246073299,0.5616666666666666,6.864727973937988,0.016134023666381836,0.06675392670157065,-0.03500000000000003,0.07537298408633342,4.6716792813057975
swiping_session_2026-03-23T03_42_13Z.json,path,swiping,2026-03-23T03:41:38Z,unknown,moved,0.8678010471204188,0.5316666666666666,6.881706953048706,0.016978979110717773,0.05628272251308897,-0.030000000000000027,0.06377887466462052,3.756343314207913
swiping_session_2026-03-23T03_42_13Z.json,path,swiping,2026-03-23T03:41:38Z,unknown,moved,0.912303664921466,0.5083333333333333,6.898329973220825,0.01662302017211914,0.04450261780104714,-0.023333333333333317,0.05024865605755562,3.0228355339323283
swiping_session_2026-03-23T03_42_13Z.json,path,swiping,2026-03-23T03:41:38Z,unknown,moved,0.9502617801047121,0.4816666666666667,6.915241003036499,0.016911029815673828,0.0379581151832461,-0.026666666666666616,0.046388895431726834,2.743114756307255
swiping_session_2026-03-23T03_42_13Z.json,path,swiping,2026-03-23T03:41:38Z,unknown,moved,0.9685863874345549,0.46,6.931372046470642,0.016131043434143066,0.018324607329842868,-0.021666666666666667,0.02837667489748183,1.759134492032895
swiping_session_2026-03-23T03_42_13Z.json,path,swiping,2026-03-23T03:41:38Z,unknown,moved,0.9725130890052356,0.44666666666666666,6.9480379819869995,0.016665935516357422,0.003926701570680646,-0.013333333333333364,0.013899523840871833,0.8340080175655074
swiping_session_2026-03-23T03_42_13Z.json,path,swiping,2026-03-23T03:41:38Z,unknown,moved,0.9725130890052356,0.43,6.964789986610413,0.016752004623413086,0.0,-0.016666666666666663,0.016666666666666663,0.9949058062802136
swiping_session_2026-03-23T03_42_13Z.json,path,swiping,2026-03-23T03:41:38Z,unknown,moved,0.9698952879581152,0.4033333333333333,6.981822967529297,0.017032980918884277,-0.002617801047120394,-0.026666666666666672,0.026794850128959782,1.5731157251079069
swiping_session_2026-03-23T03_42_13Z.json,path,swiping,2026-03-23T03:41:38Z,unknown,moved,0.9554973821989529,0.38,6.9981149435043335,0.01629197597503662,-0.014397905759162333,-0.023333333333333317,0.027417952780872674,1.6829114419812448
swiping_session_2026-03-23T03_42_13Z.json,path,swiping,2026-03-23T03:41:38Z,unknown,moved,0.9424083769633508,0.36333333333333334,7.015040993690491,0.016926050186157227,-0.01308900523560208,-0.016666666666666663,0.02119197574166685,1.2520331387767278
swiping_session_2026-03-23T03_42_13Z.json,path,swiping,2026-03-23T03:41:38Z,unknown,moved,0.9267015706806283,0.35,7.031651020050049,0.016610026359558105,-0.015706806282722474,-0.013333333333333364,0.020602949822313036,1.2403923615965387
swiping_session_2026-03-23T03_42_13Z.json,path,swiping,2026-03-23T03:41:38Z,unknown,moved,0.9070680628272252,0.3383333333333333,7.048370003700256,0.01671898365020752,-0.01963350785340312,-0.011666666666666659,0.02283825172251048,1.3660071808388308
swiping_session_2026-03-23T03_42_13Z.json,path,swiping,2026-03-23T03:41:38Z,unknown,moved,0.8795811518324608,0.33,7.064782023429871,0.016412019729614258,-0.027486910994764413,-0.008333333333333304,0.028722373169335166,1.750081564763647
swiping_session_2026-03-23T03_42_13Z.json,path,swiping,2026-03-23T03:41:38Z,unknown,moved,0.8455497382198953,0.3233333333333333,7.081699013710022,0.016916990280151367,-0.03403141361256545,-0.00666666666666671,0.034678257697207775,2.0499070533779067
swiping_session_2026-03-23T03_42_13Z.json,path,swiping,2026-03-23T03:41:38Z,unknown,moved,0.8010471204188482,0.32,7.098502039909363,0.01680302619934082,-0.04450261780104714,-0.0033333333333332993,0.0446272797989883,2.6559072913151214
swiping_session_2026-03-23T03_42_13Z.json,path,swiping,2026-03-23T03:41:38Z,unknown,moved,0.7513089005235603,0.32,7.114701986312866,0.016199946403503418,-0.04973821989528793,0.0,0.04973821989528793,3.0702706451258064
swiping_session_2026-03-23T03_42_13Z.json,path,swiping,2026-03-23T03:41:38Z,unknown,moved,0.7002617801047121,0.32166666666666666,7.131726980209351,0.017024993896484375,-0.05104712041884818,0.0016666666666666496,0.051074321149029135,2.9999612017233015
swiping_session_2026-03-23T03_42_13Z.json,path,swiping,2026-03-23T03:41:38Z,unknown,moved,0.6413612565445026,0.3383333333333333,7.148093938827515,0.016366958618164062,-0.05890052356020947,0.016666666666666663,0.06121314771717404,3.740044142913616
swiping_session_2026-03-23T03_42_13Z.json,path,swiping,2026-03-23T03:41:38Z,unknown,moved,0.569371727748691,0.36833333333333335,7.165012001991272,0.016918063163757324,-0.07198952879581155,0.030000000000000027,0.07799033437704304,4.609885518344536
swiping_session_2026-03-23T03_42_13Z.json,path,swiping,2026-03-23T03:41:38Z,unknown,moved,0.4882198952879581,0.405,7.181689977645874,0.01667797565460205,-0.08115183246073293,0.03666666666666668,0.08905090878918256,5.339431513356972
swiping_session_2026-03-23T03_42_13Z.json,path,swiping,2026-03-23T03:41:38Z,unknown,moved,0.40706806282722513,0.44166666666666665,7.198333024978638,0.016643047332763672,-0.08115183246073299,0.036666666666666625,0.08905090878918259,5.3506372366000585
swiping_session_2026-03-23T03_42_13Z.json,path,swiping,2026-03-23T03:41:38Z,unknown,moved,0.331151832460733,0.4766666666666667,7.215188026428223,0.01685500144958496,-0.07591623036649214,0.03500000000000003,0.08359589722622938,4.959708693960858
swiping_session_2026-03-23T03_42_13Z.json,path,swiping,2026-03-23T03:41:38Z,unknown,moved,0.2591623036649215,0.5116666666666667,7.231415033340454,0.016227006912231445,-0.0719895287958115,0.03500000000000003,0.08004681290496815,4.9329376229347135
swiping_session_2026-03-23T03_42_13Z.json,path,swiping,2026-03-23T03:41:38Z,unknown,moved,0.18979057591623036,0.54,7.2483439445495605,0.016928911209106445,-0.06937172774869113,0.02833333333333332,0.07493473419327182,4.426435537860387
swiping_session_2026-03-23T03_42_13Z.json,path,swiping,2026-03-23T03:41:38Z,unknown,moved,0.12696335078534032,0.56,7.265193939208984,0.016849994659423828,-0.06282722513089004,0.020000000000000018,0.06593375628346637,3.9129838089646567
swiping_session_2026-03-23T03_42_13Z.json,path,swiping,2026-03-23T03:41:38Z,unknown,moved,0.07329842931937172,0.575,7.281623959541321,0.016430020332336426,-0.0536649214659686,0.014999999999999902,0.05572184307745549,3.3914652538674965
swiping_session_2026-03-23T03_42_13Z.json,path,swiping,2026-03-23T03:41:38Z,unknown,moved,0.020942408376963352,0.5816666666666667,7.2983609437942505,0.016736984252929688,-0.05235602094240837,0.00666666666666671,0.05277875873271698,3.1534210664910223
swiping_session_2026-03-23T03_42_13Z.json,path,swiping,2026-03-23T03:41:38Z,unknown,moved,0.0,0.5866666666666667,7.314746975898743,0.016386032104492188,-0.020942408376963352,0.0050000000000000044,0.02153101178829051,1.3139856953159417
swiping_session_2026-03-23T03_42_13Z.json,path,swiping,2026-03-23T03:41:38Z,unknown,ended,0.0,0.59,7.331768989562988,0.017022013664245605,0.0,0.0033333333333332993,0.0033333333333332993,0.19582485357386936
swiping_session_2026-03-23T03_42_13Z.json,path,swiping,2026-03-23T03:41:38Z,unknown,began,0.3913612565445026,0.6216666666666667,7.566625952720642,0.2348569631576538,0.3913612565445026,0.03166666666666673,0.3926403072811931,1.671827405081548
swiping_session_2026-03-23T03_42_13Z.json,path,swiping,2026-03-23T03:41:38Z,unknown,moved,0.4607329842931937,0.6033333333333334,7.58304500579834,0.016419053077697754,0.0693717277486911,-0.018333333333333313,0.07175338125795626,4.370129076165784
swiping_session_2026-03-23T03_42_13Z.json,path,swiping,2026-03-23T03:41:38Z,unknown,moved,0.5418848167539267,0.5666666666666667,7.598421931266785,0.015376925468444824,0.08115183246073304,-0.036666666666666736,0.08905090878918269,5.791203772947013
swiping_session_2026-03-23T03_42_13Z.json,path,swiping,2026-03-23T03:41:38Z,unknown,moved,0.6178010471204188,0.5316666666666666,7.614689946174622,0.016268014907836914,0.07591623036649209,-0.03500000000000003,0.08359589722622933,5.138666131044547
swiping_session_2026-03-23T03_42_13Z.json,path,swiping,2026-03-23T03:41:38Z,unknown,moved,0.68717277486911,0.49833333333333335,7.631322979927063,0.016633033752441406,0.06937172774869116,-0.03333333333333327,0.07696458745390398,4.627212846400139
swiping_session_2026-03-23T03_42_13Z.json,path,swiping,2026-03-23T03:41:38Z,unknown,moved,0.7486910994764397,0.46,7.6483049392700195,0.016981959342956543,0.061518324607329755,-0.03833333333333333,0.07248412727581975,4.268301779080831
swiping_session_2026-03-23T03_42_13Z.json,path,swiping,2026-03-23T03:41:38Z,unknown,moved,0.8141361256544503,0.41833333333333333,7.664958953857422,0.016654014587402344,0.06544502617801051,-0.041666666666666685,0.07758326212883546,4.6585321347996205
swiping_session_2026-03-23T03_42_13Z.json,path,swiping,2026-03-23T03:41:38Z,unknown,moved,0.9175392670157068,0.3433333333333333,7.68165397644043,0.016695022583007812,0.1034031413612565,-0.07500000000000001,0.12773883373264372,7.65131242545645
swiping_session_2026-03-23T03_42_13Z.json,path,swiping,2026-03-23T03:41:38Z,unknown,ended,0.9659685863874345,0.31166666666666665,7.698073983192444,0.01642000675201416,0.048429319371727786,-0.031666666666666676,0.05786343191158459,3.5239590814715576
swiping_session_2026-03-23T03_42_13Z.json,path,swiping,2026-03-23T03:41:38Z,unknown,began,0.8010471204188482,0.6616666666666666,7.916139006614685,0.2180650234222412,-0.16492146596858637,0.35,0.3869096663786362,1.7742857625977901
swiping_session_2026-03-23T03_42_13Z.json,path,swiping,2026-03-23T03:41:38Z,unknown,moved,0.774869109947644,0.6433333333333333,7.933449983596802,0.0173109769821167,-0.02617801047120416,-0.018333333333333313,0.03195933890651659,1.8461892092822112
swiping_session_2026-03-23T03_42_13Z.json,path,swiping,2026-03-23T03:41:38Z,unknown,moved,0.7421465968586387,0.6216666666666667,7.948235034942627,0.014785051345825195,-0.03272251308900531,-0.021666666666666612,0.039245474991450494,2.6544023469037263
swiping_session_2026-03-23T03_42_13Z.json,path,swiping,2026-03-23T03:41:38Z,unknown,moved,0.7054973821989529,0.6,7.965203046798706,0.0169680118560791,-0.03664921465968585,-0.021666666666666723,0.04257475049388051,2.509118384345501
swiping_session_2026-03-23T03_42_13Z.json,path,swiping,2026-03-23T03:41:38Z,unknown,moved,0.6609947643979057,0.5766666666666667,7.981318950653076,0.016115903854370117,-0.04450261780104714,-0.023333333333333317,0.05024865605755562,3.117954569078035
swiping_session_2026-03-23T03_42_13Z.json,path,swiping,2026-03-23T03:41:38Z,unknown,moved,0.606020942408377,0.5483333333333333,7.9982969760894775,0.016978025436401367,-0.054973821989528715,-0.02833333333333332,0.06184576688759036,3.6426949128602013
swiping_session_2026-03-23T03_42_13Z.json,path,swiping,2026-03-23T03:41:38Z,unknown,moved,0.5418848167539267,0.525,8.01512598991394,0.01682901382446289,-0.06413612565445026,-0.023333333333333317,0.06824871470150831,4.05541973007955
swiping_session_2026-03-23T03_42_13Z.json,path,swiping,2026-03-23T03:41:38Z,unknown,moved,0.46335078534031415,0.49666666666666665,8.03179395198822,0.016667962074279785,-0.07853403141361259,-0.028333333333333377,0.08348875294225007,5.008935859716226
swiping_session_2026-03-23T03_42_13Z.json,path,swiping,2026-03-23T03:41:38Z,unknown,moved,0.3717277486910995,0.46166666666666667,8.047982931137085,0.016188979148864746,-0.09162303664921467,-0.034999999999999976,0.09808048146712645,6.0584722832263544
swiping_session_2026-03-23T03_42_13Z.json,path,swiping,2026-03-23T03:41:38Z,unknown,moved,0.2696335078534031,0.41833333333333333,8.065003991127014,0.0170210599899292,-0.10209424083769636,-0.043333333333333335,0.11090992647190479,6.51604110070269
swiping_session_2026-03-23T03_42_13Z.json,path,swiping,2026-03-23T03:41:38Z,unknown,moved,0.18586387434554974,0.37,8.08129596710205,0.01629197597503662,-0.08376963350785338,-0.04833333333333334,0.09671330109737328,5.9362536039558504
swiping_session_2026-03-23T03_42_13Z.json,path,swiping,2026-03-23T03:41:38Z,unknown,ended,0.1531413612565445,0.345,8.09828495979309,0.01698899269104004,-0.03272251308900523,-0.025000000000000022,0.04117964136390845,2.4239012937845636
swiping_session_2026-03-23T03_42_13Z.json,path,swiping,2026-03-23T03:41:38Z,unknown,began,0.856020942408377,0.215,8.366498947143555,0.26821398735046387,0.7028795811518325,-0.12999999999999998,0.7148004655847501,2.665037989427265
swiping_session_2026-03-23T03_42_13Z.json,path,swiping,2026-03-23T03:41:38Z,unknown,moved,0.8010471204188482,0.235,8.382650017738342,0.016151070594787598,-0.054973821989528826,0.01999999999999999,0.058498898315578585,3.621982702153368
swiping_session_2026-03-23T03_42_13Z.json,path,swiping,2026-03-23T03:41:38Z,unknown,moved,0.7238219895287958,0.29333333333333333,8.39876902103424,0.016119003295898438,-0.07722513089005234,0.05833333333333335,0.09678067275424106,6.004135055848484
swiping_session_2026-03-23T03_42_13Z.json,path,swiping,2026-03-23T03:41:38Z,unknown,moved,0.6348167539267016,0.37166666666666665,8.414919018745422,0.01614999771118164,-0.08900523560209428,0.07833333333333331,0.11856661872422364,7.341587339181642
swiping_session_2026-03-23T03_42_13Z.json,path,swiping,2026-03-23T03:41:38Z,unknown,moved,0.5405759162303665,0.4483333333333333,8.431812047958374,0.01689302921295166,-0.09424083769633507,0.07666666666666666,0.12148709094996367,7.19155158133635
swiping_session_2026-03-23T03_42_13Z.json,path,swiping,2026-03-23T03:41:38Z,unknown,moved,0.4489528795811518,0.525,8.448029041290283,0.01621699333190918,-0.09162303664921467,0.07666666666666672,0.11946781417018193,7.366828839666134
swiping_session_2026-03-23T03_42_13Z.json,path,swiping,2026-03-23T03:41:38Z,unknown,moved,0.3507853403141361,0.6083333333333333,8.464717030525208,0.016687989234924316,-0.09816753926701571,0.08333333333333326,0.12876843638945648,7.716234387302472
swiping_session_2026-03-23T03_42_13Z.json,path,swiping,2026-03-23T03:41:38Z,unknown,moved,0.24607329842931938,0.6916666666666667,8.48160696029663,0.01688992977142334,-0.10471204188481673,0.08333333333333337,0.13382472178238244,7.923343885585904
swiping_session_2026-03-23T03_42_13Z.json,path,swiping,2026-03-23T03:41:38Z,unknown,moved,0.1505235602094241,0.7633333333333333,8.498011946678162,0.01640498638153076,-0.09554973821989529,0.07166666666666666,0.1194397906269164,7.280700382743712
swiping_session_2026-03-23T03_42_13Z.json,path,swiping,2026-03-23T03:41:38Z,unknown,moved,0.11125654450261781,0.79,8.514894962310791,0.016883015632629395,-0.03926701570680628,0.026666666666666727,0.0474658786248573,2.811457363880014
swiping_session_2026-03-23T03_42_13Z.json,path,swiping,2026-03-23T03:41:38Z,unknown,ended,0.07591623036649214,0.82,8.515228033065796,0.0003330707550048828,-0.035340314136125664,0.029999999999999916,0.04635663710020431,139.17954789973896
swiping_session_2026-03-23T03_42_13Z.json,path,swiping,2026-03-23T03:41:38Z,unknown,began,0.756544502617801,0.16666666666666666,8.799484014511108,0.2842559814453125,0.6806282722513088,-0.6533333333333333,0.9434507350319072,3.319018056312796
swiping_session_2026-03-23T03_42_13Z.json,path,swiping,2026-03-23T03:41:38Z,unknown,moved,0.7028795811518325,0.17666666666666667,8.816049933433533,0.016565918922424316,-0.053664921465968574,0.010000000000000009,0.05458867827625592,3.2952399762359343
swiping_session_2026-03-23T03_42_13Z.json,path,swiping,2026-03-23T03:41:38Z,unknown,moved,0.6047120418848168,0.21666666666666667,8.83164894580841,0.01559901237487793,-0.09816753926701571,0.04000000000000001,0.10600408372200136,6.795563794328415
swiping_session_2026-03-23T03_42_13Z.json,path,swiping,2026-03-23T03:41:38Z,unknown,moved,0.49345549738219896,0.265,8.847952008247375,0.016303062438964844,-0.1112565445026178,0.04833333333333334,0.12130181287092986,7.440431104588953
swiping_session_2026-03-23T03_42_13Z.json,path,swiping,2026-03-23T03:41:38Z,unknown,moved,0.40575916230366493,0.31,8.864663004875183,0.016710996627807617,-0.08769633507853403,0.044999999999999984,0.09856798256130901,5.898390428568984
swiping_session_2026-03-23T03_42_13Z.json,path,swiping,2026-03-23T03:41:38Z,unknown,moved,0.3337696335078534,0.3383333333333333,8.881798028945923,0.017135024070739746,-0.07198952879581155,0.02833333333333332,0.07736452697471081,4.514993772714955
swiping_session_2026-03-23T03_42_13Z.json,path,swiping,2026-03-23T03:41:38Z,unknown,moved,0.25523560209424084,0.36333333333333334,8.897951006889343,0.01615297794342041,-0.07853403141361254,0.025000000000000022,0.08241719535433296,5.102291084840115
swiping_session_2026-03-23T03_42_13Z.json,path,swiping,2026-03-23T03:41:38Z,unknown,moved,0.18455497382198952,0.38166666666666665,8.915112972259521,0.017161965370178223,-0.07068062827225133,0.018333333333333313,0.07301960232753452,4.2547342773700185
swiping_session_2026-03-23T03_42_13Z.json,path,swiping,2026-03-23T03:41:38Z,unknown,moved,0.12827225130890052,0.38333333333333336,8.931326031684875,0.016213059425354004,-0.056282722513088995,0.0016666666666667052,0.05630739410826213,3.4729653812412824
swiping_session_2026-03-23T03_42_13Z.json,path,swiping,2026-03-23T03:41:38Z,unknown,moved,0.1099476439790576,0.38333333333333336,8.948231935501099,0.016905903816223145,-0.018324607329842924,0.0,0.018324607329842924,1.083917637828885
swiping_session_2026-03-23T03_42_13Z.json,path,swiping,2026-03-23T03:41:38Z,unknown,ended,0.10471204188481675,0.37833333333333335,8.948575973510742,0.0003440380096435547,-0.005235602094240843,-0.0050000000000000044,0.00723958073987846,21.042967744695208
swiping_session_2026-03-23T03_42_13Z.json,path,swiping,2026-03-23T03:41:38Z,unknown,began,0.7552356020942408,0.2866666666666667,9.182700037956238,0.2341240644454956,0.650523560209424,-0.09166666666666667,0.6569502874383433,2.8059921520424576
swiping_session_2026-03-23T03_42_13Z.json,path,swiping,2026-03-23T03:41:38Z,unknown,moved,0.6950261780104712,0.2783333333333333,9.200433015823364,0.017732977867126465,-0.060209424083769614,-0.00833333333333336,0.06078337924913077,3.427702876785939
swiping_session_2026-03-23T03_42_13Z.json,path,swiping,2026-03-23T03:41:38Z,unknown,moved,0.6178010471204188,0.27166666666666667,9.214828968048096,0.014395952224731445,-0.07722513089005234,-0.006666666666666654,0.07751235569527068,5.384315985858078
swiping_session_2026-03-23T03_42_13Z.json,path,swiping,2026-03-23T03:41:38Z,unknown,moved,0.5301047120418848,0.27166666666666667,9.231721043586731,0.016892075538635254,-0.08769633507853403,0.0,0.08769633507853403,5.191566594522771
swiping_session_2026-03-23T03_42_13Z.json,path,swiping,2026-03-23T03:41:38Z,unknown,moved,0.43586387434554974,0.27166666666666667,9.247902035713196,0.016180992126464844,-0.09424083769633507,0.0,0.09424083769633507,5.824169306788014
swiping_session_2026-03-23T03_42_13Z.json,path,swiping,2026-03-23T03:41:38Z,unknown,moved,0.3337696335078534,0.27166666666666667,9.264660954475403,0.01675891876220703,-0.10209424083769636,0.0,0.10209424083769636,6.0919348250514025
swiping_session_2026-03-23T03_42_13Z.json,path,swiping,2026-03-23T03:41:38Z,unknown,moved,0.2356020942408377,0.2633333333333333,9.281566977500916,0.016906023025512695,-0.09816753926701569,-0.00833333333333336,0.09852060804819218,5.8275448873762805
swiping_session_2026-03-23T03_42_13Z.json,path,swiping,2026-03-23T03:41:38Z,unknown,moved,0.168848167539267,0.255,9.298256993293762,0.01669001579284668,-0.06675392670157068,-0.008333333333333304,0.06727206830864586,4.030677330903341
swiping_session_2026-03-23T03_42_13Z.json,path,swiping,2026-03-23T03:41:38Z,unknown,moved,0.12958115183246074,0.255,9.315101027488708,0.01684403419494629,-0.03926701570680627,0.0,0.03926701570680627,2.331212063116539
swiping_session_2026-03-23T03_42_13Z.json,path,swiping,2026-03-23T03:41:38Z,unknown,moved,0.11125654450261781,0.25666666666666665,9.331344962120056,0.016243934631347656,-0.018324607329842937,0.0016666666666666496,0.0184002448780094,1.13274556291925
swiping_session_2026-03-23T03_42_13Z.json,path,swiping,2026-03-23T03:41:38Z,unknown,moved,0.11125654450261781,0.2916666666666667,9.347962975502014,0.016618013381958008,0.0,0.03500000000000003,0.03500000000000003,2.106148261861381
swiping_session_2026-03-23T03_42_13Z.json,path,swiping,2026-03-23T03:41:38Z,unknown,ended,0.14267015706806283,0.33666666666666667,9.364689946174622,0.016726970672607422,0.03141361256544502,0.044999999999999984,0.054880005962207073,3.2809291674122547
swiping_session_2026-03-23T03_42_13Z.json,path,swiping,2026-03-23T03:41:38Z,unknown,began,0.8115183246073299,0.6683333333333333,9.532232999801636,0.16754305362701416,0.668848167539267,0.33166666666666667,0.7465659039886654,4.455964528679757
swiping_session_2026-03-23T03_42_13Z.json,path,swiping,2026-03-23T03:41:38Z,unknown,moved,0.7709424083769634,0.6566666666666666,9.548578023910522,0.01634502410888672,-0.04057591623036649,-0.011666666666666714,0.042219854204447835,2.5830401915096033
swiping_session_2026-03-23T03_42_13Z.json,path,swiping,2026-03-23T03:41:38Z,unknown,moved,0.7054973821989529,0.6383333333333333,9.564849972724915,0.01627194881439209,-0.06544502617801051,-0.018333333333333313,0.06796442129932095,4.176784359056507
swiping_session_2026-03-23T03_42_13Z.json,path,swiping,2026-03-23T03:41:38Z,unknown,moved,0.612565445026178,0.6233333333333333,9.581547021865845,0.016697049140930176,-0.09293193717277481,-0.015000000000000013,0.09413471701069996,5.6378055916445495
swiping_session_2026-03-23T03_42_13Z.json,path,swiping,2026-03-23T03:41:38Z,unknown,moved,0.5039267015706806,0.6133333333333333,9.598212003707886,0.016664981842041016,-0.1086387434554974,-0.010000000000000009,0.10909801363723072,6.54654260480545
swiping_session_2026-03-23T03_42_13Z.json,path,swiping,2026-03-23T03:41:38Z,unknown,moved,0.3900523560209424,0.6016666666666667,9.614892959594727,0.01668095588684082,-0.11387434554973824,-0.011666666666666603,0.11447042275405599,6.862341914371872
swiping_session_2026-03-23T03_42_13Z.json,path,swiping,2026-03-23T03:41:38Z,unknown,moved,0.25392670157068065,0.5783333333333334,9.631732940673828,0.016839981079101562,-0.13612565445026176,-0.023333333333333317,0.138110963518312,8.201372844160014
swiping_session_2026-03-23T03_42_13Z.json,path,swiping,2026-03-23T03:41:38Z,unknown,moved,0.13219895287958114,0.5333333333333333,9.64844298362732,0.01671004295349121,-0.12172774869109951,-0.04500000000000004,0.12977921559866,7.766539916137402
swiping_session_2026-03-23T03_42_13Z.json,path,swiping,2026-03-23T03:41:38Z,unknown,moved,0.051047120418848166,0.485,9.664862036705017,0.016419053077697754,-0.08115183246073297,-0.04833333333333334,0.0944549152921434,5.752762649902321
swiping_session_2026-03-23T03_42_13Z.json,path,swiping,2026-03-23T03:41:38Z,unknown,moved,0.02617801047120419,0.47333333333333333,9.681488990783691,0.016626954078674316,-0.024869109947643978,-0.011666666666666659,0.027469687670214155,1.6521178527489107
swiping_session_2026-03-23T03_42_13Z.json,path,swiping,2026-03-23T03:41:38Z,unknown,ended,0.013089005235602094,0.4683333333333333,9.681864023208618,0.0003750324249267578,-0.013089005235602094,-0.0050000000000000044,0.014011497352446636,37.36076248655838
swiping_session_2026-03-23T03_42_13Z.json,path,swiping,2026-03-23T03:41:38Z,unknown,began,0.8455497382198953,0.7233333333333334,9.882717967033386,0.20085394382476807,0.8324607329842932,0.25500000000000006,0.8706410695348266,4.334697407258301
swiping_session_2026-03-23T03_42_13Z.json,path,swiping,2026-03-23T03:41:38Z,unknown,moved,0.8010471204188482,0.6983333333333334,9.899363040924072,0.016645073890686035,-0.04450261780104714,-0.025000000000000022,0.05104393197184244,3.0666089142689072
swiping_session_2026-03-23T03_42_13Z.json,path,swiping,2026-03-23T03:41:38Z,unknown,moved,0.7460732984293194,0.6816666666666666,9.914811968803406,0.015448927879333496,-0.054973821989528826,-0.01666666666666672,0.05744474633867037,3.718364587326216
swiping_session_2026-03-23T03_42_13Z.json,path,swiping,2026-03-23T03:41:38Z,unknown,moved,0.6740837696335078,0.6766666666666666,9.931522965431213,0.016710996627807617,-0.07198952879581155,-0.0050000000000000044,0.07216295626041785,4.318291593712398
swiping_session_2026-03-23T03_42_13Z.json,path,swiping,2026-03-23T03:41:38Z,unknown,moved,0.574607329842932,0.6766666666666666,9.948354005813599,0.016831040382385254,-0.09947643979057585,0.0,0.09947643979057585,5.910296543206219
swiping_session_2026-03-23T03_42_13Z.json,path,swiping,2026-03-23T03:41:38Z,unknown,moved,0.46596858638743455,0.6783333333333333,9.964892029762268,0.016538023948669434,-0.1086387434554974,0.0016666666666667052,0.10865152717457384,6.5698010543342695
swiping_session_2026-03-23T03_42_13Z.json,path,swiping,2026-03-23T03:41:38Z,unknown,moved,0.3586387434554974,0.68,9.98119604587555,0.01630401611328125,-0.10732984293193715,0.0016666666666667052,0.1073427825313471,6.583824610177224
swiping_session_2026-03-23T03_42_13Z.json,path,swiping,2026-03-23T03:41:38Z,unknown,moved,0.24607329842931938,0.6766666666666666,9.997972011566162,0.016775965690612793,-0.11256544502617802,-0.0033333333333334103,0.11261478821652428,6.7128647192894135
swiping_session_2026-03-23T03_42_13Z.json,path,swiping,2026-03-23T03:41:38Z,unknown,moved,0.14267015706806283,0.6433333333333333,10.015040040016174,0.017068028450012207,-0.10340314136125656,-0.033333333333333326,0.10864308884824252,6.365298087381897
swiping_session_2026-03-23T03_42_13Z.json,path,swiping,2026-03-23T03:41:38Z,unknown,moved,0.05366492146596859,0.595,10.031291007995605,0.016250967979431152,-0.08900523560209424,-0.04833333333333334,0.10128199778684964,6.232367075920785
swiping_session_2026-03-23T03_42_13Z.json,path,swiping,2026-03-23T03:41:38Z,unknown,ended,0.014397905759162303,0.5666666666666667,10.047997951507568,0.01670694351196289,-0.03926701570680628,-0.02833333333333332,0.04842185767085303,2.898307379574301
swiping_session_2026-03-23T03_42_13Z.json,path,swiping,2026-03-23T03:41:38Z,unknown,began,0.7997382198952879,0.43,10.2155259847641,0.16752803325653076,0.7853403141361256,-0.13666666666666666,0.7971431407126365,4.758267170080094
swiping_session_2026-03-23T03_42_13Z.json,path,swiping,2026-03-23T03:41:38Z,unknown,moved,0.7617801047120419,0.41833333333333333,10.231796979904175,0.016270995140075684,-0.03795811518324599,-0.011666666666666659,0.03971057314337934,2.4405743349754716
swiping_session_2026-03-23T03_42_13Z.json,path,swiping,2026-03-23T03:41:38Z,unknown,moved,0.7146596858638743,0.39666666666666667,10.248136043548584,0.01633906364440918,-0.047120418848167644,-0.021666666666666667,0.05186307276734765,3.1741765560166537
swiping_session_2026-03-23T03_42_13Z.json,path,swiping,2026-03-23T03:41:38Z,unknown,moved,0.6531413612565445,0.375,10.26486599445343,0.01672995090484619,-0.061518324607329755,-0.021666666666666667,0.06522230222046166,3.8985351834815374
swiping_session_2026-03-23T03_42_13Z.json,path,swiping,2026-03-23T03:41:38Z,unknown,moved,0.5732984293193717,0.35833333333333334,10.281208038330078,0.01634204387664795,-0.07984293193717285,-0.016666666666666663,0.08156391088037523,4.991047111122154
swiping_session_2026-03-23T03_42_13Z.json,path,swiping,2026-03-23T03:41:38Z,unknown,moved,0.4856020942408377,0.3466666666666667,10.298447012901306,0.017238974571228027,-0.08769633507853397,-0.011666666666666659,0.08846896799057632,5.131915916752477
swiping_session_2026-03-23T03_42_13Z.json,path,swiping,2026-03-23T03:41:38Z,unknown,moved,0.39528795811518325,0.335,10.314571022987366,0.01612401008605957,-0.09031413612565448,-0.011666666666666659,0.0910645611378782,5.64776136034611
swiping_session_2026-03-23T03_42_13Z.json,path,swiping,2026-03-23T03:41:38Z,unknown,moved,0.3089005235602094,0.31333333333333335,10.331714034080505,0.01714301109313965,-0.08638743455497383,-0.021666666666666667,0.0890630860313875,5.195300029119685
swiping_session_2026-03-23T03_42_13Z.json,path,swiping,2026-03-23T03:41:38Z,unknown,moved,0.2356020942408377,0.2816666666666667,10.348384976387024,0.016670942306518555,-0.07329842931937172,-0.031666666666666676,0.07984633691325302,4.789551510956406
swiping_session_2026-03-23T03_42_13Z.json,path,swiping,2026-03-23T03:41:38Z,unknown,moved,0.20157068062827224,0.24333333333333335,10.36459493637085,0.016209959983825684,-0.03403141361256545,-0.03833333333333333,0.05125994105453058,3.1622496974500742
swiping_session_2026-03-23T03_42_13Z.json,path,swiping,2026-03-23T03:41:38Z,unknown,moved,0.2198952879581152,0.23166666666666666,10.38119900226593,0.016604065895080566,0.01832460732984295,-0.011666666666666686,0.021723313396073942,1.3083128875385939
swiping_session_2026-03-23T03_42_13Z.json,path,swiping,2026-03-23T03:41:38Z,unknown,ended,0.28403141361256545,0.24666666666666667,10.398313999176025,0.017114996910095215,0.06413612565445026,0.015000000000000013,0.06586685520019483,3.8484877062024783
swiping_session_2026-03-23T03_42_13Z.json,path,swiping,2026-03-23T03:41:38Z,unknown,began,0.8612565445026178,0.32666666666666666,10.54896104335785,0.15064704418182373,0.5772251308900523,0.07999999999999999,0.5827425261048297,3.868263922931588
swiping_session_2026-03-23T03_42_13Z.json,path,swiping,2026-03-23T03:41:38Z,unknown,moved,0.8429319371727748,0.325,10.564738035202026,0.015776991844177246,-0.01832460732984298,-0.0016666666666666496,0.018400244878009443,1.1662707986250465
swiping_session_2026-03-23T03_42_13Z.json,path,swiping,2026-03-23T03:41:38Z,unknown,moved,0.8206806282722513,0.32166666666666666,10.565559983253479,0.0008219480514526367,-0.022251308900523514,-0.003333333333333355,0.022499596860780156,27.3735022803648
swiping_session_2026-03-23T03_42_13Z.json,path,swiping,2026-03-23T03:41:38Z,unknown,moved,0.7735602094240838,0.315,10.581509947776794,0.01594996452331543,-0.04712041884816753,-0.006666666666666654,0.04758968708524134,2.983686077525465
swiping_session_2026-03-23T03_42_13Z.json,path,swiping,2026-03-23T03:41:38Z,unknown,moved,0.725130890052356,0.30833333333333335,10.598464012145996,0.01695406436920166,-0.048429319371727786,-0.006666666666666654,0.04888602478473017,2.883439847824061
swiping_session_2026-03-23T03_42_13Z.json,path,swiping,2026-03-23T03:41:38Z,unknown,moved,0.6714659685863874,0.305,10.615072011947632,0.016607999801635742,-0.053664921465968574,-0.003333333333333355,0.05376834484210655,3.2374967175042255
swiping_session_2026-03-23T03_42_13Z.json,path,swiping,2026-03-23T03:41:38Z,unknown,moved,0.6099476439790575,0.30333333333333334,10.631201028823853,0.016129016876220703,-0.061518324607329866,-0.0016666666666666496,0.06154089729822425,3.8155392712717098
swiping_session_2026-03-23T03_42_13Z.json,path,swiping,2026-03-23T03:41:38Z,unknown,moved,0.5392670157068062,0.29833333333333334,10.648378014564514,0.01717698574066162,-0.0706806282722513,-0.0050000000000000044,0.07085725942315417,4.1251276849709315
swiping_session_2026-03-23T03_42_13Z.json,path,swiping,2026-03-23T03:41:38Z,unknown,moved,0.450261780104712,0.2866666666666667,10.664523959159851,0.016145944595336914,-0.08900523560209422,-0.011666666666666659,0.08976660334275444,5.559699701228988
swiping_session_2026-03-23T03_42_13Z.json,path,swiping,2026-03-23T03:41:38Z,unknown,moved,0.3468586387434555,0.255,10.681506037712097,0.016982078552246094,-0.1034031413612565,-0.031666666666666676,0.10814336512774962,6.368087675194878
swiping_session_2026-03-23T03_42_13Z.json,path,swiping,2026-03-23T03:41:38Z,unknown,moved,0.22774869109947643,0.195,10.697929978370667,0.016423940658569336,-0.11910994764397909,-0.06,0.13336858561052314,8.120376734370195
swiping_session_2026-03-23T03_42_13Z.json,path,swiping,2026-03-23T03:41:38Z,unknown,ended,0.17015706806282724,0.15666666666666668,10.714951038360596,0.0170210599899292,-0.05759162303664919,-0.03833333333333333,0.06918265308905076,4.0645325925637925
swiping_session_2026-03-23T03_42_13Z.json,path,swiping,2026-03-23T03:41:38Z,unknown,began,0.8664921465968587,0.34,10.915887951850891,0.2009369134902954,0.6963350785340314,0.18333333333333335,0.7200650336657841,3.583537843585723
swiping_session_2026-03-23T03_42_13Z.json,path,swiping,2026-03-23T03:41:38Z,unknown,moved,0.819371727748691,0.3383333333333333,10.932548999786377,0.01666104793548584,-0.047120418848167644,-0.0016666666666667052,0.047149884943704055,2.829947139356163
swiping_session_2026-03-23T03_42_13Z.json,path,swiping,2026-03-23T03:41:38Z,unknown,moved,0.7552356020942408,0.3233333333333333,10.948145985603333,0.015596985816955566,-0.06413612565445026,-0.015000000000000013,0.06586685520019483,4.2230502722257155
swiping_session_2026-03-23T03_42_13Z.json,path,swiping,2026-03-23T03:41:38Z,unknown,moved,0.6858638743455497,0.30666666666666664,10.964568018913269,0.016422033309936523,-0.06937172774869105,-0.016666666666666663,0.07134573840543168,4.344513073314881
swiping_session_2026-03-23T03_42_13Z.json,path,swiping,2026-03-23T03:41:38Z,unknown,moved,0.6047120418848168,0.29333333333333333,10.981498956680298,0.01693093776702881,-0.08115183246073299,-0.013333333333333308,0.0822398789487962,4.857372939433371
swiping_session_2026-03-23T03_42_13Z.json,path,swiping,2026-03-23T03:41:38Z,unknown,moved,0.5130890052356021,0.2816666666666667,10.998319029808044,0.016820073127746582,-0.09162303664921467,-0.011666666666666659,0.09236282778225473,5.491226291394177
swiping_session_2026-03-23T03_42_13Z.json,path,swiping,2026-03-23T03:41:38Z,unknown,moved,0.4109947643979058,0.27,11.014587998390198,0.01626896858215332,-0.1020942408376963,-0.011666666666666659,0.1027586741999752,6.316237792277691
swiping_session_2026-03-23T03_42_13Z.json,path,swiping,2026-03-23T03:41:38Z,unknown,moved,0.2931937172774869,0.25833333333333336,11.031589031219482,0.017001032829284668,-0.11780104712041889,-0.011666666666666659,0.11837735346669254,6.962950701605895
swiping_session_2026-03-23T03_42_13Z.json,path,swiping,2026-03-23T03:41:38Z,unknown,moved,0.17670157068062828,0.24,11.048336029052734,0.016746997833251953,-0.11649214659685861,-0.018333333333333368,0.11792595698087469,7.041617736805766
swiping_session_2026-03-23T03_42_13Z.json,path,swiping,2026-03-23T03:41:38Z,unknown,ended,0.12958115183246074,0.22666666666666666,11.064469933509827,0.016133904457092285,-0.04712041884816753,-0.013333333333333336,0.04897051817373919,3.0352552479763997
swiping_session_2026-03-23T03_42_13Z.json,path,swiping,2026-03-23T03:41:38Z,unknown,began,0.6910994764397905,0.5383333333333333,11.249248027801514,0.184778094291687,0.5615183246073298,0.31166666666666665,0.642214092013663,3.4755964687019483
swiping_session_2026-03-23T03_42_13Z.json,path,swiping,2026-03-23T03:41:38Z,unknown,moved,0.6924083769633508,0.4216666666666667,11.266364932060242,0.017116904258728027,0.0013089005235602524,-0.11666666666666664,0.11667400880955313,6.8163031729327015
swiping_session_2026-03-23T03_42_13Z.json,path,swiping,2026-03-23T03:41:38Z,unknown,moved,0.6976439790575916,0.2966666666666667,11.281360030174255,0.014995098114013672,0.005235602094240788,-0.125,0.1251095980702089,8.343366420076153
swiping_session_2026-03-23T03_42_13Z.json,path,swiping,2026-03-23T03:41:38Z,unknown,moved,0.7002617801047121,0.18,11.298362016677856,0.017001986503601074,0.002617801047120505,-0.1166666666666667,0.11669603246654714,6.86367045649816
swiping_session_2026-03-23T03_42_13Z.json,path,swiping,2026-03-23T03:41:38Z,unknown,moved,0.7002617801047121,0.07333333333333333,11.314559936523438,0.016197919845581055,0.0,-0.10666666666666666,0.10666666666666666,6.585207710838644
swiping_session_2026-03-23T03_42_13Z.json,path,swiping,2026-03-23T03:41:38Z,unknown,moved,0.6767015706806283,0.0,11.331249952316284,0.01669001579284668,-0.023560209424083767,-0.07333333333333333,0.07702506894436684,4.615038709392935
swiping_session_2026-03-23T03_42_13Z.json,path,swiping,2026-03-23T03:41:38Z,unknown,moved,0.6361256544502618,0.0,11.34815800189972,0.01690804958343506,-0.04057591623036649,0.0,0.04057591623036649,2.399798748527389
swiping_session_2026-03-23T03_42_13Z.json,path,swiping,2026-03-23T03:41:38Z,unknown,ended,0.6151832460732984,0.0,11.364791989326477,0.016633987426757812,-0.020942408376963373,0.0,0.020942408376963373,1.2590131181219324
swiping_session_2026-03-23T03_42_13Z.json,path,swiping,2026-03-23T03:41:38Z,unknown,began,0.5549738219895288,0.42,11.565894961357117,0.20110297203063965,-0.060209424083769614,0.42,0.4242937364002669,2.1098332466992202
swiping_session_2026-03-23T03_42_13Z.json,path,swiping,2026-03-23T03:41:38Z,unknown,moved,0.5405759162303665,0.345,11.581894993782043,0.016000032424926758,-0.014397905759162333,-0.07500000000000001,0.07636949450042027,4.773083733345613
swiping_session_2026-03-23T03_42_13Z.json,path,swiping,2026-03-23T03:41:38Z,unknown,moved,0.5340314136125655,0.25833333333333336,11.598075032234192,0.016180038452148438,-0.00654450261780104,-0.08666666666666661,0.08691341453208191,5.37164449819594
swiping_session_2026-03-23T03_42_13Z.json,path,swiping,2026-03-23T03:41:38Z,unknown,moved,0.5314136125654451,0.17333333333333334,11.614763021469116,0.016687989234924316,-0.002617801047120394,-0.08500000000000002,0.08504030151829371,5.0958986323123305
swiping_session_2026-03-23T03_42_13Z.json,path,swiping,2026-03-23T03:41:38Z,unknown,moved,0.5301047120418848,0.09,11.631242990493774,0.016479969024658203,-0.0013089005235602524,-0.08333333333333334,0.08334361202290803,5.057267516595748
swiping_session_2026-03-23T03_42_13Z.json,path,swiping,2026-03-23T03:41:38Z,unknown,moved,0.5209424083769634,0.0016666666666666668,11.648149013519287,0.016906023025512695,-0.009162303664921434,-0.08833333333333333,0.08880723836617153,5.2529940502360315
swiping_session_2026-03-23T03_42_13Z.json,path,swiping,2026-03-23T03:41:38Z,unknown,moved,0.5026178010471204,0.0,11.664752960205078,0.016603946685791016,-0.01832460732984298,-0.0016666666666666668,0.018400244878009446,1.1081850132508333
swiping_session_2026-03-23T03_42_13Z.json,path,swiping,2026-03-23T03:41:38Z,unknown,moved,0.4895287958115183,0.0,11.681627988815308,0.016875028610229492,-0.01308900523560208,0.0,0.01308900523560208,0.775643439660164
swiping_session_2026-03-23T03_42_13Z.json,path,swiping,2026-03-23T03:41:38Z,unknown,ended,0.4738219895287958,0.0,11.681993961334229,0.00036597251892089844,-0.01570680628272253,0.0,0.01570680628272253,42.917993758207324
swiping_session_2026-03-23T03_42_13Z.json,path,swiping,2026-03-23T03:41:38Z,unknown,began,0.4096858638743455,0.7416666666666667,11.899196982383728,0.2172030210494995,-0.06413612565445026,0.7416666666666667,0.7444346089875241,3.4273676553415484
swiping_session_2026-03-23T03_42_13Z.json,path,swiping,2026-03-23T03:41:38Z,unknown,moved,0.4096858638743455,0.6683333333333333,11.915485978126526,0.01628899574279785,0.0,-0.07333333333333336,0.07333333333333336,4.502016851822038
swiping_session_2026-03-23T03_42_13Z.json,path,swiping,2026-03-23T03:41:38Z,unknown,moved,0.4096858638743455,0.565,11.931550025939941,0.016064047813415527,0.0,-0.10333333333333339,0.10333333333333339,6.432583775493801
swiping_session_2026-03-23T03_42_13Z.json,path,swiping,2026-03-23T03:41:38Z,unknown,moved,0.41361256544502617,0.43,11.947788000106812,0.016237974166870117,0.003926701570680646,-0.13499999999999995,0.13505709527908993,8.317361136997196
swiping_session_2026-03-23T03_42_13Z.json,path,swiping,2026-03-23T03:41:38Z,unknown,moved,0.42408376963350786,0.25833333333333336,11.964951992034912,0.017163991928100586,0.010471204188481686,-0.17166666666666663,0.17198572778460808,10.020147323830656
swiping_session_2026-03-23T03_42_13Z.json,path,swiping,2026-03-23T03:41:38Z,unknown,moved,0.42539267015706805,0.08666666666666667,11.981186032295227,0.01623404026031494,0.001308900523560197,-0.1716666666666667,0.17167165655700137,10.5747955409882
swiping_session_2026-03-23T03_42_13Z.json,path,swiping,2026-03-23T03:41:38Z,unknown,moved,0.3913612565445026,0.0,11.997795939445496,0.016609907150268555,-0.03403141361256545,-0.08666666666666667,0.09310879777754956,5.605618197332556
swiping_session_2026-03-23T03_42_13Z.json,path,swiping,2026-03-23T03:41:38Z,unknown,moved,0.3704188481675393,0.0,12.01491403579712,0.017118096351623535,-0.020942408376963317,0.0,0.020942408376963317,1.223407553432603
swiping_session_2026-03-23T03_42_13Z.json,path,swiping,2026-03-23T03:41:38Z,unknown,ended,0.35340314136125656,0.0,12.015282988548279,0.00036895275115966797,-0.017015706806282727,0.0,0.017015706806282727,46.11893190334014
swiping_session_2026-03-23T03_42_13Z.json,path,swiping,2026-03-23T03:41:38Z,unknown,began,0.1387434554973822,0.8316666666666667,12.21611201763153,0.20082902908325195,-0.21465968586387435,0.8316666666666667,0.8589227119942875,4.276885248686973
swiping_session_2026-03-23T03_42_13Z.json,path,swiping,2026-03-23T03:41:38Z,unknown,moved,0.1387434554973822,0.7916666666666666,12.23373293876648,0.01762092113494873,0.0,-0.040000000000000036,0.040000000000000036,2.270028887460679
swiping_session_2026-03-23T03_42_13Z.json,path,swiping,2026-03-23T03:41:38Z,unknown,moved,0.14136125654450263,0.7166666666666667,12.248441934585571,0.014708995819091797,0.0026178010471204216,-0.07499999999999996,0.07504567197595274,5.102025515470329
swiping_session_2026-03-23T03_42_13Z.json,path,swiping,2026-03-23T03:41:38Z,unknown,moved,0.16230366492146597,0.6133333333333333,12.264940977096558,0.016499042510986328,0.020942408376963345,-0.10333333333333339,0.10543416071845639,6.390319962400863
swiping_session_2026-03-23T03_42_13Z.json,path,swiping,2026-03-23T03:41:38Z,unknown,moved,0.193717277486911,0.48833333333333334,12.281592965126038,0.01665198802947998,0.03141361256544503,-0.12499999999999994,0.1288868304149492,7.7400266074401065
swiping_session_2026-03-23T03_42_13Z.json,path,swiping,2026-03-23T03:41:38Z,unknown,moved,0.2342931937172775,0.37333333333333335,12.297737956047058,0.016144990921020508,0.04057591623036649,-0.11499999999999999,0.12194837013233804,7.5533254077934044
swiping_session_2026-03-23T03_42_13Z.json,path,swiping,2026-03-23T03:41:38Z,unknown,moved,0.27225130890052357,0.2783333333333333,12.314743041992188,0.017005085945129395,0.03795811518324607,-0.09500000000000003,0.10230258309673604,6.015999179706445
swiping_session_2026-03-23T03_42_13Z.json,path,swiping,2026-03-23T03:41:38Z,unknown,moved,0.30497382198952877,0.225,12.33141303062439,0.01666998863220215,0.0327225130890052,-0.053333333333333316,0.06257161742599082,3.7535488959553627
swiping_session_2026-03-23T03_42_13Z.json,path,swiping,2026-03-23T03:41:38Z,unknown,moved,0.3206806282722513,0.21,12.34774398803711,0.016330957412719727,0.01570680628272253,-0.015000000000000013,0.021718742219635382,1.329912366480073
swiping_session_2026-03-23T03_42_13Z.json,path,swiping,2026-03-23T03:41:38Z,unknown,ended,0.3494764397905759,0.20333333333333334,12.34802794456482,0.00028395652770996094,0.02879581151832461,-0.006666666666666654,0.029557456004252473,104.09148274429904
swiping_session_2026-03-23T03_42_13Z.json,path,swiping,2026-03-23T03:41:38Z,unknown,began,0.8442408376963351,0.7416666666666667,12.51534104347229,0.1673130989074707,0.49476439790575916,0.5383333333333333,0.7311597549187361,4.370009041091815
swiping_session_2026-03-23T03_42_13Z.json,path,swiping,2026-03-23T03:41:38Z,unknown,moved,0.8036649214659686,0.6716666666666666,12.531774997711182,0.0164339542388916,-0.04057591623036649,-0.07000000000000006,0.08090985711230571,4.923334696942829
swiping_session_2026-03-23T03_42_13Z.json,path,swiping,2026-03-23T03:41:38Z,unknown,moved,0.7486910994764397,0.585,12.548177003860474,0.016402006149291992,-0.054973821989528826,-0.08666666666666667,0.10263153616334267,6.257255071677489
swiping_session_2026-03-23T03_42_13Z.json,path,swiping,2026-03-23T03:41:38Z,unknown,moved,0.6701570680628273,0.485,12.56444501876831,0.016268014907836914,-0.07853403141361248,-0.09999999999999998,0.1271518544500011,7.816064539549154
swiping_session_2026-03-23T03_42_13Z.json,path,swiping,2026-03-23T03:41:38Z,unknown,moved,0.5575916230366492,0.39,12.581161975860596,0.016716957092285156,-0.11256544502617805,-0.09499999999999997,0.14729555123608284,8.81114609692092
swiping_session_2026-03-23T03_42_13Z.json,path,swiping,2026-03-23T03:41:38Z,unknown,moved,0.4280104712041885,0.30333333333333334,12.598145008087158,0.0169830322265625,-0.12958115183246072,-0.08666666666666667,0.15589222566035277,9.179292813007079
swiping_session_2026-03-23T03_42_13Z.json,path,swiping,2026-03-23T03:41:38Z,unknown,moved,0.2931937172774869,0.22,12.614740014076233,0.016595005989074707,-0.13481675392670162,-0.08333333333333334,0.15849290704563804,9.550638737339508
swiping_session_2026-03-23T03_42_13Z.json,path,swiping,2026-03-23T03:41:38Z,unknown,moved,0.1649214659685864,0.13833333333333334,12.631433963775635,0.016693949699401855,-0.1282722513089005,-0.08166666666666667,0.15206319377251737,9.108880553172254
swiping_session_2026-03-23T03_42_13Z.json,path,swiping,2026-03-23T03:41:38Z,unknown,moved,0.10732984293193717,0.095,12.647716045379639,0.016282081604003906,-0.05759162303664922,-0.043333333333333335,0.07207338497512991,4.426546109276742
swiping_session_2026-03-23T03_42_13Z.json,path,swiping,2026-03-23T03:41:38Z,unknown,ended,0.04450261780104712,0.045,12.648002028465271,0.0002859830856323242,-0.06282722513089006,-0.05,0.08029483306942947,280.7677695059944
swiping_session_2026-03-23T03_42_13Z.json,path,swiping,2026-03-23T03:41:38Z,unknown,began,0.9384816753926701,0.03166666666666667,12.882486939430237,0.23448491096496582,0.893979057591623,-0.013333333333333329,0.8940784826793363,3.8129467648897877
swiping_session_2026-03-23T03_42_13Z.json,path,swiping,2026-03-23T03:41:38Z,unknown,moved,0.9175392670157068,0.03166666666666667,12.899464011192322,0.01697707176208496,-0.020942408376963373,0.0,0.020942408376963373,1.2335701156505818
swiping_session_2026-03-23T03_42_13Z.json,path,swiping,2026-03-23T03:41:38Z,unknown,moved,0.8730366492146597,0.055,12.914628982543945,0.015164971351623535,-0.04450261780104703,0.02333333333333333,0.05024865605755553,3.313468577847066
swiping_session_2026-03-23T03_42_13Z.json,path,swiping,2026-03-23T03:41:38Z,unknown,moved,0.7971204188481675,0.12,12.931419014930725,0.016790032386779785,-0.0759162303664922,0.065,0.0999413529679197,5.952421690777202
swiping_session_2026-03-23T03_42_13Z.json,path,swiping,2026-03-23T03:41:38Z,unknown,moved,0.7041884816753927,0.19333333333333333,12.947824954986572,0.016405940055847168,-0.09293193717277481,0.07333333333333333,0.11838126002227863,7.215755977365459
swiping_session_2026-03-23T03_42_13Z.json,path,swiping,2026-03-23T03:41:38Z,unknown,moved,0.587696335078534,0.26666666666666666,12.964422941207886,0.016597986221313477,-0.11649214659685869,0.07333333333333333,0.13765245365238427,8.293322564373787
swiping_session_2026-03-23T03_42_13Z.json,path,swiping,2026-03-23T03:41:38Z,unknown,moved,0.450261780104712,0.34833333333333333,12.981380939483643,0.016957998275756836,-0.137434554973822,0.08166666666666667,0.15986776205757353,9.427277881383004
swiping_session_2026-03-23T03_42_13Z.json,path,swiping,2026-03-23T03:41:38Z,unknown,moved,0.2892670157068063,0.44666666666666666,12.997794032096863,0.016413092613220215,-0.16099476439790572,0.09833333333333333,0.18864983065982757,11.493862558715854
swiping_session_2026-03-23T03_42_13Z.json,path,swiping,2026-03-23T03:41:38Z,unknown,moved,0.12041884816753927,0.5283333333333333,13.01448404788971,0.01669001579284668,-0.168848167539267,0.08166666666666667,0.18756105172933113,11.237919367920524
swiping_session_2026-03-23T03_42_13Z.json,path,swiping,2026-03-23T03:41:38Z,unknown,moved,0.0,0.5666666666666667,13.031589031219482,0.01710498332977295,-0.12041884816753927,0.03833333333333333,0.1263730328766439,7.38808278501382
swiping_session_2026-03-23T03_42_13Z.json,path,swiping,2026-03-23T03:41:38Z,unknown,ended,0.0,0.575,13.047845005989075,0.016255974769592285,0.0,0.008333333333333304,0.008333333333333304,0.5126320292352614
swiping_session_2026-03-23T03_42_13Z.json,path,swiping,2026-03-23T03:41:38Z,unknown,began,0.8678010471204188,0.03333333333333333,13.282433986663818,0.23458898067474365,0.8678010471204188,-0.5416666666666666,1.0229767520139805,4.360719540498504
swiping_session_2026-03-23T03_42_13Z.json,path,swiping,2026-03-23T03:41:38Z,unknown,moved,0.7984293193717278,0.08666666666666667,13.299378991127014,0.0169450044631958,-0.06937172774869105,0.05333333333333334,0.08750360595588594,5.163976565833426
swiping_session_2026-03-23T03_42_13Z.json,path,swiping,2026-03-23T03:41:38Z,unknown,moved,0.7146596858638743,0.16166666666666665,13.314736008644104,0.015357017517089844,-0.08376963350785349,0.07499999999999998,0.11243821191232137,7.321617741673868
swiping_session_2026-03-23T03_42_13Z.json,path,swiping,2026-03-23T03:41:38Z,unknown,moved,0.5981675392670157,0.25166666666666665,13.331565976142883,0.016829967498779297,-0.11649214659685858,0.09,0.147208764069073,8.746824025640588
swiping_session_2026-03-23T03_42_13Z.json,path,swiping,2026-03-23T03:41:38Z,unknown,moved,0.450261780104712,0.3283333333333333,13.347777009010315,0.01621103286743164,-0.1479057591623037,0.07666666666666666,0.16659499203504036,10.276642666596139
swiping_session_2026-03-23T03_42_13Z.json,path,swiping,2026-03-23T03:41:38Z,unknown,moved,0.27225130890052357,0.3516666666666667,13.364447951316833,0.016670942306518555,-0.17801047120418845,0.023333333333333373,0.17953320668550887,10.769229680274826
swiping_session_2026-03-23T03_42_13Z.json,path,swiping,2026-03-23T03:41:38Z,unknown,moved,0.07460732984293193,0.30333333333333334,13.38157594203949,0.01712799072265625,-0.19764397905759162,-0.04833333333333334,0.20346806523095665,11.879272269911782
swiping_session_2026-03-23T03_42_13Z.json,path,swiping,2026-03-23T03:41:38Z,unknown,ended,0.0693717277486911,0.2966666666666667,13.397737979888916,0.01616203784942627,-0.005235602094240829,-0.006666666666666654,0.00847679029666673,0.5244877147078112
swiping_session_2026-03-23T03_42_13Z.json,path,swiping,2026-03-23T03:41:38Z,unknown,began,0.8416230366492147,0.345,13.615239024162292,0.21750104427337646,0.7722513089005236,0.048333333333333284,0.7737623635262205,3.557511027642151
swiping_session_2026-03-23T03_42_13Z.json,path,swiping,2026-03-23T03:41:38Z,unknown,moved,0.768324607329843,0.31166666666666665,13.631628036499023,0.016389012336730957,-0.0732984293193717,-0.033333333333333326,0.08052186567509498,4.913161575614282
swiping_session_2026-03-23T03_42_13Z.json,path,swiping,2026-03-23T03:41:38Z,unknown,moved,0.7028795811518325,0.2916666666666667,13.647941946983337,0.016313910484313965,-0.06544502617801051,-0.019999999999999962,0.06843282437135324,4.194752964787461
swiping_session_2026-03-23T03_42_13Z.json,path,swiping,2026-03-23T03:41:38Z,unknown,moved,0.6164921465968587,0.28833333333333333,13.664371967315674,0.016430020332336426,-0.08638743455497377,-0.003333333333333355,0.08645172039989134,5.261814571814197
swiping_session_2026-03-23T03_42_13Z.json,path,swiping,2026-03-23T03:41:38Z,unknown,moved,0.4856020942408377,0.28833333333333333,13.68111002445221,0.016738057136535645,-0.13089005235602097,0.0,0.13089005235602097,7.819907130697722
swiping_session_2026-03-23T03_42_13Z.json,path,swiping,2026-03-23T03:41:38Z,unknown,moved,0.3023560209424084,0.285,13.697759985923767,0.016649961471557617,-0.18324607329842935,-0.003333333333333355,0.1832763882511996,11.00761635780854
swiping_session_2026-03-23T03_42_13Z.json,path,swiping,2026-03-23T03:41:38Z,unknown,moved,0.20026178010471204,0.25166666666666665,13.714818954467773,0.017058968544006348,-0.10209424083769633,-0.033333333333333326,0.1073980685270301,6.295695325891454
swiping_session_2026-03-23T03_42_13Z.json,path,swiping,2026-03-23T03:41:38Z,unknown,ended,0.1950261780104712,0.245,13.715183973312378,0.0003650188446044922,-0.005235602094240843,-0.006666666666666654,0.00847679029666674,23.222884029046696
swiping_session_2026-03-23T03_42_13Z.json,path,swiping,2026-03-23T03:41:38Z,unknown,began,0.8612565445026178,0.4633333333333333,13.931949973106384,0.21676599979400635,0.6662303664921466,0.21833333333333332,0.7010936782489944,3.2343341617931163
swiping_session_2026-03-23T03_42_13Z.json,path,swiping,2026-03-23T03:41:38Z,unknown,moved,0.7918848167539267,0.4216666666666667,13.94828200340271,0.016332030296325684,-0.06937172774869105,-0.04166666666666663,0.08092309758004583,4.954870650604389
swiping_session_2026-03-23T03_42_13Z.json,path,swiping,2026-03-23T03:41:38Z,unknown,moved,0.7198952879581152,0.39,13.964645981788635,0.016363978385925293,-0.07198952879581155,-0.031666666666666676,0.07864648774116209,4.806073797360071
swiping_session_2026-03-23T03_42_13Z.json,path,swiping,2026-03-23T03:41:38Z,unknown,moved,0.6243455497382199,0.36833333333333335,13.980999946594238,0.016353964805603027,-0.09554973821989532,-0.021666666666666667,0.09797549141665464,5.990932020538976
swiping_session_2026-03-23T03_42_13Z.json,path,swiping,2026-03-23T03:41:38Z,unknown,moved,0.47643979057591623,0.3416666666666667,13.99776303768158,0.01676309108734131,-0.14790575916230364,-0.026666666666666672,0.1502904677765309,8.965558141602125
swiping_session_2026-03-23T03_42_13Z.json,path,swiping,2026-03-23T03:41:38Z,unknown,moved,0.2617801047120419,0.27666666666666667,14.014672994613647,0.01690995693206787,-0.21465968586387435,-0.065,0.22428504349415995,13.263489930528921
swiping_session_2026-03-23T03_42_13Z.json,path,swiping,2026-03-23T03:41:38Z,unknown,ended,0.12827225130890052,0.19,14.031512975692749,0.016839981079101562,-0.13350785340314136,-0.08666666666666667,0.15917115954665215,9.451979714168667
swiping_session_2026-03-23T03_42_13Z.json,path,swiping,2026-03-23T03:41:38Z,unknown,began,0.6963350785340314,0.7333333333333333,14.265272974967957,0.23375999927520752,0.5680628272251309,0.5433333333333332,0.7860702810729585,3.362723663202581
swiping_session_2026-03-23T03_42_13Z.json,path,swiping,2026-03-23T03:41:38Z,unknown,moved,0.6465968586387435,0.695,14.281551003456116,0.01627802848815918,-0.04973821989528793,-0.03833333333333333,0.06279597887441886,3.857714029687155
swiping_session_2026-03-23T03_42_13Z.json,path,swiping,2026-03-23T03:41:38Z,unknown,moved,0.5772251308900523,0.64,14.297979950904846,0.01642894744873047,-0.06937172774869116,-0.05499999999999994,0.08852929803651738,5.388616544838872
swiping_session_2026-03-23T03_42_13Z.json,path,swiping,2026-03-23T03:41:38Z,unknown,moved,0.49476439790575916,0.5766666666666667,14.314469933509827,0.01648998260498047,-0.08246073298429318,-0.06333333333333335,0.10397539899138647,6.305367415001565
swiping_session_2026-03-23T03_42_13Z.json,path,swiping,2026-03-23T03:41:38Z,unknown,moved,0.36518324607329844,0.48,14.331053018569946,0.01658308506011963,-0.12958115183246072,-0.09666666666666668,0.16166545504427246,9.748816607897579
swiping_session_2026-03-23T03_42_13Z.json,path,swiping,2026-03-23T03:41:38Z,unknown,moved,0.2591623036649215,0.4083333333333333,14.347901940345764,0.01684892177581787,-0.10602094240837695,-0.07166666666666666,0.12797090036516698,7.59519820127808
swiping_session_2026-03-23T03_42_13Z.json,path,swiping,2026-03-23T03:41:38Z,unknown,ended,0.13089005235602094,0.3,14.348243951797485,0.0003420114517211914,-0.12827225130890055,-0.10833333333333334,0.16789842633855998,490.9146331024939
swiping_session_2026-03-23T03_42_13Z.json,path,swiping,2026-03-23T03:41:38Z,unknown,began,0.34424083769633507,0.6833333333333333,14.475253939628601,0.12700998783111572,0.21335078534031413,0.38333333333333336,0.438706054266149,3.454106734105772
swiping_session_2026-03-23T03_42_13Z.json,path,swiping,2026-03-23T03:41:38Z,unknown,ended,0.4083769633507853,0.7866666666666666,14.488451957702637,0.013198018074035645,0.06413612565445026,0.10333333333333328,0.1216191612853057,9.214956412627295
swiping_session_2026-03-23T03_42_13Z.json,path,swiping,2026-03-23T03:41:38Z,unknown,began,0.4214659685863874,0.9966666666666667,14.548256039619446,0.05980408191680908,0.01308900523560208,0.21000000000000008,0.210407514262342,3.518280149422425
swiping_session_2026-03-23T03_42_13Z.json,path,swiping,2026-03-23T03:41:38Z,unknown,moved,0.3612565445026178,0.945,14.565039038658142,0.01678299903869629,-0.060209424083769614,-0.05166666666666675,0.07933863619286426,4.7273217385006365
swiping_session_2026-03-23T03_42_13Z.json,path,swiping,2026-03-23T03:41:38Z,unknown,moved,0.29581151832460734,0.89,14.581061959266663,0.016022920608520508,-0.06544502617801046,-0.05499999999999994,0.08548714202405218,5.335303351537091
swiping_session_2026-03-23T03_42_13Z.json,path,swiping,2026-03-23T03:41:38Z,unknown,moved,0.21204188481675393,0.8033333333333333,14.598029971122742,0.0169680118560791,-0.08376963350785341,-0.08666666666666667,0.12053407239926471,7.103606092547676
swiping_session_2026-03-23T03_42_13Z.json,path,swiping,2026-03-23T03:41:38Z,unknown,moved,0.11910994764397906,0.6716666666666666,14.614619016647339,0.016589045524597168,-0.09293193717277487,-0.1316666666666667,0.16115972219446054,9.71482789383532
swiping_session_2026-03-23T03_42_13Z.json,path,swiping,2026-03-23T03:41:38Z,unknown,moved,0.0,0.4666666666666667,14.631494998931885,0.0168759822845459,-0.11910994764397906,-0.20499999999999996,0.2370910787603604,14.049023918298104
swiping_session_2026-03-23T03_42_13Z.json,path,swiping,2026-03-23T03:41:38Z,unknown,ended,0.0,0.46,14.64807403087616,0.016579031944274902,0.0,-0.006666666666666654,0.006666666666666654,0.4021143507699675
swiping_session_2026-03-23T03_42_13Z.json,path,swiping,2026-03-23T03:41:38Z,unknown,began,0.7460732984293194,0.6083333333333333,14.857700943946838,0.2096269130706787,0.7460732984293194,0.14833333333333326,0.7606761100540637,3.6287139800488823
swiping_session_2026-03-23T03_42_13Z.json,path,swiping,2026-03-23T03:41:38Z,unknown,moved,0.6924083769633508,0.5916666666666667,14.87067699432373,0.01297605037689209,-0.053664921465968574,-0.016666666666666607,0.05619342998720002,4.33054961679788
swiping_session_2026-03-23T03_42_13Z.json,path,swiping,2026-03-23T03:41:38Z,unknown,moved,0.6112565445026178,0.5583333333333333,14.880905032157898,0.01022803783416748,-0.08115183246073299,-0.033333333333333326,0.08773101517049707,8.577502018757247
swiping_session_2026-03-23T03_42_13Z.json,path,swiping,2026-03-23T03:41:38Z,unknown,moved,0.5157068062827225,0.52,14.89770495891571,0.0167999267578125,-0.09554973821989532,-0.03833333333333333,0.10295240122665895,6.1281458372300825
swiping_session_2026-03-23T03_42_13Z.json,path,swiping,2026-03-23T03:41:38Z,unknown,moved,0.42277486910994766,0.465,14.914371967315674,0.01666700839996338,-0.09293193717277481,-0.05499999999999999,0.10798770738692698,6.479129595156636
swiping_session_2026-03-23T03_42_13Z.json,path,swiping,2026-03-23T03:41:38Z,unknown,moved,0.32722513089005234,0.3933333333333333,14.93094003200531,0.01656806468963623,-0.09554973821989532,-0.07166666666666671,0.11943979062691645,7.209036955392216
swiping_session_2026-03-23T03_42_13Z.json,path,swiping,2026-03-23T03:41:38Z,unknown,moved,0.19895287958115182,0.2783333333333333,14.948040962219238,0.017100930213928223,-0.12827225130890052,-0.11499999999999999,0.17227527523081695,10.074029487033613
swiping_session_2026-03-23T03_42_13Z.json,path,swiping,2026-03-23T03:41:38Z,unknown,moved,0.10602094240837696,0.18666666666666668,14.964231967926025,0.01619100570678711,-0.09293193717277486,-0.09166666666666665,0.13053399068619004,8.062129867045348
swiping_session_2026-03-23T03_42_13Z.json,path,swiping,2026-03-23T03:41:38Z,unknown,ended,0.10078534031413612,0.18,14.964517951011658,0.0002859830856323242,-0.005235602094240843,-0.006666666666666682,0.00847679029666676,29.640879907020075
swiping_session_2026-03-23T03_42_13Z.json,path,swiping,2026-03-23T03:41:38Z,unknown,began,0.28664921465968585,0.16166666666666665,15.0485680103302,0.08405005931854248,0.18586387434554974,-0.01833333333333334,0.18676587187666116,2.222079001382195
swiping_session_2026-03-23T03_42_13Z.json,path,swiping,2026-03-23T03:41:38Z,unknown,moved,0.43717277486910994,0.25833333333333336,15.064854979515076,0.01628696918487549,0.1505235602094241,0.0966666666666667,0.1788904318921629,10.983653856132133
swiping_session_2026-03-23T03_42_13Z.json,path,swiping,2026-03-23T03:41:38Z,unknown,moved,0.599476439790576,0.3283333333333333,15.081241965293884,0.016386985778808594,0.16230366492146603,0.06999999999999995,0.17675542324618929,10.786329202455693
swiping_session_2026-03-23T03_42_13Z.json,path,swiping,2026-03-23T03:41:38Z,unknown,moved,0.7473821989528796,0.3566666666666667,15.09768295288086,0.016440987586975098,0.14790575916230364,0.028333333333333377,0.1505951239952846,9.15973710208195
swiping_session_2026-03-23T03_42_13Z.json,path,swiping,2026-03-23T03:41:38Z,unknown,ended,0.7945026178010471,0.36333333333333334,15.114388942718506,0.016705989837646484,0.04712041884816753,0.006666666666666654,0.04758968708524134,2.84866012416692
swiping_session_2026-03-23T03_42_13Z.json,path,swiping,2026-03-23T03:41:38Z,unknown,began,0.7460732984293194,0.29833333333333334,15.164917945861816,0.05052900314331055,-0.048429319371727786,-0.065,0.08105799759930421,1.604187546890787
swiping_session_2026-03-23T03_42_13Z.json,path,swiping,2026-03-23T03:41:38Z,unknown,moved,0.7120418848167539,0.2683333333333333,15.18097698688507,0.016059041023254395,-0.03403141361256545,-0.030000000000000027,0.04536669607178274,2.8249940956056596
swiping_session_2026-03-23T03_42_13Z.json,path,swiping,2026-03-23T03:41:38Z,unknown,moved,0.668848167539267,0.25166666666666665,15.198081016540527,0.017104029655456543,-0.04319371727748689,-0.016666666666666663,0.04629767801980189,2.706828680283068
swiping_session_2026-03-23T03_42_13Z.json,path,swiping,2026-03-23T03:41:38Z,unknown,moved,0.6073298429319371,0.25166666666666665,15.214831948280334,0.01675093173980713,-0.061518324607329866,0.0,0.061518324607329866,3.672531508270488
swiping_session_2026-03-23T03_42_13Z.json,path,swiping,2026-03-23T03:41:38Z,unknown,moved,0.5274869109947644,0.2816666666666667,15.230924010276794,0.01609206199645996,-0.07984293193717273,0.030000000000000027,0.08529298787311886,5.300314396743076
swiping_session_2026-03-23T03_42_13Z.json,path,swiping,2026-03-23T03:41:38Z,unknown,moved,0.4489528795811518,0.3233333333333333,15.247691988945007,0.01676797866821289,-0.07853403141361259,0.04166666666666663,0.08890278511489613,5.301938109178861
swiping_session_2026-03-23T03_42_13Z.json,path,swiping,2026-03-23T03:41:38Z,unknown,moved,0.3704188481675393,0.36333333333333334,15.264737963676453,0.017045974731445312,-0.07853403141361254,0.040000000000000036,0.08813395537518036,5.170367594913568
swiping_session_2026-03-23T03_42_13Z.json,path,swiping,2026-03-23T03:41:38Z,unknown,moved,0.27225130890052357,0.4,15.280918955802917,0.016180992126464844,-0.09816753926701571,0.03666666666666668,0.10479174686102678,6.476225069638004
swiping_session_2026-03-23T03_42_13Z.json,path,swiping,2026-03-23T03:41:38Z,unknown,moved,0.1662303664921466,0.42833333333333334,15.297683000564575,0.016764044761657715,-0.10602094240837698,0.02833333333333332,0.10974159652081869,6.546248120967608
swiping_session_2026-03-23T03_42_13Z.json,path,swiping,2026-03-23T03:41:38Z,unknown,moved,0.07591623036649214,0.44166666666666665,15.314285039901733,0.016602039337158203,-0.09031413612565445,0.013333333333333308,0.09129304991017126,5.498905770319541
swiping_session_2026-03-23T03_42_13Z.json,path,swiping,2026-03-23T03:41:38Z,unknown,moved,0.04712041884816754,0.44666666666666666,15.33117401599884,0.016888976097106934,-0.028795811518324603,0.0050000000000000044,0.029226678925236716,1.730518105845577
swiping_session_2026-03-23T03_42_13Z.json,path,swiping,2026-03-23T03:41:38Z,unknown,ended,0.02356020942408377,0.46,15.331517934799194,0.0003439188003540039,-0.02356020942408377,0.013333333333333364,0.027071410119985703,78.71453986266656
swiping_session_2026-03-23T03_42_13Z.json,path,swiping,2026-03-23T03:41:38Z,unknown,began,0.49607329842931935,0.52,15.515177011489868,0.18365907669067383,0.4725130890052356,0.06,0.47630727401675244,2.593431713799633
swiping_session_2026-03-23T03_42_13Z.json,path,swiping,2026-03-23T03:41:38Z,unknown,moved,0.39528795811518325,0.6033333333333334,15.531522035598755,0.01634502410888672,-0.10078534031413611,0.08333333333333337,0.1307751095074314,8.000912610237727
swiping_session_2026-03-23T03_42_13Z.json,path,swiping,2026-03-23T03:41:38Z,unknown,moved,0.2905759162303665,0.685,15.547861933708191,0.016339898109436035,-0.10471204188481675,0.08166666666666667,0.13279328356559328,8.126934615884002
swiping_session_2026-03-23T03_42_13Z.json,path,swiping,2026-03-23T03:41:38Z,unknown,moved,0.1806282722513089,0.765,15.564769983291626,0.01690804958343506,-0.1099476439790576,0.07999999999999996,0.13597236637105936,8.041871754638837
swiping_session_2026-03-23T03_42_13Z.json,path,swiping,2026-03-23T03:41:38Z,unknown,moved,0.06413612565445026,0.845,15.581442952156067,0.016672968864440918,-0.11649214659685864,0.07999999999999996,0.14131673722084018,8.475799263455222
swiping_session_2026-03-23T03_42_13Z.json,path,swiping,2026-03-23T03:41:38Z,unknown,moved,0.0,0.895,15.59765899181366,0.016216039657592773,-0.06413612565445026,0.050000000000000044,0.08132307553187741,5.014977593114101
swiping_session_2026-03-23T03_42_13Z.json,path,swiping,2026-03-23T03:41:38Z,unknown,ended,0.0,0.9016666666666666,15.614357948303223,0.01669895648956299,0.0,0.006666666666666599,0.006666666666666599,0.39922654273836394
swiping_session_2026-03-23T03_42_13Z.json,path,swiping,2026-03-23T03:41:38Z,unknown,began,0.81282722513089,0.37333333333333335,15.765257000923157,0.15089905261993408,0.81282722513089,-0.5283333333333333,0.9694453099711678,6.4244625339887795
swiping_session_2026-03-23T03_42_13Z.json,path,swiping,2026-03-23T03:41:38Z,unknown,moved,0.7395287958115183,0.39666666666666667,15.78148603439331,0.01622903347015381,-0.0732984293193717,0.023333333333333317,0.07692271566404407,4.739821124006533
swiping_session_2026-03-23T03_42_13Z.json,path,swiping,2026-03-23T03:41:38Z,unknown,moved,0.6479057591623036,0.44666666666666666,15.79776394367218,0.01627790927886963,-0.09162303664921467,0.04999999999999999,0.104378066876252,6.412252647933434
swiping_session_2026-03-23T03_42_13Z.json,path,swiping,2026-03-23T03:41:38Z,unknown,moved,0.5301047120418848,0.5166666666666667,15.814584970474243,0.01682102680206299,-0.11780104712041883,0.07000000000000006,0.13702951033506303,8.14632257278475
swiping_session_2026-03-23T03_42_13Z.json,path,swiping,2026-03-23T03:41:38Z,unknown,moved,0.4018324607329843,0.6016666666666667,15.831406950950623,0.016821980476379395,-0.12827225130890052,0.08499999999999996,0.15387907738173415,9.14750065236395
swiping_session_2026-03-23T03_42_13Z.json,path,swiping,2026-03-23T03:41:38Z,unknown,moved,0.2342931937172775,0.705,15.847646951675415,0.01624000072479248,-0.1675392670157068,0.10333333333333328,0.19684304348881132,12.120876521163249
swiping_session_2026-03-23T03_42_13Z.json,path,swiping,2026-03-23T03:41:38Z,unknown,moved,0.056282722513089,0.8083333333333333,15.864308953285217,0.016662001609802246,-0.1780104712041885,0.10333333333333339,0.2058288260572727,12.353187262698603
swiping_session_2026-03-23T03_42_13Z.json,path,swiping,2026-03-23T03:41:38Z,unknown,moved,0.0,0.84,15.880862951278687,0.01655399799346924,-0.056282722513089,0.03166666666666662,0.06457958370308027,3.901147247242493
swiping_session_2026-03-23T03_42_13Z.json,path,swiping,2026-03-23T03:41:38Z,unknown,ended,0.0,0.8466666666666667,15.881147980690002,0.00028502941131591797,0.0,0.00666666666666671,0.00666666666666671,23.389399135647718
swiping_session_2026-03-23T03_42_13Z.json,path,swiping,2026-03-23T03:41:38Z,unknown,began,0.8468586387434555,0.56,16.042207956314087,0.16105997562408447,0.8468586387434555,-0.2866666666666666,0.8940622639347867,5.551113865939833
swiping_session_2026-03-23T03_42_13Z.json,path,swiping,2026-03-23T03:41:38Z,unknown,moved,0.8023560209424084,0.5583333333333333,16.05636203289032,0.01415407657623291,-0.04450261780104703,-0.0016666666666667052,0.04453381601574073,3.1463596919152286
swiping_session_2026-03-23T03_42_13Z.json,path,swiping,2026-03-23T03:41:38Z,unknown,moved,0.7526178010471204,0.545,16.064180970191956,0.007818937301635742,-0.04973821989528804,-0.013333333333333308,0.0514943520799107,6.585850492641494
swiping_session_2026-03-23T03_42_13Z.json,path,swiping,2026-03-23T03:41:38Z,unknown,moved,0.6884816753926701,0.5266666666666666,16.08095693588257,0.016775965690612793,-0.06413612565445026,-0.018333333333333424,0.06670497526477727,3.9762226804089673
swiping_session_2026-03-23T03_42_13Z.json,path,swiping,2026-03-23T03:41:38Z,unknown,moved,0.6007853403141361,0.505,16.097561955451965,0.016605019569396973,-0.08769633507853403,-0.021666666666666612,0.09033322550784378,5.440115570494586
swiping_session_2026-03-23T03_42_13Z.json,path,swiping,2026-03-23T03:41:38Z,unknown,moved,0.4738219895287958,0.46166666666666667,16.11459493637085,0.017032980918884277,-0.12696335078534032,-0.043333333333333335,0.13415465038685448,7.8761698275678045
swiping_session_2026-03-23T03_42_13Z.json,path,swiping,2026-03-23T03:41:38Z,unknown,moved,0.27225130890052357,0.3883333333333333,16.13144099712372,0.016846060752868652,-0.20157068062827221,-0.07333333333333336,0.2144959604904547,12.73270728611904
swiping_session_2026-03-23T03_42_13Z.json,path,swiping,2026-03-23T03:41:38Z,unknown,ended,0.14659685863874344,0.315,16.14765501022339,0.01621401309967041,-0.12565445026178013,-0.0733333333333333,0.14548820793579098,8.972991883098231
swiping_session_2026-03-23T03_42_13Z.json,path,swiping,2026-03-23T03:41:38Z,unknown,began,0.9227748691099477,0.455,16.365209937095642,0.21755492687225342,0.7761780104712042,0.14,0.7887029250224933,3.6253048200816598
swiping_session_2026-03-23T03_42_13Z.json,path,swiping,2026-03-23T03:41:38Z,unknown,moved,0.8769633507853403,0.42,16.381417989730835,0.01620805263519287,-0.04581151832460739,-0.03500000000000003,0.05765149790947188,3.5569663553715283
swiping_session_2026-03-23T03_42_13Z.json,path,swiping,2026-03-23T03:41:38Z,unknown,moved,0.8363874345549738,0.385,16.39784801006317,0.016430020332336426,-0.04057591623036649,-0.034999999999999976,0.05358549223375406,3.261437974503952
swiping_session_2026-03-23T03_42_13Z.json,path,swiping,2026-03-23T03:41:38Z,unknown,moved,0.7958115183246073,0.35,16.414562940597534,0.016714930534362793,-0.04057591623036649,-0.03500000000000003,0.053585492233754105,3.2058459425596944
swiping_session_2026-03-23T03_42_13Z.json,path,swiping,2026-03-23T03:41:38Z,unknown,moved,0.7552356020942408,0.31833333333333336,16.431424975395203,0.016862034797668457,-0.04057591623036649,-0.03166666666666662,0.0514702123146145,3.052431864375667
swiping_session_2026-03-23T03_42_13Z.json,path,swiping,2026-03-23T03:41:38Z,unknown,moved,0.7094240837696335,0.2866666666666667,16.447625041007996,0.01620006561279297,-0.04581151832460728,-0.031666666666666676,0.055690869888910935,3.437694094580248
swiping_session_2026-03-23T03_42_13Z.json,path,swiping,2026-03-23T03:41:38Z,unknown,moved,0.6295811518324608,0.24666666666666667,16.464736938476562,0.017111897468566895,-0.07984293193717273,-0.04000000000000001,0.08930226077946739,5.218723460884924
swiping_session_2026-03-23T03_42_13Z.json,path,swiping,2026-03-23T03:41:38Z,unknown,moved,0.47643979057591623,0.18833333333333332,16.481426000595093,0.016689062118530273,-0.15314136125654454,-0.05833333333333335,0.16387511801760893,9.81931260449048
swiping_session_2026-03-23T03_42_13Z.json,path,swiping,2026-03-23T03:41:38Z,unknown,moved,0.39659685863874344,0.155,16.49753999710083,0.016113996505737305,-0.07984293193717279,-0.033333333333333326,0.08652170185239721,5.369350913138874
swiping_session_2026-03-23T03_42_13Z.json,path,swiping,2026-03-23T03:41:38Z,unknown,ended,0.3337696335078534,0.11833333333333333,16.497828006744385,0.0002880096435546875,-0.06282722513089006,-0.03666666666666667,0.07274410396789549,252.57523696105955
swiping_session_2026-03-23T03_42_13Z.json,path,swiping,2026-03-23T03:41:38Z,unknown,began,0.81282722513089,0.565,16.649049043655396,0.15122103691101074,0.4790575916230366,0.4466666666666666,0.6549864786411818,4.331318525653429
swiping_session_2026-03-23T03_42_13Z.json,path,swiping,2026-03-23T03:41:38Z,unknown,moved,0.7774869109947644,0.5416666666666666,16.6667720079422,0.0177229642868042,-0.035340314136125595,-0.023333333333333317,0.042348344096132993,2.38946168433369
swiping_session_2026-03-23T03_42_13Z.json,path,swiping,2026-03-23T03:41:38Z,unknown,moved,0.7290575916230366,0.5033333333333333,16.681211948394775,0.014439940452575684,-0.048429319371727786,-0.03833333333333333,0.06176441871541618,4.27733195426018
swiping_session_2026-03-23T03_42_13Z.json,path,swiping,2026-03-23T03:41:38Z,unknown,moved,0.668848167539267,0.4483333333333333,16.697860956192017,0.01664900779724121,-0.060209424083769614,-0.05499999999999999,0.0815486035962555,4.898105916544068
swiping_session_2026-03-23T03_42_13Z.json,path,swiping,2026-03-23T03:41:38Z,unknown,moved,0.5968586387434555,0.39166666666666666,16.714200973510742,0.016340017318725586,-0.07198952879581155,-0.05666666666666664,0.09161661076111738,5.606885780722225
swiping_session_2026-03-23T03_42_13Z.json,path,swiping,2026-03-23T03:41:38Z,unknown,moved,0.5039267015706806,0.3233333333333333,16.730939030647278,0.016738057136535645,-0.09293193717277481,-0.06833333333333336,0.11535072340964755,6.8915240561499385
swiping_session_2026-03-23T03_42_13Z.json,path,swiping,2026-03-23T03:41:38Z,unknown,moved,0.3743455497382199,0.22666666666666666,16.748006939888,0.017067909240722656,-0.12958115183246077,-0.09666666666666665,0.16166545504427252,9.471895635497743
swiping_session_2026-03-23T03_42_13Z.json,path,swiping,2026-03-23T03:41:38Z,unknown,moved,0.29450261780104714,0.175,16.76417303085327,0.016166090965270996,-0.07984293193717273,-0.051666666666666666,0.09510172566661682,5.882790457564557
swiping_session_2026-03-23T03_42_13Z.json,path,swiping,2026-03-23T03:41:38Z,unknown,ended,0.21465968586387435,0.11,16.764461994171143,0.00028896331787109375,-0.07984293193717279,-0.06499999999999999,0.10295578556022972,356.2936165003414
swiping_session_2026-03-23T03_42_13Z.json,path,swiping,2026-03-23T03:41:38Z,unknown,began,0.8036649214659686,0.48333333333333334,16.965057969093323,0.20059597492218018,0.5890052356020943,0.37333333333333335,0.6973556806569058,3.476419110241071
swiping_session_2026-03-23T03_42_13Z.json,path,swiping,2026-03-23T03:41:38Z,unknown,moved,0.7578534031413613,0.45666666666666667,16.981495022773743,0.016437053680419922,-0.04581151832460728,-0.026666666666666672,0.05300760626850585,3.2248849032870988
swiping_session_2026-03-23T03_42_13Z.json,path,swiping,2026-03-23T03:41:38Z,unknown,moved,0.7041884816753927,0.4216666666666667,16.9978129863739,0.01631796360015869,-0.053664921465968574,-0.034999999999999976,0.06406967922464239,3.9263281126585743
swiping_session_2026-03-23T03_42_13Z.json,path,swiping,2026-03-23T03:41:38Z,unknown,moved,0.6426701570680629,0.39166666666666666,17.01418697834015,0.01637399196624756,-0.061518324607329866,-0.030000000000000027,0.0684434384181041,4.180009282964693
swiping_session_2026-03-23T03_42_13Z.json,path,swiping,2026-03-23T03:41:38Z,unknown,moved,0.5706806282722513,0.3616666666666667,17.030908942222595,0.01672196388244629,-0.07198952879581155,-0.02999999999999997,0.07799033437704302,4.663945869355248
swiping_session_2026-03-23T03_42_13Z.json,path,swiping,2026-03-23T03:41:38Z,unknown,moved,0.4816753926701571,0.3283333333333333,17.04784095287323,0.016932010650634766,-0.08900523560209422,-0.03333333333333338,0.09504232254998515,5.6131740353247475
swiping_session_2026-03-23T03_42_13Z.json,path,swiping,2026-03-23T03:41:38Z,unknown,moved,0.35732984293193715,0.275,17.064247965812683,0.016407012939453125,-0.12434554973821993,-0.05333333333333329,0.13530062891259806,8.246511989226716
swiping_session_2026-03-23T03_42_13Z.json,path,swiping,2026-03-23T03:41:38Z,unknown,moved,0.19895287958115182,0.185,17.080904006958008,0.016656041145324707,-0.15837696335078533,-0.09000000000000002,0.18216273636563543,10.936736693687136
swiping_session_2026-03-23T03_42_13Z.json,path,swiping,2026-03-23T03:41:38Z,unknown,moved,0.1243455497382199,0.12,17.09791600704193,0.01701200008392334,-0.07460732984293192,-0.065,0.09895076384895693,5.81652735485625
swiping_session_2026-03-23T03_42_13Z.json,path,swiping,2026-03-23T03:41:38Z,unknown,ended,0.11910994764397906,0.11333333333333333,17.098276019096375,0.0003600120544433594,-0.005235602094240843,-0.006666666666666668,0.00847679029666675,23.54585129037784
swiping_session_2026-03-23T03_42_13Z.json,path,swiping,2026-03-23T03:41:38Z,unknown,began,0.8298429319371727,0.19833333333333333,17.274479031562805,0.17620301246643066,0.7107329842931936,0.085,0.7157977193050485,4.062346660738385
swiping_session_2026-03-23T03_42_13Z.json,path,swiping,2026-03-23T03:41:38Z,unknown,moved,0.7918848167539267,0.19833333333333333,17.288095951080322,0.01361691951751709,-0.03795811518324599,0.0,0.03795811518324599,2.7875699150909923
swiping_session_2026-03-23T03_42_13Z.json,path,swiping,2026-03-23T03:41:38Z,unknown,moved,0.75,0.19666666666666666,17.29746103286743,0.009365081787109375,-0.041884816753926746,-0.0016666666666666774,0.04191796336044728,4.475984760554416
swiping_session_2026-03-23T03_42_13Z.json,path,swiping,2026-03-23T03:41:38Z,unknown,moved,0.7041884816753927,0.19666666666666666,17.314185976982117,0.01672494411468506,-0.04581151832460728,0.0,0.04581151832460728,2.7391133871941156
swiping_session_2026-03-23T03_42_13Z.json,path,swiping,2026-03-23T03:41:38Z,unknown,moved,0.6400523560209425,0.205,17.330848932266235,0.016662955284118652,-0.06413612565445026,0.008333333333333331,0.06467524301004116,3.8813788975166177
swiping_session_2026-03-23T03_42_13Z.json,path,swiping,2026-03-23T03:41:38Z,unknown,moved,0.5536649214659686,0.23333333333333334,17.347986936569214,0.017138004302978516,-0.08638743455497389,0.02833333333333335,0.09091516169906796,5.304886151958036
swiping_session_2026-03-23T03_42_13Z.json,path,swiping,2026-03-23T03:41:38Z,unknown,moved,0.4397905759162304,0.27166666666666667,17.364184975624084,0.016198039054870605,-0.11387434554973819,0.03833333333333333,0.12015328134855753,7.4177671100520355
swiping_session_2026-03-23T03_42_13Z.json,path,swiping,2026-03-23T03:41:38Z,unknown,moved,0.2918848167539267,0.31166666666666665,17.380810022354126,0.016625046730041504,-0.1479057591623037,0.03999999999999998,0.15321916849199183,9.216164680916318
swiping_session_2026-03-23T03_42_13Z.json,path,swiping,2026-03-23T03:41:38Z,unknown,moved,0.12696335078534032,0.31833333333333336,17.39794397354126,0.01713395118713379,-0.16492146596858637,0.00666666666666671,0.16505615523715567,9.633280346981465
swiping_session_2026-03-23T03_42_13Z.json,path,swiping,2026-03-23T03:41:38Z,unknown,ended,0.028795811518324606,0.30333333333333334,17.414131999015808,0.01618802547454834,-0.09816753926701571,-0.015000000000000013,0.09930692707833162,6.1345917224103195
swiping_session_2026-03-23T03_42_13Z.json,path,swiping,2026-03-23T03:41:38Z,unknown,began,0.824607329842932,0.20333333333333334,17.614985942840576,0.20085394382476807,0.7958115183246074,-0.1,0.8020698053773854,3.9932987627922247
swiping_session_2026-03-23T03_42_13Z.json,path,swiping,2026-03-23T03:41:38Z,unknown,moved,0.7774869109947644,0.24333333333333335,17.63163697719574,0.016651034355163574,-0.04712041884816753,0.04000000000000001,0.06180884946693914,3.712012608260092
swiping_session_2026-03-23T03_42_13Z.json,path,swiping,2026-03-23T03:41:38Z,unknown,moved,0.7238219895287958,0.31,17.647948026657104,0.016311049461364746,-0.053664921465968574,0.06666666666666665,0.0855825229845032,5.24690475540637
swiping_session_2026-03-23T03_42_13Z.json,path,swiping,2026-03-23T03:41:38Z,unknown,moved,0.6662303664921466,0.38,17.664695024490356,0.016746997833251953,-0.05759162303664922,0.07,0.0906465390624237,5.412703815034879
swiping_session_2026-03-23T03_42_13Z.json,path,swiping,2026-03-23T03:41:38Z,unknown,moved,0.6020942408376964,0.45,17.681252002716064,0.016556978225708008,-0.06413612565445026,0.07,0.09493915216581321,5.734086913178472
swiping_session_2026-03-23T03_42_13Z.json,path,swiping,2026-03-23T03:41:38Z,unknown,moved,0.5196335078534031,0.5233333333333333,17.69782304763794,0.016571044921875,-0.08246073298429324,0.0733333333333333,0.1103519381890716,6.659322855579187
swiping_session_2026-03-23T03_42_13Z.json,path,swiping,2026-03-23T03:41:38Z,unknown,moved,0.4096858638743455,0.6083333333333333,17.714676022529602,0.016852974891662598,-0.1099476439790576,0.08499999999999996,0.1389729628976284,8.24619770639902
swiping_session_2026-03-23T03_42_13Z.json,path,swiping,2026-03-23T03:41:38Z,unknown,moved,0.26570680628272253,0.68,17.731346011161804,0.01666998863220215,-0.143979057591623,0.07166666666666677,0.16082935097824344,9.647838071560669
swiping_session_2026-03-23T03_42_13Z.json,path,swiping,2026-03-23T03:41:38Z,unknown,moved,0.16230366492146597,0.6983333333333334,17.747488975524902,0.016142964363098145,-0.10340314136125656,0.018333333333333313,0.10501581192604814,6.50536107024482
swiping_session_2026-03-23T03_42_13Z.json,path,swiping,2026-03-23T03:41:38Z,unknown,moved,0.13612565445026178,0.6983333333333334,17.764132022857666,0.016643047332763672,-0.02617801047120419,0.0,0.02617801047120419,1.5729096930265825
swiping_session_2026-03-23T03_42_13Z.json,path,swiping,2026-03-23T03:41:38Z,unknown,ended,0.12303664921465969,0.6916666666666667,17.764420986175537,0.00028896331787109375,-0.013089005235602094,-0.00666666666666671,0.014688992562530081,50.83341605692258
swiping_session_2026-03-23T03_42_13Z.json,path,swiping,2026-03-23T03:41:38Z,unknown,began,0.8429319371727748,0.5166666666666667,17.948032021522522,0.18361103534698486,0.7198952879581151,-0.17499999999999993,0.7408604629917144,4.034945185030135
swiping_session_2026-03-23T03_42_13Z.json,path,swiping,2026-03-23T03:41:38Z,unknown,moved,0.756544502617801,0.4766666666666667,17.965386986732483,0.017354965209960938,-0.08638743455497377,-0.040000000000000036,0.0951986809204302,5.485385869041709
swiping_session_2026-03-23T03_42_13Z.json,path,swiping,2026-03-23T03:41:38Z,unknown,moved,0.6727748691099477,0.44166666666666665,17.981356024742126,0.015969038009643555,-0.08376963350785338,-0.03500000000000003,0.09078739724234897,5.685213923814527
swiping_session_2026-03-23T03_42_13Z.json,path,swiping,2026-03-23T03:41:38Z,unknown,moved,0.574607329842932,0.4166666666666667,17.998191952705383,0.016835927963256836,-0.09816753926701571,-0.024999999999999967,0.10130086754683333,6.016945889048406
swiping_session_2026-03-23T03_42_13Z.json,path,swiping,2026-03-23T03:41:38Z,unknown,moved,0.43848167539267013,0.3983333333333333,18.01447904109955,0.01628708839416504,-0.1361256544502618,-0.018333333333333368,0.13735466832482687,8.43334701701718
swiping_session_2026-03-23T03_42_13Z.json,path,swiping,2026-03-23T03:41:38Z,unknown,moved,0.2212041884816754,0.365,18.03122901916504,0.016749978065490723,-0.21727748691099474,-0.033333333333333326,0.21981951103000072,13.123570082929579
swiping_session_2026-03-23T03_42_13Z.json,path,swiping,2026-03-23T03:41:38Z,unknown,ended,0.08769633507853403,0.30833333333333335,18.04747998714447,0.016250967979431152,-0.13350785340314136,-0.05666666666666664,0.1450360576940293,8.924764228050995
swiping_session_2026-03-23T03_42_13Z.json,path,swiping,2026-03-23T03:41:38Z,unknown,began,0.8232984293193717,0.35,18.281723022460938,0.23424303531646729,0.7356020942408377,0.04166666666666663,0.736781210511382,3.145370830411137
swiping_session_2026-03-23T03_42_13Z.json,path,swiping,2026-03-23T03:41:38Z,unknown,moved,0.7552356020942408,0.33166666666666667,18.298105001449585,0.01638197898864746,-0.0680628272251309,-0.018333333333333313,0.07048871938820517,4.302820766468637
swiping_session_2026-03-23T03_42_13Z.json,path,swiping,2026-03-23T03:41:38Z,unknown,moved,0.6832460732984293,0.31,18.314345002174377,0.01624000072479248,-0.07198952879581144,-0.021666666666666667,0.0751793635294115,4.629270946684158
swiping_session_2026-03-23T03_42_13Z.json,path,swiping,2026-03-23T03:41:38Z,unknown,moved,0.587696335078534,0.26666666666666666,18.331339955329895,0.016994953155517578,-0.09554973821989532,-0.043333333333333335,0.10491677774154286,6.173407880649592
swiping_session_2026-03-23T03_42_13Z.json,path,swiping,2026-03-23T03:41:38Z,unknown,moved,0.4581151832460733,0.20333333333333334,18.347932934761047,0.016592979431152344,-0.12958115183246072,-0.06333333333333332,0.14423032282200005,8.692249840990948
swiping_session_2026-03-23T03_42_13Z.json,path,swiping,2026-03-23T03:41:38Z,unknown,moved,0.2630890052356021,0.11,18.3641140460968,0.016181111335754395,-0.19502617801047123,-0.09333333333333334,0.216208975809246,13.361812506135006
swiping_session_2026-03-23T03_42_13Z.json,path,swiping,2026-03-23T03:41:38Z,unknown,ended,0.1387434554973822,0.045,18.381220936775208,0.01710689067840576,-0.12434554973821987,-0.065,0.14030971363273503,8.201941327061247
swiping_session_2026-03-23T03_42_13Z.json,path,swiping,2026-03-23T03:41:38Z,unknown,began,0.7630890052356021,0.10166666666666667,18.598376035690308,0.2171550989151001,0.6243455497382199,0.05666666666666667,0.626911857113128,2.8869313234879566
swiping_session_2026-03-23T03_42_13Z.json,path,swiping,2026-03-23T03:41:38Z,unknown,moved,0.7212041884816754,0.08666666666666667,18.614694952964783,0.016318917274475098,-0.041884816753926635,-0.015,0.044489750218561726,2.7262685060699132
swiping_session_2026-03-23T03_42_13Z.json,path,swiping,2026-03-23T03:41:38Z,unknown,moved,0.668848167539267,0.07666666666666666,18.63097095489502,0.016276001930236816,-0.05235602094240843,-0.010000000000000009,0.053302466443138546,3.274911533655919
swiping_session_2026-03-23T03_42_13Z.json,path,swiping,2026-03-23T03:41:38Z,unknown,moved,0.6020942408376964,0.07666666666666666,18.647971987724304,0.017001032829284668,-0.06675392670157065,0.0,0.06675392670157065,3.9264630197399235
swiping_session_2026-03-23T03_42_13Z.json,path,swiping,2026-03-23T03:41:38Z,unknown,moved,0.5104712041884817,0.07666666666666666,18.664196968078613,0.016224980354309082,-0.09162303664921467,0.0,0.09162303664921467,5.64703529054697
swiping_session_2026-03-23T03_42_13Z.json,path,swiping,2026-03-23T03:41:38Z,unknown,moved,0.34554973821989526,0.07833333333333334,18.680775046348572,0.016578078269958496,-0.16492146596858642,0.0016666666666666774,0.16492988727033495,9.948673458081572
swiping_session_2026-03-23T03_42_13Z.json,path,swiping,2026-03-23T03:41:38Z,unknown,moved,0.21727748691099477,0.056666666666666664,18.697386980056763,0.016611933708190918,-0.1282722513089005,-0.021666666666666674,0.1300892574361856,7.831072512168883
swiping_session_2026-03-23T03_42_13Z.json,path,swiping,2026-03-23T03:41:38Z,unknown,ended,0.21204188481675393,0.05,18.697670936584473,0.00028395652770996094,-0.005235602094240843,-0.006666666666666661,0.008476790296666745,29.852422710722514
swiping_session_2026-03-23T03_42_13Z.json,path,swiping,2026-03-23T03:41:38Z,unknown,ended,0.450261780104712,0.39166666666666666,18.823356986045837,0.12568604946136475,0.2382198952879581,0.3416666666666667,0.4165151013134059,3.313932636902877
swiping_session_2026-03-23T03_42_13Z.json,path,swiping,2026-03-23T03:41:38Z,unknown,began,0.6492146596858639,0.5616666666666666,18.91500997543335,0.09165298938751221,0.19895287958115188,0.16999999999999998,0.2616911314768468,2.8552383640254995
swiping_session_2026-03-23T03_42_13Z.json,path,swiping,2026-03-23T03:41:38Z,unknown,moved,0.5863874345549738,0.54,18.931372046470642,0.01636207103729248,-0.06282722513089012,-0.021666666666666612,0.06645829265104539,4.061728646671527
swiping_session_2026-03-23T03_42_13Z.json,path,swiping,2026-03-23T03:41:38Z,unknown,moved,0.5143979057591623,0.525,18.947674989700317,0.016302943229675293,-0.07198952879581144,-0.015000000000000013,0.07353565295992798,4.510575294531808
swiping_session_2026-03-23T03_42_13Z.json,path,swiping,2026-03-23T03:41:38Z,unknown,moved,0.4476439790575916,0.5116666666666667,18.964224934577942,0.01654994487762451,-0.06675392670157071,-0.013333333333333308,0.06807249450296685,4.1131553613209135
swiping_session_2026-03-23T03_42_13Z.json,path,swiping,2026-03-23T03:41:38Z,unknown,moved,0.3769633507853403,0.495,18.98080801963806,0.01658308506011963,-0.0706806282722513,-0.01666666666666672,0.07261906768017577,4.379104817764946
swiping_session_2026-03-23T03_42_13Z.json,path,swiping,2026-03-23T03:41:38Z,unknown,moved,0.27225130890052357,0.4683333333333333,18.99770498275757,0.016896963119506836,-0.10471204188481675,-0.026666666666666672,0.10805425871662222,6.394892262733183
swiping_session_2026-03-23T03_42_13Z.json,path,swiping,2026-03-23T03:41:38Z,unknown,moved,0.20026178010471204,0.445,19.014366030693054,0.01666104793548584,-0.07198952879581152,-0.023333333333333317,0.0756765267483083,4.542122862939927
swiping_session_2026-03-23T03_42_13Z.json,path,swiping,2026-03-23T03:41:38Z,unknown,ended,0.11649214659685864,0.4,19.014716029167175,0.00034999847412109375,-0.08376963350785341,-0.044999999999999984,0.09509127982123321,271.6905553946306
swiping_session_2026-03-23T03_42_13Z.json,path,swiping,2026-03-23T03:41:38Z,unknown,began,0.75,0.645,19.241935968399048,0.22721993923187256,0.6335078534031413,0.245,0.6792328027439899,2.989318653284424
swiping_session_2026-03-23T03_42_13Z.json,path,swiping,2026-03-23T03:41:38Z,unknown,moved,0.7015706806282722,0.625,19.25625503063202,0.014319062232971191,-0.048429319371727786,-0.020000000000000018,0.05239655498989231,3.659216933162255
swiping_session_2026-03-23T03_42_13Z.json,path,swiping,2026-03-23T03:41:38Z,unknown,moved,0.6426701570680629,0.6,19.263998985290527,0.007743954658508301,-0.05890052356020936,-0.025000000000000022,0.06398649604148347,8.262767392520999
swiping_session_2026-03-23T03_42_13Z.json,path,swiping,2026-03-23T03:41:38Z,unknown,moved,0.5680628272251309,0.5783333333333334,19.280800938606262,0.016801953315734863,-0.07460732984293195,-0.021666666666666612,0.07768975550699388,4.623852598985511
swiping_session_2026-03-23T03_42_13Z.json,path,swiping,2026-03-23T03:41:38Z,unknown,moved,0.4607329842931937,0.5516666666666666,19.29745304584503,0.01665210723876953,-0.1073298429319372,-0.026666666666666727,0.11059297579369778,6.641380229417127
swiping_session_2026-03-23T03_42_13Z.json,path,swiping,2026-03-23T03:41:38Z,unknown,moved,0.32722513089005234,0.5183333333333333,19.314118027687073,0.016664981842041016,-0.13350785340314136,-0.033333333333333326,0.13760617003399883,8.257204918571082
swiping_session_2026-03-23T03_42_13Z.json,path,swiping,2026-03-23T03:41:38Z,unknown,moved,0.17277486910994763,0.4533333333333333,19.330788016319275,0.01666998863220215,-0.1544502617801047,-0.065,0.16757053250480192,10.05222836091793
swiping_session_2026-03-23T03_42_13Z.json,path,swiping,2026-03-23T03:41:38Z,unknown,moved,0.04712041884816754,0.37666666666666665,19.347458958625793,0.016670942306518555,-0.1256544502617801,-0.07666666666666666,0.14719653069406202,8.829526729062357
swiping_session_2026-03-23T03_42_13Z.json,path,swiping,2026-03-23T03:41:38Z,unknown,moved,0.0,0.3416666666666667,19.364521980285645,0.017063021659851074,-0.04712041884816754,-0.034999999999999976,0.058696966466988236,3.440010077763714
swiping_session_2026-03-23T03_42_13Z.json,path,swiping,2026-03-23T03:41:38Z,unknown,ended,0.0,0.30833333333333335,19.364879965782166,0.0003579854965209961,0.0,-0.033333333333333326,0.033333333333333326,93.1136419136419
swiping_session_2026-03-23T03_42_13Z.json,path,swiping,2026-03-23T03:41:38Z,unknown,began,0.6335078534031413,0.7983333333333333,19.58207404613495,0.2171940803527832,0.6335078534031413,0.49,0.8008946249809996,3.687460651230114
swiping_session_2026-03-23T03_42_13Z.json,path,swiping,2026-03-23T03:41:38Z,unknown,moved,0.581151832460733,0.79,19.599321007728577,0.01724696159362793,-0.05235602094240832,-0.008333333333333304,0.0530150674182948,3.0738786730922953
swiping_session_2026-03-23T03_42_13Z.json,path,swiping,2026-03-23T03:41:38Z,unknown,moved,0.5235602094240838,0.785,19.614326000213623,0.015004992485046387,-0.05759162303664922,-0.0050000000000000044,0.05780826103590649,3.852601798602486
swiping_session_2026-03-23T03_42_13Z.json,path,swiping,2026-03-23T03:41:38Z,unknown,moved,0.4476439790575916,0.7716666666666666,19.631032943725586,0.01670694351196289,-0.07591623036649214,-0.01333333333333342,0.07707821878349345,4.613543987163309
swiping_session_2026-03-23T03_42_13Z.json,path,swiping,2026-03-23T03:41:38Z,unknown,moved,0.3468586387434555,0.7466666666666667,19.64734399318695,0.016311049461364746,-0.10078534031413611,-0.02499999999999991,0.10383970734856789,6.366218654080374
swiping_session_2026-03-23T03_42_13Z.json,path,swiping,2026-03-23T03:41:38Z,unknown,moved,0.24083769633507854,0.71,19.66410994529724,0.016765952110290527,-0.10602094240837698,-0.036666666666666736,0.11218237238356496,6.691082716066581
swiping_session_2026-03-23T03_42_13Z.json,path,swiping,2026-03-23T03:41:38Z,unknown,moved,0.1531413612565445,0.665,19.680776953697205,0.01666700839996338,-0.08769633507853403,-0.04499999999999993,0.09856798256130898,5.913957693902978
swiping_session_2026-03-23T03_42_13Z.json,path,swiping,2026-03-23T03:41:38Z,unknown,moved,0.08115183246073299,0.6116666666666667,19.697844982147217,0.017068028450012207,-0.07198952879581152,-0.053333333333333344,0.08959317329287664,5.249181155004025
swiping_session_2026-03-23T03_42_13Z.json,path,swiping,2026-03-23T03:41:38Z,unknown,moved,0.0,0.5533333333333333,19.71398103237152,0.0161360502243042,-0.08115183246073299,-0.05833333333333335,0.09994197161109368,6.1937072717188615
swiping_session_2026-03-23T03_42_13Z.json,path,swiping,2026-03-23T03:41:38Z,unknown,moved,0.0,0.5183333333333333,19.730690956115723,0.01670992374420166,0.0,-0.03500000000000003,0.03500000000000003,2.0945637176917113
swiping_session_2026-03-23T03_42_13Z.json,path,swiping,2026-03-23T03:41:38Z,unknown,ended,0.0,0.5116666666666667,19.730978965759277,0.0002880096435546875,0.0,-0.006666666666666599,0.006666666666666599,23.147373068432433
swiping_session_2026-03-23T03_42_13Z.json,path,swiping,2026-03-23T03:41:38Z,unknown,began,0.6518324607329843,0.6583333333333333,20.22376799583435,0.49278903007507324,0.6518324607329843,0.1466666666666666,0.6681292299969585,1.3558118976292415
swiping_session_2026-03-23T03_42_13Z.json,path,swiping,2026-03-23T03:41:38Z,unknown,moved,0.6400523560209425,0.6266666666666667,20.237414956092834,0.013646960258483887,-0.011780104712041828,-0.03166666666666662,0.03378681169930725,2.475775634966259
swiping_session_2026-03-23T03_42_13Z.json,path,swiping,2026-03-23T03:41:38Z,unknown,moved,0.6073298429319371,0.5816666666666667,20.24727702140808,0.009862065315246582,-0.03272251308900531,-0.04500000000000004,0.05563958000254969,5.6417776828685025
swiping_session_2026-03-23T03_42_13Z.json,path,swiping,2026-03-23T03:41:38Z,unknown,moved,0.5641361256544503,0.5266666666666666,20.26399803161621,0.016721010208129883,-0.04319371727748689,-0.05500000000000005,0.06993351994750067,4.182374095645158
swiping_session_2026-03-23T03_42_13Z.json,path,swiping,2026-03-23T03:41:38Z,unknown,moved,0.5235602094240838,0.47,20.28073298931122,0.016734957695007324,-0.04057591623036649,-0.05666666666666664,0.06969588287011527,4.164688321316056
swiping_session_2026-03-23T03_42_13Z.json,path,swiping,2026-03-23T03:41:38Z,unknown,moved,0.4856020942408377,0.41333333333333333,20.297331929206848,0.016598939895629883,-0.037958115183246044,-0.05666666666666664,0.06820505567313674,4.109000701369704
swiping_session_2026-03-23T03_42_13Z.json,path,swiping,2026-03-23T03:41:38Z,unknown,moved,0.4489528795811518,0.35833333333333334,20.313964009284973,0.016632080078125,-0.0366492146596859,-0.05499999999999999,0.06609209434699233,3.9737720138756782
swiping_session_2026-03-23T03_42_13Z.json,path,swiping,2026-03-23T03:41:38Z,unknown,moved,0.412303664921466,0.3016666666666667,20.33073401451111,0.016770005226135254,-0.03664921465968585,-0.05666666666666664,0.06748537653657154,4.024171467245508
swiping_session_2026-03-23T03_42_13Z.json,path,swiping,2026-03-23T03:41:38Z,unknown,moved,0.38350785340314136,0.24833333333333332,20.347417950630188,0.01668393611907959,-0.02879581151832461,-0.05333333333333337,0.06061058657894118,3.632870933234244
swiping_session_2026-03-23T03_42_13Z.json,path,swiping,2026-03-23T03:41:38Z,unknown,moved,0.3717277486910995,0.21166666666666667,20.363978028297424,0.016560077667236328,-0.011780104712041883,-0.03666666666666665,0.038512534472183405,2.3256252323248114
swiping_session_2026-03-23T03_42_13Z.json,path,swiping,2026-03-23T03:41:38Z,unknown,moved,0.3887434554973822,0.2,20.38067102432251,0.01669299602508545,0.017015706806282727,-0.011666666666666659,0.020631175178076677,1.2359180549179498
swiping_session_2026-03-23T03_42_13Z.json,path,swiping,2026-03-23T03:41:38Z,unknown,moved,0.43586387434554974,0.2,20.397289037704468,0.016618013381958008,0.04712041884816753,0.0,0.04712041884816753,2.835502521578521
swiping_session_2026-03-23T03_42_13Z.json,path,swiping,2026-03-23T03:41:38Z,unknown,ended,0.49607329842931935,0.2,20.397575974464417,0.00028693675994873047,0.060209424083769614,0.0,0.060209424083769614,209.83517097818964
swiping_session_2026-03-23T03_42_13Z.json,path,swiping,2026-03-23T03:41:38Z,unknown,began,0.7643979057591623,0.21833333333333332,20.51493799686432,0.11736202239990234,0.268324607329843,0.018333333333333313,0.2689501924331446,2.291628815978621
swiping_session_2026-03-23T03_42_13Z.json,path,swiping,2026-03-23T03:41:38Z,unknown,moved,0.7041884816753927,0.19333333333333333,20.531386971473694,0.016448974609375,-0.060209424083769614,-0.024999999999999994,0.06519336429805733,3.963369501519003
swiping_session_2026-03-23T03_42_13Z.json,path,swiping,2026-03-23T03:41:38Z,unknown,moved,0.637434554973822,0.165,20.547606945037842,0.01621997356414795,-0.06675392670157076,-0.02833333333333332,0.07251802884701472,4.470909188613351
swiping_session_2026-03-23T03_42_13Z.json,path,swiping,2026-03-23T03:41:38Z,unknown,moved,0.5641361256544503,0.14,20.564581036567688,0.01697409152984619,-0.0732984293193717,-0.024999999999999994,0.07744455914192376,4.562515702578253
swiping_session_2026-03-23T03_42_13Z.json,path,swiping,2026-03-23T03:41:38Z,unknown,moved,0.4803664921465969,0.11333333333333333,20.58069896697998,0.01611793041229248,-0.08376963350785338,-0.026666666666666686,0.08791167504462183,5.454278111138588
swiping_session_2026-03-23T03_42_13Z.json,path,swiping,2026-03-23T03:41:38Z,unknown,moved,0.38350785340314136,0.07833333333333334,20.59738600254059,0.01668703556060791,-0.09685863874345552,-0.03499999999999999,0.10298832894670745,6.171757024946112
swiping_session_2026-03-23T03_42_13Z.json,path,swiping,2026-03-23T03:41:38Z,unknown,moved,0.24607329842931938,0.023333333333333334,20.61448299884796,0.017096996307373047,-0.13743455497382198,-0.05500000000000001,0.14803127001026672,8.658320289069053
swiping_session_2026-03-23T03_42_13Z.json,path,swiping,2026-03-23T03:41:38Z,unknown,moved,0.09816753926701571,0.0,20.63061499595642,0.016131997108459473,-0.14790575916230367,-0.023333333333333334,0.14973495930417124,9.281861278393832
swiping_session_2026-03-23T03_42_13Z.json,path,swiping,2026-03-23T03:41:38Z,unknown,ended,0.03664921465968586,0.0,20.64737594127655,0.016760945320129395,-0.06151832460732985,0.0,0.06151832460732985,3.670337408323156
swiping_session_2026-03-23T03_42_13Z.json,path,swiping,2026-03-23T03:41:38Z,unknown,began,0.7840314136125655,0.19333333333333333,20.831544995307922,0.18416905403137207,0.7473821989528796,0.19333333333333333,0.7719831145105568,4.191709180300476
swiping_session_2026-03-23T03_42_13Z.json,path,swiping,2026-03-23T03:41:38Z,unknown,moved,0.7277486910994765,0.17166666666666666,20.847465991973877,0.01592099666595459,-0.05628272251308897,-0.021666666666666667,0.060309114551034625,3.7880238163732205
swiping_session_2026-03-23T03_42_13Z.json,path,swiping,2026-03-23T03:41:38Z,unknown,moved,0.6649214659685864,0.15166666666666667,20.86457097530365,0.01710498332977295,-0.06282722513089012,-0.01999999999999999,0.06593375628346644,3.854651887833301
swiping_session_2026-03-23T03_42_13Z.json,path,swiping,2026-03-23T03:41:38Z,unknown,moved,0.5929319371727748,0.14,20.880704045295715,0.01613306999206543,-0.07198952879581155,-0.011666666666666659,0.07292875542167226,4.520451188616928
swiping_session_2026-03-23T03_42_13Z.json,path,swiping,2026-03-23T03:41:38Z,unknown,moved,0.5170157068062827,0.13,20.897351026535034,0.016646981239318848,-0.07591623036649209,-0.010000000000000009,0.07657201860378435,4.599754003622429
swiping_session_2026-03-23T03_42_13Z.json,path,swiping,2026-03-23T03:41:38Z,unknown,moved,0.43848167539267013,0.12166666666666667,20.914281964302063,0.01693093776702881,-0.07853403141361259,-0.008333333333333331,0.07897492345370608,4.664533325939057
swiping_session_2026-03-23T03_42_13Z.json,path,swiping,2026-03-23T03:41:38Z,unknown,moved,0.3586387434554974,0.10833333333333334,20.93060803413391,0.016326069831848145,-0.07984293193717273,-0.013333333333333336,0.08094857353963548,4.9582400647169065
swiping_session_2026-03-23T03_42_13Z.json,path,swiping,2026-03-23T03:41:38Z,unknown,moved,0.2787958115183246,0.07666666666666666,20.947358012199402,0.016749978065490723,-0.07984293193717279,-0.031666666666666676,0.08589337319084508,5.1279692937513515
swiping_session_2026-03-23T03_42_13Z.json,path,swiping,2026-03-23T03:41:38Z,unknown,moved,0.20680628272251309,0.02,20.96402597427368,0.016667962074279785,-0.07198952879581152,-0.05666666666666666,0.09161661076111738,5.496569427794075
swiping_session_2026-03-23T03_42_13Z.json,path,swiping,2026-03-23T03:41:38Z,unknown,moved,0.1400523560209424,0.0,20.980949997901917,0.016924023628234863,-0.06675392670157068,-0.02,0.06968562785882518,4.117556757753903
swiping_session_2026-03-23T03_42_13Z.json,path,swiping,2026-03-23T03:41:38Z,unknown,ended,0.10602094240837696,0.0,20.997436046600342,0.016486048698425293,-0.03403141361256544,0.0,0.03403141361256544,2.064255312785533
swiping_session_2026-03-23T03_42_13Z.json,path,swiping,2026-03-23T03:41:38Z,unknown,began,0.8573298429319371,0.013333333333333334,21.148738026618958,0.15130198001861572,0.7513089005235601,0.013333333333333334,0.7514272032497217,4.966406937683621
swiping_session_2026-03-23T03_42_13Z.json,path,swiping,2026-03-23T03:41:38Z,unknown,moved,0.831151832460733,0.011666666666666667,21.16567599773407,0.016937971115112305,-0.02617801047120416,-0.001666666666666667,0.026231012371013294,1.5486513817236116
swiping_session_2026-03-23T03_42_13Z.json,path,swiping,2026-03-23T03:41:38Z,unknown,moved,0.7945026178010471,0.008333333333333333,21.181386947631836,0.015710949897766113,-0.03664921465968585,-0.003333333333333334,0.036800489756018774,2.3423465796457865
swiping_session_2026-03-23T03_42_13Z.json,path,swiping,2026-03-23T03:41:38Z,unknown,moved,0.7290575916230366,0.008333333333333333,21.197410941123962,0.016023993492126465,-0.06544502617801051,0.0,0.06544502617801051,4.084189513067858
swiping_session_2026-03-23T03_42_13Z.json,path,swiping,2026-03-23T03:41:38Z,unknown,moved,0.637434554973822,0.02666666666666667,21.214285016059875,0.016874074935913086,-0.09162303664921467,0.018333333333333333,0.09343924205565052,5.537443824952076
swiping_session_2026-03-23T03_42_13Z.json,path,swiping,2026-03-23T03:41:38Z,unknown,moved,0.5287958115183246,0.06,21.23070204257965,0.01641702651977539,-0.1086387434554974,0.033333333333333326,0.11363752765130228,6.921931173980768
swiping_session_2026-03-23T03_42_13Z.json,path,swiping,2026-03-23T03:41:38Z,unknown,moved,0.42670157068062825,0.09,21.247588992118835,0.01688694953918457,-0.1020942408376963,0.03,0.1064106856111055,6.301356284874871
swiping_session_2026-03-23T03_42_13Z.json,path,swiping,2026-03-23T03:41:38Z,unknown,moved,0.3337696335078534,0.10166666666666667,21.263996958732605,0.01640796661376953,-0.09293193717277487,0.011666666666666672,0.09366139043274815,5.708287482383571
swiping_session_2026-03-23T03_42_13Z.json,path,swiping,2026-03-23T03:41:38Z,unknown,moved,0.21858638743455497,0.10166666666666667,21.281175017356873,0.017178058624267578,-0.11518324607329841,0.0,0.11518324607329841,6.705253986651212
swiping_session_2026-03-23T03_42_13Z.json,path,swiping,2026-03-23T03:41:38Z,unknown,moved,0.1099476439790576,0.085,21.297281980514526,0.01610696315765381,-0.10863874345549737,-0.016666666666666663,0.10990975551500036,6.823741660002043
swiping_session_2026-03-23T03_42_13Z.json,path,swiping,2026-03-23T03:41:38Z,unknown,ended,0.10471204188481675,0.07833333333333334,21.31440496444702,0.017122983932495117,-0.005235602094240843,-0.006666666666666668,0.00847679029666675,0.4950533347508394
swiping_session_2026-03-23T03_42_13Z.json,path,swiping,2026-03-23T03:41:38Z,unknown,began,0.6845549738219895,0.2683333333333333,21.481721997261047,0.16731703281402588,0.5798429319371727,0.18999999999999997,0.6101785195477605,3.6468404279316764
swiping_session_2026-03-23T03_42_13Z.json,path,swiping,2026-03-23T03:41:38Z,unknown,moved,0.6348167539267016,0.2816666666666667,21.497475028038025,0.01575303077697754,-0.04973821989528793,0.013333333333333364,0.051494352079910606,3.2688536453040937
swiping_session_2026-03-23T03_42_13Z.json,path,swiping,2026-03-23T03:41:38Z,unknown,moved,0.581151832460733,0.30333333333333334,21.514963030815125,0.01748800277709961,-0.053664921465968574,0.021666666666666667,0.0578737266848526,3.3093388320270485
swiping_session_2026-03-23T03_42_13Z.json,path,swiping,2026-03-23T03:41:38Z,unknown,moved,0.5196335078534031,0.335,21.530683040618896,0.015720009803771973,-0.061518324607329866,0.031666666666666676,0.06919018745653596,4.401408670873345
swiping_session_2026-03-23T03_42_13Z.json,path,swiping,2026-03-23T03:41:38Z,unknown,moved,0.4410994764397906,0.38,21.547655940055847,0.016972899436950684,-0.07853403141361254,0.044999999999999984,0.09051294984737973,5.332792442658878
swiping_session_2026-03-23T03_42_13Z.json,path,swiping,2026-03-23T03:41:38Z,unknown,moved,0.33507853403141363,0.42333333333333334,21.56392002105713,0.01626408100128174,-0.10602094240837695,0.043333333333333335,0.11453478950492799,7.042192515882191
swiping_session_2026-03-23T03_42_13Z.json,path,swiping,2026-03-23T03:41:38Z,unknown,moved,0.21335078534031413,0.4483333333333333,21.580670952796936,0.01675093173980713,-0.12172774869109951,0.024999999999999967,0.12426843847656362,7.418598583459719
swiping_session_2026-03-23T03_42_13Z.json,path,swiping,2026-03-23T03:41:38Z,unknown,moved,0.11387434554973822,0.45,21.597355008125305,0.01668405532836914,-0.09947643979057591,0.0016666666666667052,0.099490400799202,5.963202521273774
swiping_session_2026-03-23T03_42_13Z.json,path,swiping,2026-03-23T03:41:38Z,unknown,moved,0.05759162303664921,0.43,21.614390015602112,0.01703500747680664,-0.056282722513089,-0.020000000000000018,0.05973060231979397,3.506344355945712
swiping_session_2026-03-23T03_42_13Z.json,path,swiping,2026-03-23T03:41:38Z,unknown,ended,0.04450261780104712,0.4083333333333333,21.6306129693985,0.01622295379638672,-0.013089005235602094,-0.021666666666666667,0.02531336608398937,1.5603426109508693
swiping_session_2026-03-23T03_42_13Z.json,path,swiping,2026-03-23T03:41:38Z,unknown,began,0.7958115183246073,0.30666666666666664,21.814705967903137,0.18409299850463867,0.7513089005235601,-0.10166666666666668,0.7581564318246149,4.118333874634082
swiping_session_2026-03-23T03_42_13Z.json,path,swiping,2026-03-23T03:41:38Z,unknown,moved,0.7277486910994765,0.31666666666666665,21.831182956695557,0.016476988792419434,-0.0680628272251308,0.010000000000000009,0.06879352040619818,4.175126976953945
swiping_session_2026-03-23T03_42_13Z.json,path,swiping,2026-03-23T03:41:38Z,unknown,moved,0.6596858638743456,0.3416666666666667,21.847550988197327,0.01636803150177002,-0.0680628272251309,0.025000000000000022,0.07250895427378623,4.429912923001474
swiping_session_2026-03-23T03_42_13Z.json,path,swiping,2026-03-23T03:41:38Z,unknown,moved,0.5785340314136126,0.37666666666666665,21.864004015922546,0.016453027725219727,-0.08115183246073299,0.034999999999999976,0.08837771162309463,5.3715166046688445
swiping_session_2026-03-23T03_42_13Z.json,path,swiping,2026-03-23T03:41:38Z,unknown,moved,0.49607329842931935,0.415,21.88065493106842,0.016650915145874023,-0.08246073298429324,0.03833333333333333,0.09093523480341023,5.461275491872489
swiping_session_2026-03-23T03_42_13Z.json,path,swiping,2026-03-23T03:41:38Z,unknown,moved,0.412303664921466,0.455,21.897331953048706,0.016677021980285645,-0.08376963350785338,0.040000000000000036,0.09282969082163355,5.566322988083245
swiping_session_2026-03-23T03_42_13Z.json,path,swiping,2026-03-23T03:41:38Z,unknown,moved,0.32591623036649214,0.4866666666666667,21.914345026016235,0.017013072967529297,-0.08638743455497383,0.031666666666666676,0.09200851388196456,5.408106698746875
swiping_session_2026-03-23T03_42_13Z.json,path,swiping,2026-03-23T03:41:38Z,unknown,moved,0.24214659685863874,0.5066666666666667,21.930585980415344,0.016240954399108887,-0.08376963350785341,0.020000000000000018,0.08612404715316203,5.3028932313169665
swiping_session_2026-03-23T03_42_13Z.json,path,swiping,2026-03-23T03:41:38Z,unknown,moved,0.2094240837696335,0.51,21.94720196723938,0.016615986824035645,-0.03272251308900523,0.0033333333333332993,0.03289185269897744,1.9795304995908005
swiping_session_2026-03-23T03_42_13Z.json,path,swiping,2026-03-23T03:41:38Z,unknown,ended,0.20418848167539266,0.5166666666666667,21.947492003440857,0.0002900362014770508,-0.005235602094240843,0.00666666666666671,0.008476790296666783,29.226662925171127
swiping_session_2026-03-23T03_42_13Z.json,path,swiping,2026-03-23T03:41:38Z,unknown,began,0.756544502617801,0.625,22.13146197795868,0.18396997451782227,0.5523560209424083,0.10833333333333328,0.5628794586609476,3.0596267686410865
swiping_session_2026-03-23T03_42_13Z.json,path,swiping,2026-03-23T03:41:38Z,unknown,moved,0.6950261780104712,0.6166666666666667,22.14784300327301,0.016381025314331055,-0.061518324607329866,-0.008333333333333304,0.06208017966257227,3.7897615363710466
swiping_session_2026-03-23T03_42_13Z.json,path,swiping,2026-03-23T03:41:38Z,unknown,moved,0.6335078534031413,0.6116666666666667,22.164152026176453,0.016309022903442383,-0.061518324607329866,-0.0050000000000000044,0.061721181635584446,3.78448065227481
swiping_session_2026-03-23T03_42_13Z.json,path,swiping,2026-03-23T03:41:38Z,unknown,moved,0.5654450261780105,0.6083333333333333,22.181115984916687,0.016963958740234375,-0.0680628272251308,-0.0033333333333334103,0.06814440227186029,4.017010611458184
swiping_session_2026-03-23T03_42_13Z.json,path,swiping,2026-03-23T03:41:38Z,unknown,moved,0.4869109947643979,0.6083333333333333,22.197281002998352,0.01616501808166504,-0.07853403141361259,0.0,0.07853403141361259,4.858270557871432
swiping_session_2026-03-23T03_42_13Z.json,path,swiping,2026-03-23T03:41:38Z,unknown,moved,0.3887434554973822,0.605,22.213871955871582,0.01659095287322998,-0.09816753926701571,-0.0033333333333332993,0.09822411555647718,5.920342026585155
swiping_session_2026-03-23T03_42_13Z.json,path,swiping,2026-03-23T03:41:38Z,unknown,moved,0.27225130890052357,0.5866666666666667,22.2306410074234,0.016769051551818848,-0.11649214659685864,-0.018333333333333313,0.11792595698087471,7.032356995055211
swiping_session_2026-03-23T03_42_13Z.json,path,swiping,2026-03-23T03:41:38Z,unknown,moved,0.18455497382198952,0.5533333333333333,22.247290015220642,0.01664900779724121,-0.08769633507853405,-0.033333333333333326,0.09381768648457302,5.635031686399888
swiping_session_2026-03-23T03_42_13Z.json,path,swiping,2026-03-23T03:41:38Z,unknown,ended,0.15706806282722513,0.5333333333333333,22.26418101787567,0.016891002655029297,-0.027486910994764385,-0.020000000000000018,0.03399309159276485,2.0124969658117604
swiping_session_2026-03-23T03_42_13Z.json,path,swiping,2026-03-23T03:41:38Z,unknown,began,0.7879581151832461,0.61,22.46528697013855,0.20110595226287842,0.630890052356021,0.07666666666666666,0.6355313020926355,3.1601814612721757
swiping_session_2026-03-23T03_42_13Z.json,path,swiping,2026-03-23T03:41:38Z,unknown,moved,0.7329842931937173,0.555,22.482977032661438,0.017690062522888184,-0.054973821989528826,-0.05499999999999994,0.07776323748492212,4.395871262993481
swiping_session_2026-03-23T03_42_13Z.json,path,swiping,2026-03-23T03:41:38Z,unknown,moved,0.6767015706806283,0.51,22.497427940368652,0.014450907707214355,-0.05628272251308897,-0.04500000000000004,0.07206070256030936,4.986586588213719
swiping_session_2026-03-23T03_42_13Z.json,path,swiping,2026-03-23T03:41:38Z,unknown,moved,0.6099476439790575,0.4683333333333333,22.514214992523193,0.016787052154541016,-0.06675392670157076,-0.041666666666666685,0.0786905193856909,4.687572223000722
swiping_session_2026-03-23T03_42_13Z.json,path,swiping,2026-03-23T03:41:38Z,unknown,moved,0.5235602094240838,0.43333333333333335,22.531057953834534,0.016842961311340332,-0.08638743455497377,-0.034999999999999976,0.09320830890532171,5.533962061799949
swiping_session_2026-03-23T03_42_13Z.json,path,swiping,2026-03-23T03:41:38Z,unknown,moved,0.4306282722513089,0.39166666666666666,22.54775094985962,0.01669299602508545,-0.09293193717277487,-0.041666666666666685,0.1018452554505888,6.1010770803240195
swiping_session_2026-03-23T03_42_13Z.json,path,swiping,2026-03-23T03:41:38Z,unknown,moved,0.3403141361256545,0.335,22.564375042915344,0.016624093055725098,-0.09031413612565442,-0.05666666666666664,0.10661967123957167,6.413563187006668
swiping_session_2026-03-23T03_42_13Z.json,path,swiping,2026-03-23T03:41:38Z,unknown,moved,0.27486910994764396,0.26666666666666666,22.580654978752136,0.016279935836791992,-0.06544502617801051,-0.06833333333333336,0.09461762994223079,5.811916637189613
swiping_session_2026-03-23T03_42_13Z.json,path,swiping,2026-03-23T03:41:38Z,unknown,moved,0.24345549738219896,0.20833333333333334,22.597720980644226,0.017066001892089844,-0.031413612565445004,-0.05833333333333332,0.06625400238619295,3.882221671198919
swiping_session_2026-03-23T03_42_13Z.json,path,swiping,2026-03-23T03:41:38Z,unknown,ended,0.25,0.18666666666666668,22.613871932029724,0.016150951385498047,0.00654450261780104,-0.021666666666666667,0.022633491974479968,1.4013720575496624
swiping_session_2026-03-23T03_42_13Z.json,path,swiping,2026-03-23T03:41:38Z,unknown,began,0.8206806282722513,0.24833333333333332,22.748108983039856,0.13423705101013184,0.5706806282722513,0.06166666666666665,0.574002750222496,4.2760381422500995
swiping_session_2026-03-23T03_42_13Z.json,path,swiping,2026-03-23T03:41:38Z,unknown,moved,0.7696335078534031,0.22333333333333333,22.764448046684265,0.01633906364440918,-0.05104712041884818,-0.024999999999999994,0.056840201469174845,3.4787918516141008
swiping_session_2026-03-23T03_42_13Z.json,path,swiping,2026-03-23T03:41:38Z,unknown,moved,0.7002617801047121,0.195,22.780959963798523,0.016511917114257812,-0.06937172774869105,-0.02833333333333332,0.07493473419327173,4.538221314626551
swiping_session_2026-03-23T03_42_13Z.json,path,swiping,2026-03-23T03:41:38Z,unknown,moved,0.6034031413612565,0.17666666666666667,22.797348976135254,0.016389012336730957,-0.09685863874345557,-0.01833333333333334,0.09857843075615651,6.014909790214943
swiping_session_2026-03-23T03_42_13Z.json,path,swiping,2026-03-23T03:41:38Z,unknown,moved,0.49476439790575916,0.165,22.814280033111572,0.01693105697631836,-0.10863874345549734,-0.011666666666666659,0.10926338678029561,6.453429749431676
swiping_session_2026-03-23T03_42_13Z.json,path,swiping,2026-03-23T03:41:38Z,unknown,moved,0.3717277486910995,0.15666666666666668,22.830574989318848,0.01629495620727539,-0.12303664921465968,-0.008333333333333331,0.12331853670237763,7.567896171903686
swiping_session_2026-03-23T03_42_13Z.json,path,swiping,2026-03-23T03:41:38Z,unknown,moved,0.2238219895287958,0.135,22.847735047340393,0.01716005802154541,-0.14790575916230367,-0.021666666666666667,0.14948430699515525,8.711177247038988
swiping_session_2026-03-23T03_42_13Z.json,path,swiping,2026-03-23T03:41:38Z,unknown,moved,0.09162303664921466,0.08666666666666667,22.864382028579712,0.016646981239318848,-0.13219895287958117,-0.04833333333333334,0.1407575015889698,8.455437028817679
swiping_session_2026-03-23T03_42_13Z.json,path,swiping,2026-03-23T03:41:38Z,unknown,moved,0.0274869109947644,0.055,22.881018042564392,0.016636013984680176,-0.06413612565445026,-0.03166666666666667,0.0715277595884368,4.299573182272238
swiping_session_2026-03-23T03_42_13Z.json,path,swiping,2026-03-23T03:41:38Z,unknown,moved,0.028795811518324606,0.056666666666666664,22.897238969802856,0.016220927238464355,0.0013089005235602073,0.0016666666666666635,0.0021191975741666827,0.1306458960706927
swiping_session_2026-03-23T03_42_13Z.json,path,swiping,2026-03-23T03:41:38Z,unknown,moved,0.05235602094240838,0.08166666666666667,22.913941025733948,0.01670205593109131,0.02356020942408377,0.025,0.034352342978415405,2.056773317018274
swiping_session_2026-03-23T03_42_13Z.json,path,swiping,2026-03-23T03:41:38Z,unknown,moved,0.1649214659685864,0.16,22.930881023406982,0.016939997673034668,0.11256544502617802,0.07833333333333334,0.13713894605491403,8.095570536778395
swiping_session_2026-03-23T03_42_13Z.json,path,swiping,2026-03-23T03:41:38Z,unknown,moved,0.25,0.195,22.947258949279785,0.016377925872802734,0.0850785340314136,0.035,0.0919965051126096,5.617103522576046
swiping_session_2026-03-23T03_42_13Z.json,path,swiping,2026-03-23T03:41:38Z,unknown,ended,0.32460732984293195,0.24166666666666667,22.947564959526062,0.00030601024627685547,0.07460732984293195,0.04666666666666666,0.08800017865930626,287.5726539551561
swiping_session_2026-03-23T03_42_13Z.json,path,swiping,2026-03-23T03:41:38Z,unknown,began,0.8363874345549738,0.06333333333333334,23.06525993347168,0.11769497394561768,0.5117801047120418,-0.17833333333333334,0.5419609334231078,4.604792500939991
swiping_session_2026-03-23T03_42_13Z.json,path,swiping,2026-03-23T03:41:38Z,unknown,moved,0.7984293193717278,0.06333333333333334,23.084015011787415,0.018755078315734863,-0.03795811518324599,0.0,0.03795811518324599,2.0238846537580404
swiping_session_2026-03-23T03_42_13Z.json,path,swiping,2026-03-23T03:41:38Z,unknown,moved,0.7513089005235603,0.06333333333333334,23.09717297554016,0.013157963752746582,-0.04712041884816753,0.0,0.04712041884816753,3.581133048670366
swiping_session_2026-03-23T03_42_13Z.json,path,swiping,2026-03-23T03:41:38Z,unknown,moved,0.6963350785340314,0.08166666666666667,23.11392593383789,0.016752958297729492,-0.054973821989528826,0.018333333333333326,0.05795025638638292,3.4591058699308554
swiping_session_2026-03-23T03_42_13Z.json,path,swiping,2026-03-23T03:41:38Z,unknown,moved,0.6295811518324608,0.12333333333333334,23.130838990211487,0.01691305637359619,-0.06675392670157065,0.04166666666666667,0.0786905193856908,4.652649269740415
swiping_session_2026-03-23T03_42_13Z.json,path,swiping,2026-03-23T03:41:38Z,unknown,moved,0.5575916230366492,0.185,23.1472350358963,0.016396045684814453,-0.07198952879581155,0.06166666666666666,0.09479066427671429,5.781312524916095
swiping_session_2026-03-23T03_42_13Z.json,path,swiping,2026-03-23T03:41:38Z,unknown,moved,0.4712041884816754,0.26666666666666666,23.16433298587799,0.017097949981689453,-0.08638743455497383,0.08166666666666667,0.1188790700394074,6.95282593332636
swiping_session_2026-03-23T03_42_13Z.json,path,swiping,2026-03-23T03:41:38Z,unknown,moved,0.38350785340314136,0.36,23.180508017539978,0.016175031661987305,-0.08769633507853403,0.09333333333333332,0.12806934956232746,7.9177186319394535
swiping_session_2026-03-23T03_42_13Z.json,path,swiping,2026-03-23T03:41:38Z,unknown,moved,0.31413612565445026,0.42333333333333334,23.197512984275818,0.017004966735839844,-0.0693717277486911,0.06333333333333335,0.09393374112612375,5.523900316026378
swiping_session_2026-03-23T03_42_13Z.json,path,swiping,2026-03-23T03:41:38Z,unknown,ended,0.3089005235602094,0.43166666666666664,23.213968992233276,0.016456007957458496,-0.005235602094240843,0.008333333333333304,0.009841543259756726,0.5980516833243362
swiping_session_2026-03-23T03_42_13Z.json,path,swiping,2026-03-23T03:41:38Z,unknown,began,0.7539267015706806,0.20166666666666666,23.3819580078125,0.16798901557922363,0.44502617801047123,-0.22999999999999998,0.5009474015449203,2.9820247461874883
swiping_session_2026-03-23T03_42_13Z.json,path,swiping,2026-03-23T03:41:38Z,unknown,moved,0.7421465968586387,0.26,23.3989919424057,0.017033934593200684,-0.011780104712041939,0.05833333333333335,0.05951091198095062,3.493667987001968
swiping_session_2026-03-23T03_42_13Z.json,path,swiping,2026-03-23T03:41:38Z,unknown,moved,0.6989528795811518,0.36666666666666664,23.414674997329712,0.01568305492401123,-0.04319371727748689,0.10666666666666663,0.11508029800980374,7.33787508667156
swiping_session_2026-03-23T03_42_13Z.json,path,swiping,2026-03-23T03:41:38Z,unknown,moved,0.6361256544502618,0.48,23.430464029312134,0.015789031982421875,-0.06282722513089001,0.11333333333333334,0.12958281005631875,8.207140893791646
swiping_session_2026-03-23T03_42_13Z.json,path,swiping,2026-03-23T03:41:38Z,unknown,moved,0.5602094240837696,0.5933333333333334,23.44725203514099,0.016788005828857422,-0.0759162303664922,0.1133333333333334,0.13641011134627365,8.125450558981466
swiping_session_2026-03-23T03_42_13Z.json,path,swiping,2026-03-23T03:41:38Z,unknown,moved,0.49476439790575916,0.6833333333333333,23.463809967041016,0.016557931900024414,-0.06544502617801046,0.08999999999999997,0.11127916000509919,6.720595342280343
swiping_session_2026-03-23T03_42_13Z.json,path,swiping,2026-03-23T03:41:38Z,unknown,moved,0.443717277486911,0.74,23.48056697845459,0.01675701141357422,-0.05104712041884818,0.05666666666666664,0.0762687328737504,4.551451985762091
swiping_session_2026-03-23T03_42_13Z.json,path,swiping,2026-03-23T03:41:38Z,unknown,moved,0.4201570680628272,0.7616666666666667,23.497431993484497,0.016865015029907227,-0.023560209424083767,0.021666666666666723,0.03200824757076108,1.8979080370814918
swiping_session_2026-03-23T03_42_13Z.json,path,swiping,2026-03-23T03:41:38Z,unknown,ended,0.39528795811518325,0.7833333333333333,23.497902035713196,0.00047004222869873047,-0.024869109947643964,0.021666666666666612,0.03298358794965226,70.17154190797783
swiping_session_2026-03-23T03_42_13Z.json,path,swiping,2026-03-23T03:41:38Z,unknown,began,0.768324607329843,0.34833333333333333,23.708011031150818,0.21010899543762207,0.37303664921465973,-0.435,0.5730456715282832,2.727373334657683
swiping_session_2026-03-23T03_42_13Z.json,path,swiping,2026-03-23T03:41:38Z,unknown,moved,0.7212041884816754,0.465,23.721370935440063,0.013359904289245605,-0.04712041884816753,0.1166666666666667,0.12582307015622318,9.417961942849221
swiping_session_2026-03-23T03_42_13Z.json,path,swiping,2026-03-23T03:41:38Z,unknown,moved,0.668848167539267,0.5683333333333334,23.730425000190735,0.009054064750671387,-0.05235602094240843,0.10333333333333333,0.11584010836795555,12.79426551034613
swiping_session_2026-03-23T03_42_13Z.json,path,swiping,2026-03-23T03:41:38Z,unknown,moved,0.6178010471204188,0.64,23.747216939926147,0.016791939735412598,-0.05104712041884818,0.07166666666666666,0.08798817883197434,5.239905586750986
swiping_session_2026-03-23T03_42_13Z.json,path,swiping,2026-03-23T03:41:38Z,unknown,moved,0.5602094240837696,0.6916666666666667,23.763895988464355,0.016679048538208008,-0.05759162303664922,0.05166666666666664,0.07737079221799366,4.638801310563627
swiping_session_2026-03-23T03_42_13Z.json,path,swiping,2026-03-23T03:41:38Z,unknown,moved,0.49607329842931935,0.7366666666666667,23.780560970306396,0.016664981842041016,-0.06413612565445026,0.04500000000000004,0.07834821385305116,4.701368090027009
swiping_session_2026-03-23T03_42_13Z.json,path,swiping,2026-03-23T03:41:38Z,unknown,moved,0.43455497382198954,0.77,23.797206044197083,0.016645073890686035,-0.06151832460732981,0.033333333333333326,0.06996867423071493,4.20356645396851
swiping_session_2026-03-23T03_42_13Z.json,path,swiping,2026-03-23T03:41:38Z,unknown,moved,0.3756544502617801,0.7966666666666666,23.813887000083923,0.01668095588684082,-0.05890052356020942,0.026666666666666616,0.0646558797541097,3.876029658774835
swiping_session_2026-03-23T03_42_13Z.json,path,swiping,2026-03-23T03:41:38Z,unknown,moved,0.3507853403141361,0.8016666666666666,23.83072793483734,0.01684093475341797,-0.02486910994764402,0.0050000000000000044,0.025366762300065154,1.5062561948894682
swiping_session_2026-03-23T03_42_13Z.json,path,swiping,2026-03-23T03:41:38Z,unknown,ended,0.3219895287958115,0.8016666666666666,23.831086039543152,0.0003581047058105469,-0.02879581151832461,0.0,0.02879581151832461,80.41170934391144
swiping_session_2026-03-23T03_42_13Z.json,path,swiping,2026-03-23T03:41:38Z,unknown,began,0.5863874345549738,0.21333333333333335,24.00828504562378,0.17719900608062744,0.2643979057591623,-0.5883333333333333,0.6450134600773397,3.640051230218818
swiping_session_2026-03-23T03_42_13Z.json,path,swiping,2026-03-23T03:41:38Z,unknown,moved,0.5497382198952879,0.24,24.022534012794495,0.014248967170715332,-0.03664921465968585,0.026666666666666644,0.04532412212368643,3.1808706961468176
swiping_session_2026-03-23T03_42_13Z.json,path,swiping,2026-03-23T03:41:38Z,unknown,moved,0.49214659685863876,0.2966666666666667,24.030393958091736,0.007859945297241211,-0.057591623036649164,0.0566666666666667,0.08079545875299313,10.279391992887254
swiping_session_2026-03-23T03_42_13Z.json,path,swiping,2026-03-23T03:41:38Z,unknown,moved,0.42408376963350786,0.3616666666666667,24.0472069978714,0.016813039779663086,-0.0680628272251309,0.065,0.0941145496184199,5.597711707805514
swiping_session_2026-03-23T03_42_13Z.json,path,swiping,2026-03-23T03:41:38Z,unknown,moved,0.3481675392670157,0.43666666666666665,24.063872933387756,0.016665935516357422,-0.07591623036649214,0.07499999999999996,0.1067158565212232,6.403232294789742
swiping_session_2026-03-23T03_42_13Z.json,path,swiping,2026-03-23T03:41:38Z,unknown,moved,0.2630890052356021,0.515,24.080507040023804,0.016634106636047363,-0.08507853403141363,0.07833333333333337,0.11564803527966018,6.952464464129512
swiping_session_2026-03-23T03_42_13Z.json,path,swiping,2026-03-23T03:41:38Z,unknown,moved,0.1806282722513089,0.5916666666666667,24.097203016281128,0.01669597625732422,-0.08246073298429318,0.07666666666666666,0.11259462803386613,6.743818169031771
swiping_session_2026-03-23T03_42_13Z.json,path,swiping,2026-03-23T03:41:38Z,unknown,moved,0.10209424083769633,0.665,24.11407995223999,0.016876935958862305,-0.07853403141361257,0.07333333333333336,0.10744939212416266,6.366640981874411
swiping_session_2026-03-23T03_42_13Z.json,path,swiping,2026-03-23T03:41:38Z,unknown,moved,0.03534031413612566,0.7166666666666667,24.130530953407288,0.016451001167297363,-0.06675392670157068,0.05166666666666664,0.08441286142835766,5.131168648638869
swiping_session_2026-03-23T03_42_13Z.json,path,swiping,2026-03-23T03:41:38Z,unknown,ended,0.005235602094240838,0.7333333333333333,24.147626042366028,0.017095088958740234,-0.03010471204188482,0.016666666666666607,0.03441033950577327,2.012878645371438
swiping_session_2026-03-23T03_42_13Z.json,path,swiping,2026-03-23T03:41:38Z,unknown,began,0.40575916230366493,0.12333333333333334,24.314725041389465,0.1670989990234375,0.4005235602094241,-0.61,0.7297390782209983,4.367106221376252
swiping_session_2026-03-23T03_42_13Z.json,path,swiping,2026-03-23T03:41:38Z,unknown,moved,0.331151832460733,0.15666666666666668,24.3310649394989,0.016339898109436035,-0.07460732984293195,0.03333333333333334,0.08171514411296815,5.000957996536033
swiping_session_2026-03-23T03_42_13Z.json,path,swiping,2026-03-23T03:41:38Z,unknown,moved,0.24607329842931938,0.22333333333333333,24.347378969192505,0.016314029693603516,-0.0850785340314136,0.06666666666666665,0.10808700845790323,6.625402214407058
swiping_session_2026-03-23T03_42_13Z.json,path,swiping,2026-03-23T03:41:38Z,unknown,moved,0.16230366492146597,0.295,24.364122986793518,0.016744017601013184,-0.08376963350785341,0.07166666666666666,0.11024274402041699,6.584007891495896
swiping_session_2026-03-23T03_42_13Z.json,path,swiping,2026-03-23T03:41:38Z,unknown,moved,0.08900523560209424,0.36666666666666664,24.380538940429688,0.016415953636169434,-0.07329842931937174,0.07166666666666666,0.10251229610050709,6.24467505041198
swiping_session_2026-03-23T03_42_13Z.json,path,swiping,2026-03-23T03:41:38Z,unknown,moved,0.003926701570680628,0.45,24.3974529504776,0.016914010047912598,-0.0850785340314136,0.08333333333333337,0.1190915672807225,7.041001332231081
swiping_session_2026-03-23T03_42_13Z.json,path,swiping,2026-03-23T03:41:38Z,unknown,moved,0.0,0.49333333333333335,24.414240956306458,0.016788005828857422,-0.003926701570680628,0.043333333333333335,0.04351088097249886,2.591783766104409
swiping_session_2026-03-23T03_42_13Z.json,path,swiping,2026-03-23T03:41:38Z,unknown,ended,0.0,0.5016666666666667,24.41460394859314,0.0003629922866821289,0.0,0.00833333333333336,0.00833333333333336,22.957328954570404
swiping_session_2026-03-23T03_42_13Z.json,path,swiping,2026-03-23T03:41:38Z,unknown,began,0.4397905759162304,0.7866666666666666,24.632073044776917,0.21746909618377686,0.4397905759162304,0.2849999999999999,0.5240617813433159,2.4098218576328034
swiping_session_2026-03-23T03_42_13Z.json,path,swiping,2026-03-23T03:41:38Z,unknown,moved,0.4397905759162304,0.725,24.650686979293823,0.01861393451690674,0.0,-0.06166666666666665,0.06166666666666665,3.3129302464589525
swiping_session_2026-03-23T03_42_13Z.json,path,swiping,2026-03-23T03:41:38Z,unknown,moved,0.4397905759162304,0.6283333333333333,24.663720965385437,0.01303398609161377,0.0,-0.09666666666666668,0.09666666666666668,7.416508348805376
swiping_session_2026-03-23T03_42_13Z.json,path,swiping,2026-03-23T03:41:38Z,unknown,moved,0.4397905759162304,0.5133333333333333,24.68079102039337,0.01707005500793457,0.0,-0.11499999999999999,0.11499999999999999,6.736943726692458
swiping_session_2026-03-23T03_42_13Z.json,path,swiping,2026-03-23T03:41:38Z,unknown,moved,0.4424083769633508,0.38166666666666665,24.69706702232361,0.016276001930236816,0.002617801047120394,-0.13166666666666665,0.1316926876991787,8.091218486188922
swiping_session_2026-03-23T03_42_13Z.json,path,swiping,2026-03-23T03:41:38Z,unknown,moved,0.4620418848167539,0.24166666666666667,24.71376097202301,0.016693949699401855,0.01963350785340312,-0.13999999999999999,0.1413699919736492,8.468337003478242
swiping_session_2026-03-23T03_42_13Z.json,path,swiping,2026-03-23T03:41:38Z,unknown,moved,0.4986910994764398,0.10833333333333334,24.730486035346985,0.01672506332397461,0.0366492146596859,-0.13333333333333333,0.1382784969290219,8.267741308387516
swiping_session_2026-03-23T03_42_13Z.json,path,swiping,2026-03-23T03:41:38Z,unknown,moved,0.524869109947644,0.04666666666666667,24.74756395816803,0.017077922821044922,0.026178010471204216,-0.06166666666666667,0.06699302956284524,3.9227855907798412
swiping_session_2026-03-23T03_42_13Z.json,path,swiping,2026-03-23T03:41:38Z,unknown,ended,0.5536649214659686,0.0,24.74794602394104,0.0003820657730102539,0.028795811518324554,-0.04666666666666667,0.05483590556174532,143.52477880889276
swiping_session_2026-03-23T03_42_13Z.json,path,swiping,2026-03-23T03:41:38Z,unknown,began,0.6570680628272252,0.5533333333333333,24.98172402381897,0.2337779998779297,0.10340314136125661,0.5533333333333333,0.5629120601134371,2.4078915056479615
swiping_session_2026-03-23T03_42_13Z.json,path,swiping,2026-03-23T03:41:38Z,unknown,moved,0.7238219895287958,0.4633333333333333,25.000447034835815,0.018723011016845703,0.06675392670157065,-0.09000000000000002,0.11205394562476893,5.984825064940161
swiping_session_2026-03-23T03_42_13Z.json,path,swiping,2026-03-23T03:41:38Z,unknown,moved,0.7971204188481675,0.3616666666666667,25.01367700099945,0.013229966163635254,0.0732984293193717,-0.10166666666666663,0.1253346354835647,9.47354165032316
swiping_session_2026-03-23T03_42_13Z.json,path,swiping,2026-03-23T03:41:38Z,unknown,moved,0.8481675392670157,0.25666666666666665,25.030508995056152,0.01683199405670166,0.05104712041884818,-0.10500000000000004,0.11675105354152654,6.936258006521936
swiping_session_2026-03-23T03_42_13Z.json,path,swiping,2026-03-23T03:41:38Z,unknown,moved,0.887434554973822,0.16,25.047384023666382,0.016875028610229492,0.03926701570680624,-0.09666666666666665,0.10433763926293814,6.182960732860008
swiping_session_2026-03-23T03_42_13Z.json,path,swiping,2026-03-23T03:41:38Z,unknown,moved,0.9149214659685864,0.06333333333333334,25.063822984695435,0.016438961029052734,0.027486910994764413,-0.09666666666666666,0.10049863044081021,6.1134417353504285
swiping_session_2026-03-23T03_42_13Z.json,path,swiping,2026-03-23T03:41:38Z,unknown,moved,0.9280104712041884,0.015,25.080389976501465,0.016566991806030273,0.01308900523560208,-0.04833333333333334,0.05007427652167059,3.0225328235777775
swiping_session_2026-03-23T03_42_13Z.json,path,swiping,2026-03-23T03:41:38Z,unknown,ended,0.9450261780104712,0.0,25.080682039260864,0.00029206275939941406,0.017015706806282727,-0.015,0.02268334803589136,77.66600604108675
swiping_session_2026-03-23T03_42_13Z.json,path,swiping,2026-03-23T03:41:38Z,unknown,began,0.7931937172774869,0.71,25.265123963356018,0.1844419240951538,-0.1518324607329843,0.71,0.7260530945683196,3.9364862307213184
swiping_session_2026-03-23T03_42_13Z.json,path,swiping,2026-03-23T03:41:38Z,unknown,moved,0.8036649214659686,0.6666666666666666,25.2824969291687,0.017372965812683105,0.010471204188481686,-0.043333333333333335,0.04458053269011772,2.5660864800396816
swiping_session_2026-03-23T03_42_13Z.json,path,swiping,2026-03-23T03:41:38Z,unknown,moved,0.8180628272251309,0.6083333333333333,25.29738199710846,0.0148850679397583,0.014397905759162333,-0.05833333333333335,0.06008392021187948,4.036523075006879
swiping_session_2026-03-23T03_42_13Z.json,path,swiping,2026-03-23T03:41:38Z,unknown,moved,0.824607329842932,0.5216666666666666,25.31381595134735,0.0164339542388916,0.00654450261780104,-0.08666666666666667,0.08691341453208197,5.288648931880189
swiping_session_2026-03-23T03_42_13Z.json,path,swiping,2026-03-23T03:41:38Z,unknown,moved,0.81282722513089,0.395,25.33038902282715,0.016573071479797363,-0.011780104712041939,-0.1266666666666666,0.12721326704188954,7.675901669582672
swiping_session_2026-03-23T03_42_13Z.json,path,swiping,2026-03-23T03:41:38Z,unknown,moved,0.7578534031413613,0.24,25.347175002098083,0.01678597927093506,-0.054973821989528715,-0.15500000000000003,0.16446008970001322,9.797467698817908
swiping_session_2026-03-23T03_42_13Z.json,path,swiping,2026-03-23T03:41:38Z,unknown,moved,0.6924083769633508,0.10833333333333334,25.364096999168396,0.0169219970703125,-0.06544502617801051,-0.13166666666666665,0.14703456247614569,8.688960402557875
swiping_session_2026-03-23T03_42_13Z.json,path,swiping,2026-03-23T03:41:38Z,unknown,moved,0.6217277486910995,0.011666666666666667,25.380401968955994,0.016304969787597656,-0.0706806282722513,-0.09666666666666666,0.11975055597952192,7.344420599332232
swiping_session_2026-03-23T03_42_13Z.json,path,swiping,2026-03-23T03:41:38Z,unknown,moved,0.5549738219895288,0.0,25.397135019302368,0.01673305034637451,-0.06675392670157065,-0.011666666666666667,0.06776575714318979,4.049814931553848
swiping_session_2026-03-23T03_42_13Z.json,path,swiping,2026-03-23T03:41:38Z,unknown,moved,0.4986910994764398,0.0,25.414021968841553,0.01688694953918457,-0.05628272251308902,0.0,0.05628272251308902,3.3329123405319763
swiping_session_2026-03-23T03_42_13Z.json,path,swiping,2026-03-23T03:41:38Z,unknown,moved,0.45157068062827227,0.0,25.430418014526367,0.016396045684814453,-0.04712041884816753,0.0,0.04712041884816753,2.8738892141419874
swiping_session_2026-03-23T03_42_13Z.json,path,swiping,2026-03-23T03:41:38Z,unknown,moved,0.43717277486910994,0.0,25.447116017341614,0.016698002815246582,-0.014397905759162333,0.0,0.014397905759162333,0.8622531639541897
swiping_session_2026-03-23T03_42_13Z.json,path,swiping,2026-03-23T03:41:38Z,unknown,ended,0.42277486910994766,0.0,25.447407960891724,0.0002919435501098633,-0.014397905759162277,0.0,0.014397905759162277,49.317430557188544
swiping_session_2026-03-23T03_42_13Z.json,path,swiping,2026-03-23T03:41:38Z,unknown,began,0.7696335078534031,0.4816666666666667,25.648404002189636,0.2009960412979126,0.34685863874345546,0.4816666666666667,0.5935601848580654,2.953093906851138
swiping_session_2026-03-23T03_42_13Z.json,path,swiping,2026-03-23T03:41:38Z,unknown,moved,0.7198952879581152,0.4483333333333333,25.667369961738586,0.018965959548950195,-0.04973821989528793,-0.03333333333333338,0.05987488312692669,3.1569656664295103
swiping_session_2026-03-23T03_42_13Z.json,path,swiping,2026-03-23T03:41:38Z,unknown,moved,0.6413612565445026,0.38333333333333336,25.68031895160675,0.012948989868164062,-0.07853403141361259,-0.06499999999999995,0.10194407334452692,7.87274330912584
swiping_session_2026-03-23T03_42_13Z.json,path,swiping,2026-03-23T03:41:38Z,unknown,moved,0.5471204188481675,0.3016666666666667,25.697463035583496,0.017144083976745605,-0.09424083769633507,-0.08166666666666667,0.12470276634522352,7.27380748451603
swiping_session_2026-03-23T03_42_13Z.json,path,swiping,2026-03-23T03:41:38Z,unknown,moved,0.45157068062827227,0.21666666666666667,25.713791012763977,0.016327977180480957,-0.09554973821989526,-0.08500000000000002,0.12788570081870185,7.8323052148542285
swiping_session_2026-03-23T03_42_13Z.json,path,swiping,2026-03-23T03:41:38Z,unknown,moved,0.3612565445026178,0.13666666666666666,25.730353951454163,0.016562938690185547,-0.09031413612565448,-0.08000000000000002,0.12065091455982938,7.284390579270917
swiping_session_2026-03-23T03_42_13Z.json,path,swiping,2026-03-23T03:41:38Z,unknown,moved,0.27356020942408377,0.06666666666666667,25.74710202217102,0.01674807071685791,-0.08769633507853403,-0.06999999999999999,0.11220805312546206,6.699759931901775
swiping_session_2026-03-23T03_42_13Z.json,path,swiping,2026-03-23T03:41:38Z,unknown,moved,0.20418848167539266,0.015,25.763785004615784,0.016682982444763184,-0.0693717277486911,-0.051666666666666666,0.08649786734528755,5.184796401463539
swiping_session_2026-03-23T03_42_13Z.json,path,swiping,2026-03-23T03:41:38Z,unknown,moved,0.1505235602094241,0.0,25.780423998832703,0.016638994216918945,-0.053664921465968574,-0.015,0.055721843077455493,3.348870872302854
swiping_session_2026-03-23T03_42_13Z.json,path,swiping,2026-03-23T03:41:38Z,unknown,moved,0.10471204188481675,0.0,25.797351956367493,0.01692795753479004,-0.045811518324607337,0.0,0.045811518324607337,2.7062637787492267
swiping_session_2026-03-23T03_42_13Z.json,path,swiping,2026-03-23T03:41:38Z,unknown,moved,0.06282722513089005,0.0,25.814141988754272,0.016790032386779785,-0.041884816753926704,0.0,0.041884816753926704,2.494623940505688
swiping_session_2026-03-23T03_42_13Z.json,path,swiping,2026-03-23T03:41:38Z,unknown,ended,0.05759162303664921,0.0,25.830724000930786,0.016582012176513672,-0.005235602094240836,0.0,0.005235602094240836,0.31573985343325256
swiping_session_2026-03-23T03_42_13Z.json,path,swiping,2026-03-23T03:41:38Z,unknown,began,0.7905759162303665,0.195,26.048473000526428,0.2177489995956421,0.7329842931937173,0.195,0.7584793827578263,3.4832737884734977
swiping_session_2026-03-23T03_42_13Z.json,path,swiping,2026-03-23T03:41:38Z,unknown,moved,0.7159685863874345,0.21,26.065814971923828,0.017341971397399902,-0.07460732984293195,0.014999999999999986,0.07610028690019534,4.388214301380126
swiping_session_2026-03-23T03_42_13Z.json,path,swiping,2026-03-23T03:41:38Z,unknown,moved,0.6178010471204188,0.23333333333333334,26.08030104637146,0.014486074447631836,-0.09816753926701571,0.023333333333333345,0.10090247871180132,6.965481164450091
swiping_session_2026-03-23T03_42_13Z.json,path,swiping,2026-03-23T03:41:38Z,unknown,moved,0.5078534031413613,0.27,26.09737503528595,0.017073988914489746,-0.10994764397905754,0.03666666666666668,0.11590051277276574,6.788133303425505
swiping_session_2026-03-23T03_42_13Z.json,path,swiping,2026-03-23T03:41:38Z,unknown,moved,0.4109947643979058,0.315,26.11376404762268,0.016389012336730957,-0.09685863874345552,0.044999999999999984,0.10680166618192444,6.516662748649056
swiping_session_2026-03-23T03_42_13Z.json,path,swiping,2026-03-23T03:41:38Z,unknown,moved,0.32329842931937175,0.3566666666666667,26.130424976348877,0.01666092872619629,-0.08769633507853403,0.041666666666666685,0.09709149446433313,5.82749593734678
swiping_session_2026-03-23T03_42_13Z.json,path,swiping,2026-03-23T03:41:38Z,unknown,moved,0.22905759162303665,0.4083333333333333,26.147331953048706,0.0169069766998291,-0.0942408376963351,0.05166666666666664,0.10747455482183406,6.35681687684117
swiping_session_2026-03-23T03_42_13Z.json,path,swiping,2026-03-23T03:41:38Z,unknown,moved,0.1256544502617801,0.47833333333333333,26.16368293762207,0.016350984573364258,-0.10340314136125656,0.07,0.1248687696879248,7.636773744581469
swiping_session_2026-03-23T03_42_13Z.json,path,swiping,2026-03-23T03:41:38Z,unknown,moved,0.01832460732984293,0.5566666666666666,26.18041503429413,0.016732096672058105,-0.10732984293193717,0.07833333333333331,0.13287515303812603,7.941333094257214
swiping_session_2026-03-23T03_42_13Z.json,path,swiping,2026-03-23T03:41:38Z,unknown,moved,0.0,0.6233333333333333,26.19731295108795,0.016897916793823242,-0.01832460732984293,0.06666666666666665,0.06913924846451092,4.091584146619993
swiping_session_2026-03-23T03_42_13Z.json,path,swiping,2026-03-23T03:41:38Z,unknown,moved,0.0,0.6483333333333333,26.214139938354492,0.016826987266540527,0.0,0.025000000000000022,0.025000000000000022,1.4857086181856838
swiping_session_2026-03-23T03_42_13Z.json,path,swiping,2026-03-23T03:41:38Z,unknown,ended,0.0,0.655,26.21452796459198,0.00038802623748779297,0.0,0.00666666666666671,0.00666666666666671,17.180968766001136
swiping_session_2026-03-23T03_42_13Z.json,path,swiping,2026-03-23T03:41:38Z,unknown,began,0.2198952879581152,0.805,26.415068984031677,0.20054101943969727,0.2198952879581152,0.15000000000000002,0.26618402969784344,1.3273295929259252
swiping_session_2026-03-23T03_42_13Z.json,path,swiping,2026-03-23T03:41:38Z,unknown,moved,0.2617801047120419,0.765,26.433385968208313,0.018316984176635742,0.04188481675392669,-0.040000000000000036,0.057916645919027634,3.16190948032282
swiping_session_2026-03-23T03_42_13Z.json,path,swiping,2026-03-23T03:41:38Z,unknown,moved,0.32722513089005234,0.705,26.44730794429779,0.013921976089477539,0.06544502617801046,-0.06000000000000005,0.0887865499467148,6.37743876128484
swiping_session_2026-03-23T03_42_13Z.json,path,swiping,2026-03-23T03:41:38Z,unknown,moved,0.40575916230366493,0.635,26.463786005973816,0.01647806167602539,0.07853403141361259,-0.06999999999999995,0.10520263347499569,6.384405856913336
swiping_session_2026-03-23T03_42_13Z.json,path,swiping,2026-03-23T03:41:38Z,unknown,moved,0.4895287958115183,0.5616666666666666,26.480414986610413,0.01662898063659668,0.08376963350785338,-0.07333333333333336,0.11133341491132773,6.6951436978829415
swiping_session_2026-03-23T03_42_13Z.json,path,swiping,2026-03-23T03:41:38Z,unknown,moved,0.5667539267015707,0.49166666666666664,26.497054934501648,0.01663994789123535,0.07722513089005234,-0.07,0.1042291746152953,6.263792128231076
swiping_session_2026-03-23T03_42_13Z.json,path,swiping,2026-03-23T03:41:38Z,unknown,moved,0.6387434554973822,0.4166666666666667,26.51417899131775,0.017124056816101074,0.07198952879581155,-0.07499999999999996,0.10395908933923466,6.070938122646617
swiping_session_2026-03-23T03_42_13Z.json,path,swiping,2026-03-23T03:41:38Z,unknown,moved,0.7107329842931938,0.33166666666666667,26.530391931533813,0.016212940216064453,0.07198952879581155,-0.08500000000000002,0.11138892340014327,6.870371562202796
swiping_session_2026-03-23T03_42_13Z.json,path,swiping,2026-03-23T03:41:38Z,unknown,moved,0.8154450261780105,0.19166666666666668,26.547003984451294,0.01661205291748047,0.10471204188481675,-0.13999999999999999,0.1748273769055854,10.52412834067117
swiping_session_2026-03-23T03_42_13Z.json,path,swiping,2026-03-23T03:41:38Z,unknown,moved,0.8638743455497382,0.11166666666666666,26.56364393234253,0.01663994789123535,0.048429319371727675,-0.08000000000000002,0.09351683792135404,5.62001987822399
swiping_session_2026-03-23T03_42_13Z.json,path,swiping,2026-03-23T03:41:38Z,unknown,ended,0.9018324607329843,0.045,26.56393599510193,0.00029206275939941406,0.0379581151832461,-0.06666666666666667,0.07671546749325733,262.6677487092565
swiping_session_2026-03-23T03_42_13Z.json,path,swiping,2026-03-23T03:41:38Z,unknown,began,0.5039267015706806,0.32166666666666666,26.78080403804779,0.21686804294586182,-0.39790575916230364,0.27666666666666667,0.484637429032234,2.2347111287079637
swiping_session_2026-03-23T03_42_13Z.json,path,swiping,2026-03-23T03:41:38Z,unknown,moved,0.4568062827225131,0.3416666666666667,26.797803044319153,0.016999006271362305,-0.04712041884816753,0.020000000000000018,0.05118919683318681,3.011305250202987
swiping_session_2026-03-23T03_42_13Z.json,path,swiping,2026-03-23T03:41:38Z,unknown,moved,0.4083769633507853,0.37,26.814010977745056,0.01620793342590332,-0.048429319371727786,0.02833333333333332,0.05610861567162913,3.461799490239578
swiping_session_2026-03-23T03_42_13Z.json,path,swiping,2026-03-23T03:41:38Z,unknown,moved,0.3586387434554974,0.40166666666666667,26.830590963363647,0.01657998561859131,-0.04973821989528793,0.031666666666666676,0.05896327921791489,3.5562925429681167
swiping_session_2026-03-23T03_42_13Z.json,path,swiping,2026-03-23T03:41:38Z,unknown,moved,0.29450261780104714,0.44,26.8473140001297,0.016723036766052246,-0.06413612565445026,0.03833333333333333,0.07471871959828995,4.468011440958433
swiping_session_2026-03-23T03_42_13Z.json,path,swiping,2026-03-23T03:41:38Z,unknown,moved,0.20680628272251309,0.485,26.86368203163147,0.01636803150177002,-0.08769633507853405,0.044999999999999984,0.09856798256130904,6.02198147960859
swiping_session_2026-03-23T03_42_13Z.json,path,swiping,2026-03-23T03:41:38Z,unknown,moved,0.10602094240837696,0.5116666666666667,26.880293011665344,0.01661098003387451,-0.10078534031413612,0.026666666666666727,0.10425351760658892,6.276181019662076
swiping_session_2026-03-23T03_42_13Z.json,path,swiping,2026-03-23T03:41:38Z,unknown,moved,0.014397905759162303,0.5133333333333333,26.89736294746399,0.01706993579864502,-0.09162303664921466,0.0016666666666665941,0.09163819412559977,5.368397116811291
swiping_session_2026-03-23T03_42_13Z.json,path,swiping,2026-03-23T03:41:38Z,unknown,moved,0.0,0.5083333333333333,26.9137020111084,0.01633906364440918,-0.014397905759162303,-0.0050000000000000044,0.015241380851147282,0.9328185006710897
swiping_session_2026-03-23T03_42_13Z.json,path,swiping,2026-03-23T03:41:38Z,unknown,ended,0.0,0.485,26.930364966392517,0.016662955284118652,0.0,-0.023333333333333317,0.023333333333333317,1.4003118255722715
swiping_session_2026-03-23T03_42_13Z.json,path,swiping,2026-03-23T03:41:38Z,unknown,began,0.08769633507853403,0.33,27.131724953651428,0.20135998725891113,0.08769633507853403,-0.15499999999999997,0.1780888744032218,0.8844303023034708
swiping_session_2026-03-23T03_42_13Z.json,path,swiping,2026-03-23T03:41:38Z,unknown,moved,0.13219895287958114,0.355,27.148533940315247,0.01680898666381836,0.04450261780104711,0.024999999999999967,0.05104393197184239,3.036704888446093
swiping_session_2026-03-23T03_42_13Z.json,path,swiping,2026-03-23T03:41:38Z,unknown,moved,0.21204188481675393,0.39666666666666667,27.163882970809937,0.015349030494689941,0.07984293193717279,0.041666666666666685,0.0900611175337899,5.8675443745418905
swiping_session_2026-03-23T03_42_13Z.json,path,swiping,2026-03-23T03:41:38Z,unknown,moved,0.3089005235602094,0.43166666666666664,27.180824041366577,0.016941070556640625,0.09685863874345549,0.034999999999999976,0.10298832894670742,6.0792102011721845
swiping_session_2026-03-23T03_42_13Z.json,path,swiping,2026-03-23T03:41:38Z,unknown,moved,0.412303664921466,0.45666666666666667,27.197057008743286,0.016232967376708984,0.10340314136125656,0.025000000000000022,0.1063823746838545,6.553476774461559
swiping_session_2026-03-23T03_42_13Z.json,path,swiping,2026-03-23T03:41:38Z,unknown,moved,0.5235602094240838,0.4816666666666667,27.213958024978638,0.016901016235351562,0.1112565445026178,0.025000000000000022,0.11403077959333162,6.746977696809463
swiping_session_2026-03-23T03_42_13Z.json,path,swiping,2026-03-23T03:41:38Z,unknown,moved,0.6178010471204188,0.505,27.23039698600769,0.016438961029052734,0.09424083769633507,0.023333333333333317,0.09708645597688388,5.905875426391123
swiping_session_2026-03-23T03_42_13Z.json,path,swiping,2026-03-23T03:41:38Z,unknown,moved,0.6924083769633508,0.5216666666666666,27.247023940086365,0.016626954078674316,0.07460732984293195,0.016666666666666607,0.07644626507599844,4.597731172785772
swiping_session_2026-03-23T03_42_13Z.json,path,swiping,2026-03-23T03:41:38Z,unknown,moved,0.756544502617801,0.5366666666666666,27.263962984085083,0.01693904399871826,0.06413612565445026,0.015000000000000013,0.06586685520019483,3.8884635523220097
swiping_session_2026-03-23T03_42_13Z.json,path,swiping,2026-03-23T03:41:38Z,unknown,moved,0.81282722513089,0.55,27.280329942703247,0.016366958618164062,0.05628272251308897,0.01333333333333342,0.05784049300674357,3.5339793028224653
swiping_session_2026-03-23T03_42_13Z.json,path,swiping,2026-03-23T03:41:38Z,unknown,ended,0.856020942408377,0.5633333333333334,27.297471046447754,0.017141103744506836,0.043193717277487,0.013333333333333308,0.04520481158046404,2.637217080898347
swiping_session_2026-03-23T03_42_13Z.json,path,swiping,2026-03-23T03:41:38Z,unknown,began,0.7303664921465969,0.66,27.498410940170288,0.20093989372253418,-0.12565445026178013,0.09666666666666668,0.15853543867235056,0.788969456166144
swiping_session_2026-03-23T03_42_13Z.json,path,swiping,2026-03-23T03:41:38Z,unknown,moved,0.6950261780104712,0.5883333333333334,27.517580032348633,0.019169092178344727,-0.035340314136125706,-0.07166666666666666,0.07990650107689083,4.16850732071501
swiping_session_2026-03-23T03_42_13Z.json,path,swiping,2026-03-23T03:41:38Z,unknown,moved,0.6479057591623036,0.49833333333333335,27.530244946479797,0.01266491413116455,-0.04712041884816753,-0.09000000000000002,0.10158904405705739,8.021297499923609
swiping_session_2026-03-23T03_42_13Z.json,path,swiping,2026-03-23T03:41:38Z,unknown,moved,0.5955497382198953,0.41,27.547029972076416,0.016785025596618652,-0.05235602094240832,-0.08833333333333337,0.10268364381292516,6.117574454793254
swiping_session_2026-03-23T03_42_13Z.json,path,swiping,2026-03-23T03:41:38Z,unknown,moved,0.5405759162303665,0.325,27.564146041870117,0.017116069793701172,-0.054973821989528826,-0.08499999999999996,0.10122806480485734,5.914211967171923
swiping_session_2026-03-23T03_42_13Z.json,path,swiping,2026-03-23T03:41:38Z,unknown,moved,0.47774869109947643,0.235,27.580340027809143,0.01619398593902588,-0.06282722513089006,-0.09000000000000002,0.10976001192441422,6.777825566706441
swiping_session_2026-03-23T03_42_13Z.json,path,swiping,2026-03-23T03:41:38Z,unknown,moved,0.4109947643979058,0.14333333333333334,27.59704899787903,0.016708970069885254,-0.06675392670157065,-0.09166666666666665,0.11339693341469355,6.7865902530443805
swiping_session_2026-03-23T03_42_13Z.json,path,swiping,2026-03-23T03:41:38Z,unknown,moved,0.3390052356020942,0.05333333333333334,27.61392903327942,0.016880035400390625,-0.07198952879581155,-0.09,0.11524969525444734,6.827574262775558
swiping_session_2026-03-23T03_42_13Z.json,path,swiping,2026-03-23T03:41:38Z,unknown,moved,0.2617801047120419,0.0,27.630339980125427,0.0164109468460083,-0.07722513089005234,-0.05333333333333334,0.09385182622320229,5.718855048636651
swiping_session_2026-03-23T03_42_13Z.json,path,swiping,2026-03-23T03:41:38Z,unknown,moved,0.1950261780104712,0.0,27.647449016571045,0.017109036445617676,-0.06675392670157068,0.0,0.06675392670157068,3.9016765738826336
swiping_session_2026-03-23T03_42_13Z.json,path,swiping,2026-03-23T03:41:38Z,unknown,ended,0.18979057591623036,0.0,27.66371500492096,0.01626598834991455,-0.005235602094240843,0.0,0.005235602094240843,0.3218742065721661
swiping_session_2026-03-23T03_42_13Z.json,path,swiping,2026-03-23T03:41:38Z,unknown,began,0.11649214659685864,0.215,27.83162796497345,0.16791296005249023,-0.07329842931937172,0.215,0.22715118256501973,1.3527912466912106
swiping_session_2026-03-23T03_42_13Z.json,path,swiping,2026-03-23T03:41:38Z,unknown,moved,0.1544502617801047,0.25,27.85024094581604,0.018612980842590332,0.03795811518324607,0.035,0.05163156503791626,2.773954665003072
swiping_session_2026-03-23T03_42_13Z.json,path,swiping,2026-03-23T03:41:38Z,unknown,moved,0.20418848167539266,0.2916666666666667,27.863559007644653,0.013318061828613281,0.049738219895287955,0.041666666666666685,0.06488452534667362,4.87191951664258
swiping_session_2026-03-23T03_42_13Z.json,path,swiping,2026-03-23T03:41:38Z,unknown,moved,0.2683246073298429,0.3283333333333333,27.880342960357666,0.016783952713012695,0.06413612565445026,0.036666666666666625,0.07387751388892208,4.401675526149714
swiping_session_2026-03-23T03_42_13Z.json,path,swiping,2026-03-23T03:41:38Z,unknown,moved,0.34554973821989526,0.36,27.897271037101746,0.01692807674407959,0.07722513089005234,0.031666666666666676,0.08346555348623463,4.930598717626077
swiping_session_2026-03-23T03_42_13Z.json,path,swiping,2026-03-23T03:41:38Z,unknown,moved,0.4306282722513089,0.385,27.913900017738342,0.01662898063659668,0.08507853403141363,0.025000000000000022,0.08867557134258797,5.332592134206519
swiping_session_2026-03-23T03_42_13Z.json,path,swiping,2026-03-23T03:41:38Z,unknown,moved,0.5261780104712042,0.4,27.93031394481659,0.01641392707824707,0.09554973821989526,0.015000000000000013,0.09671996936460699,5.892555078594648
swiping_session_2026-03-23T03_42_13Z.json,path,swiping,2026-03-23T03:41:38Z,unknown,moved,0.6269633507853403,0.40166666666666667,27.94746196269989,0.01714801788330078,0.10078534031413611,0.0016666666666666496,0.10079912003591106,5.878179082963988
swiping_session_2026-03-23T03_42_13Z.json,path,swiping,2026-03-23T03:41:38Z,unknown,moved,0.7120418848167539,0.39166666666666666,27.963645935058594,0.016183972358703613,0.08507853403141363,-0.010000000000000009,0.08566421045532614,5.29315106060822
swiping_session_2026-03-23T03_42_13Z.json,path,swiping,2026-03-23T03:41:38Z,unknown,ended,0.7172774869109948,0.385,27.963940978050232,0.0002950429916381836,0.005235602094240899,-0.006666666666666654,0.008476790296666774,28.730695311895463
swiping_session_2026-03-23T03_42_13Z.json,path,swiping,2026-03-23T03:41:38Z,unknown,began,0.6897905759162304,0.12666666666666668,28.181718945503235,0.21777796745300293,-0.027486910994764413,-0.2583333333333333,0.25979153447936904,1.192919272402672
swiping_session_2026-03-23T03_42_13Z.json,path,swiping,2026-03-23T03:41:38Z,unknown,moved,0.637434554973822,0.17333333333333334,28.200276970863342,0.018558025360107422,-0.05235602094240843,0.04666666666666666,0.0701350889833305,3.7792323063688564
swiping_session_2026-03-23T03_42_13Z.json,path,swiping,2026-03-23T03:41:38Z,unknown,moved,0.5654450261780105,0.24333333333333335,28.213526010513306,0.013249039649963379,-0.07198952879581144,0.07,0.10041161415017172,7.578784334791334
swiping_session_2026-03-23T03_42_13Z.json,path,swiping,2026-03-23T03:41:38Z,unknown,moved,0.47774869109947643,0.3383333333333333,28.230584979057312,0.017058968544006348,-0.08769633507853408,0.09499999999999997,0.1292890064398614,7.578946294809072
swiping_session_2026-03-23T03_42_13Z.json,path,swiping,2026-03-23T03:41:38Z,unknown,moved,0.387434554973822,0.44666666666666666,28.246956944465637,0.016371965408325195,-0.09031413612565442,0.10833333333333334,0.14104167573889057,8.61482859395552
swiping_session_2026-03-23T03_42_13Z.json,path,swiping,2026-03-23T03:41:38Z,unknown,moved,0.2918848167539267,0.5533333333333333,28.26362693309784,0.01666998863220215,-0.09554973821989532,0.10666666666666669,0.14320450499781182,8.590558047602828
swiping_session_2026-03-23T03_42_13Z.json,path,swiping,2026-03-23T03:41:38Z,unknown,moved,0.20157068062827224,0.6533333333333333,28.28073298931122,0.017106056213378906,-0.09031413612565445,0.09999999999999998,0.1347465887661845,7.877127672525544
swiping_session_2026-03-23T03_42_13Z.json,path,swiping,2026-03-23T03:41:38Z,unknown,moved,0.1243455497382199,0.745,28.296986937522888,0.016253948211669922,-0.07722513089005234,0.09166666666666667,0.1198603296289623,7.374228591604939
swiping_session_2026-03-23T03_42_13Z.json,path,swiping,2026-03-23T03:41:38Z,unknown,moved,0.06413612565445026,0.8233333333333334,28.313637018203735,0.016650080680847168,-0.06020942408376964,0.07833333333333337,0.0987992199342198,5.933858329459628
swiping_session_2026-03-23T03_42_13Z.json,path,swiping,2026-03-23T03:41:38Z,unknown,moved,0.034031413612565446,0.86,28.330678939819336,0.017041921615600586,-0.030104712041884814,0.036666666666666625,0.04744194485441386,2.783837757532247
swiping_session_2026-03-23T03_42_13Z.json,path,swiping,2026-03-23T03:41:38Z,unknown,ended,0.006544502617801047,0.9,28.331045031547546,0.0003660917282104492,-0.0274869109947644,0.040000000000000036,0.04853380549713882,132.5728000858817
swiping_session_2026-03-23T03_42_13Z.json,path,swiping,2026-03-23T03:41:38Z,unknown,began,0.28534031413612565,0.7983333333333333,28.481210947036743,0.15016591548919678,0.2787958115183246,-0.10166666666666668,0.2967544702801835,1.9761772790679157
swiping_session_2026-03-23T03_42_13Z.json,path,swiping,2026-03-23T03:41:38Z,unknown,moved,0.337696335078534,0.7633333333333333,28.497509002685547,0.01629805564880371,0.05235602094240838,-0.03500000000000003,0.06297740014419384,3.864105111754016
swiping_session_2026-03-23T03_42_13Z.json,path,swiping,2026-03-23T03:41:38Z,unknown,moved,0.41361256544502617,0.7133333333333334,28.513882040977478,0.016373038291931152,0.07591623036649214,-0.04999999999999993,0.09090255240122962,5.551966029788594
swiping_session_2026-03-23T03_42_13Z.json,path,swiping,2026-03-23T03:41:38Z,unknown,moved,0.5130890052356021,0.6483333333333333,28.53030300140381,0.016420960426330566,0.09947643979057591,-0.06500000000000006,0.11882997127580264,7.236481191761597
swiping_session_2026-03-23T03_42_13Z.json,path,swiping,2026-03-23T03:41:38Z,unknown,moved,0.6164921465968587,0.5616666666666666,28.54697299003601,0.01666998863220215,0.10340314136125661,-0.08666666666666667,0.1349196826059383,8.093567763166199
swiping_session_2026-03-23T03_42_13Z.json,path,swiping,2026-03-23T03:41:38Z,unknown,moved,0.7198952879581152,0.4633333333333333,28.56385099887848,0.01687800884246826,0.1034031413612565,-0.09833333333333333,0.14269426788704737,8.454449172227093
swiping_session_2026-03-23T03_42_13Z.json,path,swiping,2026-03-23T03:41:38Z,unknown,moved,0.8390052356020943,0.3433333333333333,28.58049702644348,0.01664602756500244,0.11910994764397909,-0.12,0.16907743677898432,10.15722436591793
swiping_session_2026-03-23T03_42_13Z.json,path,swiping,2026-03-23T03:41:38Z,unknown,moved,0.9541884816753927,0.20166666666666666,28.597437977790833,0.016940951347351074,0.11518324607329844,-0.14166666666666666,0.1825831991734904,10.777623725484549
swiping_session_2026-03-23T03_42_13Z.json,path,swiping,2026-03-23T03:41:38Z,unknown,ended,1.0,0.15166666666666667,28.613603949546814,0.016165971755981445,0.04581151832460728,-0.04999999999999999,0.06781368011843796,4.19484093762237
swiping_session_2026-03-23T03_42_13Z.json,path,swiping,2026-03-23T03:41:38Z,unknown,began,0.7185863874345549,0.8466666666666667,28.814517974853516,0.20091402530670166,-0.28141361256544506,0.6950000000000001,0.7498123907599383,3.7320062131816125
swiping_session_2026-03-23T03_42_13Z.json,path,swiping,2026-03-23T03:41:38Z,unknown,moved,0.6950261780104712,0.8716666666666667,28.830363988876343,0.01584601402282715,-0.023560209424083767,0.025000000000000022,0.03435234297841541,2.167885433455301
swiping_session_2026-03-23T03_42_13Z.json,path,swiping,2026-03-23T03:41:38Z,unknown,moved,0.6714659685863874,0.8966666666666666,28.847705960273743,0.017341971397399902,-0.023560209424083767,0.02499999999999991,0.034352342978415336,1.9808787704243251
swiping_session_2026-03-23T03_42_13Z.json,path,swiping,2026-03-23T03:41:38Z,unknown,moved,0.637434554973822,0.9233333333333333,28.86360204219818,0.015896081924438477,-0.03403141361256545,0.026666666666666727,0.043234803383161345,2.7198402467146696
swiping_session_2026-03-23T03_42_13Z.json,path,swiping,2026-03-23T03:41:38Z,unknown,moved,0.569371727748691,0.9566666666666667,28.88021194934845,0.016609907150268555,-0.0680628272251309,0.033333333333333326,0.07578693529223313,4.562754903239045
swiping_session_2026-03-23T03_42_13Z.json,path,swiping,2026-03-23T03:41:38Z,unknown,moved,0.48429319371727747,0.9883333333333333,28.89692997932434,0.016718029975891113,-0.08507853403141358,0.03166666666666662,0.09078069580429626,5.430107251584673
swiping_session_2026-03-23T03_42_13Z.json,path,swiping,2026-03-23T03:41:38Z,unknown,moved,0.4031413612565445,0.9983333333333333,28.913558959960938,0.01662898063659668,-0.08115183246073299,0.010000000000000009,0.0817656401658721,4.917056670685162
swiping_session_2026-03-23T03_42_13Z.json,path,swiping,2026-03-23T03:41:38Z,unknown,moved,0.32460732984293195,0.9966666666666667,28.930714011192322,0.017155051231384277,-0.07853403141361254,-0.0016666666666665941,0.07855171460797059,4.578926261920121
swiping_session_2026-03-23T03_42_13Z.json,path,swiping,2026-03-23T03:41:38Z,unknown,moved,0.24345549738219896,0.96,28.946913957595825,0.016199946403503418,-0.08115183246073299,-0.036666666666666736,0.08905090878918265,5.496987864720614
swiping_session_2026-03-23T03_42_13Z.json,path,swiping,2026-03-23T03:41:38Z,unknown,moved,0.15706806282722513,0.91,28.963842034339905,0.01692807674407959,-0.08638743455497383,-0.04999999999999993,0.09981377083844634,5.896344419241549
swiping_session_2026-03-23T03_42_13Z.json,path,swiping,2026-03-23T03:41:38Z,unknown,moved,0.058900523560209424,0.8416666666666667,28.980440974235535,0.016598939895629883,-0.09816753926701571,-0.06833333333333336,0.11960898883522726,7.2058209492473395
swiping_session_2026-03-23T03_42_13Z.json,path,swiping,2026-03-23T03:41:38Z,unknown,moved,0.0,0.8016666666666666,28.996904015541077,0.016463041305541992,-0.058900523560209424,-0.040000000000000036,0.07119881793728593,4.324767010899627
swiping_session_2026-03-23T03_42_13Z.json,path,swiping,2026-03-23T03:41:38Z,unknown,ended,0.0,0.795,28.99720001220703,0.00029599666595458984,0.0,-0.006666666666666599,0.006666666666666599,22.52277621157179
swiping_session_2026-03-23T03_42_13Z.json,path,swiping,2026-03-23T03:41:38Z,unknown,began,0.36518324607329844,0.8483333333333334,29.215000987052917,0.21780097484588623,0.36518324607329844,0.053333333333333344,0.36905724170794385,1.6944701095533894
swiping_session_2026-03-23T03_42_13Z.json,path,swiping,2026-03-23T03:41:38Z,unknown,moved,0.42408376963350786,0.8183333333333334,29.232533931732178,0.017532944679260254,0.05890052356020942,-0.030000000000000027,0.0661004665313853,3.7700721550542298
swiping_session_2026-03-23T03_42_13Z.json,path,swiping,2026-03-23T03:41:38Z,unknown,moved,0.5117801047120419,0.7566666666666667,29.247138023376465,0.01460409164428711,0.08769633507853408,-0.06166666666666665,0.10720739230101768,7.340914786915592
swiping_session_2026-03-23T03_42_13Z.json,path,swiping,2026-03-23T03:41:38Z,unknown,moved,0.6086387434554974,0.6766666666666666,29.263556003570557,0.016417980194091797,0.09685863874345546,-0.08000000000000007,0.12562482198687974,7.651661197160374
swiping_session_2026-03-23T03_42_13Z.json,path,swiping,2026-03-23T03:41:38Z,unknown,moved,0.7094240837696335,0.5883333333333334,29.28024196624756,0.016685962677001953,0.10078534031413611,-0.08833333333333326,0.13401665045812028,8.03170024123533
swiping_session_2026-03-23T03_42_13Z.json,path,swiping,2026-03-23T03:41:38Z,unknown,moved,0.8232984293193717,0.48833333333333334,29.296898007392883,0.016656041145324707,0.11387434554973819,-0.10000000000000003,0.15154988147267284,9.098793653929725
swiping_session_2026-03-23T03_42_13Z.json,path,swiping,2026-03-23T03:41:38Z,unknown,moved,0.8965968586387435,0.4166666666666667,29.31378996372223,0.016891956329345703,0.0732984293193718,-0.07166666666666666,0.10251229610050715,6.068704778878497
swiping_session_2026-03-23T03_42_13Z.json,path,swiping,2026-03-23T03:41:38Z,unknown,ended,0.9842931937172775,0.33,29.314149022102356,0.0003590583801269531,0.08769633507853403,-0.08666666666666667,0.12329541069041308,343.38541450228576
swiping_session_2026-03-23T03_42_13Z.json,path,swiping,2026-03-23T03:41:38Z,unknown,began,0.8547120418848168,0.58,29.497756958007812,0.18360793590545654,-0.12958115183246077,0.24999999999999994,0.2815870645292983,1.5336323189989634
swiping_session_2026-03-23T03_42_13Z.json,path,swiping,2026-03-23T03:41:38Z,unknown,moved,0.8206806282722513,0.58,29.514055013656616,0.01629805564880371,-0.03403141361256545,0.0,0.03403141361256545,2.0880658617129817
swiping_session_2026-03-23T03_42_13Z.json,path,swiping,2026-03-23T03:41:38Z,unknown,moved,0.7735602094240838,0.59,29.530470967292786,0.016415953636169434,-0.04712041884816753,0.010000000000000009,0.04816984401497209,2.934331144115746
swiping_session_2026-03-23T03_42_13Z.json,path,swiping,2026-03-23T03:41:38Z,unknown,moved,0.7212041884816754,0.61,29.546916007995605,0.016445040702819824,-0.05235602094240832,0.020000000000000018,0.05604598940978649,3.4080784853379114
swiping_session_2026-03-23T03_42_13Z.json,path,swiping,2026-03-23T03:41:38Z,unknown,moved,0.6649214659685864,0.6366666666666667,29.563570022583008,0.016654014587402344,-0.05628272251308908,0.026666666666666727,0.06228046214180254,3.739666602004394
swiping_session_2026-03-23T03_42_13Z.json,path,swiping,2026-03-23T03:41:38Z,unknown,moved,0.6034031413612565,0.6716666666666666,29.58067798614502,0.01710796356201172,-0.061518324607329866,0.03499999999999992,0.07077785149672743,4.137128959865793
swiping_session_2026-03-23T03_42_13Z.json,path,swiping,2026-03-23T03:41:38Z,unknown,moved,0.5353403141361257,0.7133333333333334,29.5971839427948,0.016505956649780273,-0.0680628272251308,0.04166666666666674,0.07980388186666813,4.83485347501688
swiping_session_2026-03-23T03_42_13Z.json,path,swiping,2026-03-23T03:41:38Z,unknown,moved,0.4594240837696335,0.7566666666666667,29.613600969314575,0.01641702651977539,-0.0759162303664922,0.043333333333333335,0.08741311006271366,5.32453973668245
swiping_session_2026-03-23T03_42_13Z.json,path,swiping,2026-03-23T03:41:38Z,unknown,moved,0.3913612565445026,0.8016666666666666,29.630244970321655,0.016644001007080078,-0.0680628272251309,0.04499999999999993,0.08159380154079117,4.902294917314806
swiping_session_2026-03-23T03_42_13Z.json,path,swiping,2026-03-23T03:41:38Z,unknown,moved,0.32591623036649214,0.8333333333333334,29.64721703529358,0.016972064971923828,-0.06544502617801046,0.03166666666666673,0.07270370849701036,4.283727915093481
swiping_session_2026-03-23T03_42_13Z.json,path,swiping,2026-03-23T03:41:38Z,unknown,moved,0.2774869109947644,0.855,29.664005041122437,0.016788005828857422,-0.04842931937172773,0.021666666666666612,0.0530550979572486,3.1602978041650758
swiping_session_2026-03-23T03_42_13Z.json,path,swiping,2026-03-23T03:41:38Z,unknown,moved,0.2513089005235602,0.8666666666666667,29.680681943893433,0.016676902770996094,-0.026178010471204216,0.011666666666666714,0.02866006530595473,1.7185484438872753
swiping_session_2026-03-23T03_42_13Z.json,path,swiping,2026-03-23T03:41:38Z,unknown,moved,0.24738219895287958,0.87,29.696910977363586,0.01622903347015381,-0.0039267015706806185,0.0033333333333332993,0.005150737455578232,0.31737795507358807
swiping_session_2026-03-23T03_42_13Z.json,path,swiping,2026-03-23T03:41:38Z,unknown,ended,0.24476439790575916,0.88,29.69720697402954,0.00029599666595458984,-0.0026178010471204216,0.010000000000000009,0.010336966785392365,34.92257844207679
swiping_session_2026-03-23T03_42_13Z.json,path,swiping,2026-03-23T03:41:38Z,unknown,began,0.5143979057591623,0.5266666666666666,29.873160004615784,0.17595303058624268,0.2696335078534032,-0.3533333333333334,0.44446222899339344,2.526027699054277
swiping_session_2026-03-23T03_42_13Z.json,path,swiping,2026-03-23T03:41:38Z,unknown,moved,0.4725130890052356,0.4666666666666667,29.88669204711914,0.013532042503356934,-0.041884816753926746,-0.05999999999999994,0.07317334128294276,5.407412906424912
swiping_session_2026-03-23T03_42_13Z.json,path,swiping,2026-03-23T03:41:38Z,unknown,moved,0.42670157068062825,0.4,29.896777987480164,0.01008594036102295,-0.045811518324607337,-0.06666666666666665,0.08088967582856466,8.02004304339953
swiping_session_2026-03-23T03_42_13Z.json,path,swiping,2026-03-23T03:41:38Z,unknown,moved,0.36387434554973824,0.32666666666666666,29.9135799407959,0.016801953315734863,-0.06282722513089001,-0.07333333333333336,0.09656623631179441,5.7473220224556325
swiping_session_2026-03-23T03_42_13Z.json,path,swiping,2026-03-23T03:41:38Z,unknown,moved,0.2486910994764398,0.25333333333333335,29.9302099943161,0.016630053520202637,-0.11518324607329844,-0.0733333333333333,0.13654654134675032,8.21082993995599
swiping_session_2026-03-23T03_42_13Z.json,path,swiping,2026-03-23T03:41:38Z,unknown,ended,0.24345549738219896,0.24666666666666667,29.947257041931152,0.01704704761505127,-0.005235602094240843,-0.006666666666666682,0.00847679029666676,0.49725855691177795
