source_file,schema,activity,started_at,platform,phase,x,y,time,dt,dx,dy,step_distance,speed
zigzag_session_2026-03-23T03:35:17Z.json,path,zigzag,2026-03-23T03:34:33Z,unknown,began,0.09057971014492754,0.405,0.0,,,,0.0,0.0
zigzag_session_2026-03-23T03:35:17Z.json,path,zigzag,2026-03-23T03:34:33Z,unknown,moved,0.09782608695652174,0.42,0.14970799998263828,0.14970799998263828,0.007246376811594207,0.014999999999999958,0.016658630702900194,0.1112741517142177
zigzag_session_2026-03-23T03:35:17Z.json,path,zigzag,2026-03-23T03:34:33Z,unknown,moved,0.10024154589371981,0.43166666666666664,0.16634170833276585,0.016633708350127563,0.0024154589371980645,0.011666666666666659,0.011914090522922884,0.7162618384391425
zigzag_session_2026-03-23T03:35:17Z.json,path,zigzag,2026-03-23T03:34:33Z,unknown,moved,0.10144927536231885,0.43666666666666665,0.17448774998774752,0.008146041654981673,0.0012077294685990392,0.0050000000000000044,0.005143793392946743,0.6314469788895666
zigzag_session_2026-03-23T03:35:17Z.json,path,zigzag,2026-03-23T03:34:33Z,unknown,moved,0.10628019323671498,0.45,0.1998806666524615,0.025392916664713994,0.004830917874396129,0.013333333333333364,0.01418152126137879,0.5584833537883986
zigzag_session_2026-03-23T03:35:17Z.json,path,zigzag,2026-03-23T03:34:33Z,unknown,moved,0.10869565217391304,0.45666666666666667,0.2160022499738261,0.016121583321364596,0.0024154589371980645,0.006666666666666654,0.007090760630689368,0.4398302877169993
zigzag_session_2026-03-23T03:35:17Z.json,path,zigzag,2026-03-23T03:34:33Z,unknown,moved,0.1111111111111111,0.46166666666666667,0.23281933332327753,0.016817083349451423,0.0024154589371980645,0.0050000000000000044,0.005552876900966746,0.3301926252953894
zigzag_session_2026-03-23T03:35:17Z.json,path,zigzag,2026-03-23T03:34:33Z,unknown,moved,0.11352657004830918,0.4666666666666667,0.24992299999576062,0.017103666672483087,0.0024154589371980784,0.0050000000000000044,0.005552876900966752,0.32466002801027416
zigzag_session_2026-03-23T03:35:17Z.json,path,zigzag,2026-03-23T03:34:33Z,unknown,moved,0.11594202898550725,0.4716666666666667,0.26623595831915736,0.016312958323396742,0.0024154589371980645,0.0050000000000000044,0.005552876900966746,0.3403966828630079
zigzag_session_2026-03-23T03:35:17Z.json,path,zigzag,2026-03-23T03:34:33Z,unknown,moved,0.11835748792270531,0.4766666666666667,0.28305887497845106,0.016822916659293696,0.0024154589371980645,0.0050000000000000044,0.005552876900966746,0.330078131719157
zigzag_session_2026-03-23T03:35:17Z.json,path,zigzag,2026-03-23T03:34:33Z,unknown,moved,0.12077294685990338,0.4816666666666667,0.2999020833231043,0.01684320834465325,0.0024154589371980645,0.0050000000000000044,0.005552876900966746,0.3296804734193925
zigzag_session_2026-03-23T03:35:17Z.json,path,zigzag,2026-03-23T03:34:33Z,unknown,moved,0.12439613526570048,0.4866666666666667,0.3164213749987539,0.016519291675649583,0.0036231884057971037,0.0050000000000000044,0.006174746490658754,0.3737900275567322
zigzag_session_2026-03-23T03:35:17Z.json,path,zigzag,2026-03-23T03:34:33Z,unknown,moved,0.12681159420289856,0.49166666666666664,0.3330429583147634,0.01662158331600949,0.0024154589371980784,0.004999999999999949,0.005552876900966701,0.33407629077178885
zigzag_session_2026-03-23T03:35:17Z.json,path,zigzag,2026-03-23T03:34:33Z,unknown,moved,0.1292270531400966,0.49833333333333335,0.3499599583155941,0.01691700000083074,0.0024154589371980506,0.00666666666666671,0.007090760630689415,0.41915000474914055
zigzag_session_2026-03-23T03:35:17Z.json,path,zigzag,2026-03-23T03:34:33Z,unknown,moved,0.1316425120772947,0.5033333333333333,0.36657924999599345,0.01661929168039933,0.0024154589371980784,0.004999999999999949,0.005552876900966701,0.33412235658128103
zigzag_session_2026-03-23T03:35:17Z.json,path,zigzag,2026-03-23T03:34:33Z,unknown,moved,0.13285024154589373,0.5083333333333333,0.3831004583335016,0.016521208337508142,0.0012077294685990392,0.0050000000000000044,0.005143793392946743,0.3113448658152186
zigzag_session_2026-03-23T03:35:17Z.json,path,zigzag,2026-03-23T03:34:33Z,unknown,moved,0.13526570048309178,0.515,0.39951224997639656,0.01641179164289497,0.0024154589371980506,0.00666666666666671,0.007090760630689415,0.4320528059932545
zigzag_session_2026-03-23T03:35:17Z.json,path,zigzag,2026-03-23T03:34:33Z,unknown,moved,0.13647342995169082,0.52,0.41613674999098293,0.016624500014586374,0.0012077294685990392,0.0050000000000000044,0.005143793392946743,0.3094104116474821
zigzag_session_2026-03-23T03:35:17Z.json,path,zigzag,2026-03-23T03:34:33Z,unknown,moved,0.1388888888888889,0.525,0.43293187499511987,0.016795125004136935,0.0024154589371980784,0.0050000000000000044,0.005552876900966752,0.33062432697577304
zigzag_session_2026-03-23T03:35:17Z.json,path,zigzag,2026-03-23T03:34:33Z,unknown,moved,0.14009661835748793,0.53,0.44998999999370426,0.01705812499858439,0.0012077294685990392,0.0050000000000000044,0.005143793392946743,0.30154506391374275
zigzag_session_2026-03-23T03:35:17Z.json,path,zigzag,2026-03-23T03:34:33Z,unknown,moved,0.14251207729468598,0.535,0.4664988749718759,0.01650887497817166,0.0024154589371980506,0.0050000000000000044,0.00555287690096674,0.3363570751071079
zigzag_session_2026-03-23T03:35:17Z.json,path,zigzag,2026-03-23T03:34:33Z,unknown,moved,0.14492753623188406,0.54,0.4829078333277721,0.016408958355896175,0.0024154589371980784,0.0050000000000000044,0.005552876900966752,0.3384052040677802
zigzag_session_2026-03-23T03:35:17Z.json,path,zigzag,2026-03-23T03:34:33Z,unknown,moved,0.1461352657004831,0.545,0.49973149999277666,0.016823666665004566,0.0012077294685990392,0.0050000000000000044,0.005143793392946743,0.3057474625104471
zigzag_session_2026-03-23T03:35:17Z.json,path,zigzag,2026-03-23T03:34:33Z,unknown,moved,0.14855072463768115,0.5483333333333333,0.5164597916591447,0.016728291666368023,0.0024154589371980506,0.0033333333333332993,0.004116497660439129,0.2460799789087421
zigzag_session_2026-03-23T03:35:17Z.json,path,zigzag,2026-03-23T03:34:33Z,unknown,moved,0.1497584541062802,0.5516666666666666,0.5333162499882746,0.016856458329129964,0.0012077294685990392,0.0033333333333332993,0.0035453803153446604,0.2103277121515984
zigzag_session_2026-03-23T03:35:17Z.json,path,zigzag,2026-03-23T03:34:33Z,unknown,moved,0.15217391304347827,0.555,0.5499319166410714,0.01661566665279679,0.0024154589371980784,0.0033333333333334103,0.004116497660439235,0.2477479686164946
zigzag_session_2026-03-23T03:35:17Z.json,path,zigzag,2026-03-23T03:34:33Z,unknown,moved,0.15338164251207728,0.5583333333333333,0.5664529583300464,0.016521041688974947,0.0012077294685990114,0.0033333333333332993,0.003545380315344651,0.2145978675007281
zigzag_session_2026-03-23T03:35:17Z.json,path,zigzag,2026-03-23T03:34:33Z,unknown,moved,0.15338164251207728,0.56,0.5750124999904074,0.008559541660360992,0.0,0.0016666666666667052,0.0016666666666667052,0.19471447570434686
zigzag_session_2026-03-23T03:35:17Z.json,path,zigzag,2026-03-23T03:34:33Z,unknown,moved,0.15458937198067632,0.5616666666666666,0.5913368333131075,0.016324333322700113,0.0012077294685990392,0.0016666666666665941,0.0020582488302195276,0.12608470983359488
zigzag_session_2026-03-23T03:35:17Z.json,path,zigzag,2026-03-23T03:34:33Z,unknown,moved,0.15458937198067632,0.5633333333333334,0.6166287083178759,0.02529187500476837,0.0,0.0016666666666667052,0.0016666666666667052,0.06589731549568714
zigzag_session_2026-03-23T03:35:17Z.json,path,zigzag,2026-03-23T03:34:33Z,unknown,moved,0.15579710144927536,0.565,0.6331519999948796,0.016523291677003726,0.0012077294685990392,0.0016666666666665941,0.0020582488302195276,0.12456651316541807
zigzag_session_2026-03-23T03:35:17Z.json,path,zigzag,2026-03-23T03:34:33Z,unknown,moved,0.15579710144927536,0.5666666666666667,0.6497146666515619,0.016562666656682268,0.0,0.0016666666666667052,0.0016666666666667052,0.10062791827029148
zigzag_session_2026-03-23T03:35:17Z.json,path,zigzag,2026-03-23T03:34:33Z,unknown,moved,0.1570048309178744,0.57,0.6663775833148975,0.016662916663335636,0.0012077294685990392,0.0033333333333332993,0.0035453803153446604,0.21277069236898738
zigzag_session_2026-03-23T03:35:17Z.json,path,zigzag,2026-03-23T03:34:33Z,unknown,moved,0.15821256038647344,0.5733333333333334,0.6832512499822769,0.01687366666737944,0.0012077294685990392,0.0033333333333334103,0.0035453803153447645,0.21011321280861708
zigzag_session_2026-03-23T03:35:17Z.json,path,zigzag,2026-03-23T03:34:33Z,unknown,moved,0.15942028985507245,0.5766666666666667,0.7000224166549742,0.01677116667269729,0.0012077294685990114,0.0033333333333332993,0.003545380315344651,0.21139735741320675
zigzag_session_2026-03-23T03:35:17Z.json,path,zigzag,2026-03-23T03:34:33Z,unknown,moved,0.1606280193236715,0.5783333333333334,0.7163357916579116,0.01631337500293739,0.0012077294685990392,0.0016666666666667052,0.0020582488302196174,0.12616940576974467
zigzag_session_2026-03-23T03:35:17Z.json,path,zigzag,2026-03-23T03:34:33Z,unknown,moved,0.1606280193236715,0.58,0.7249572499713395,0.008621458313427866,0.0,0.0016666666666665941,0.0016666666666665941,0.19331609642776693
zigzag_session_2026-03-23T03:35:17Z.json,path,zigzag,2026-03-23T03:34:33Z,unknown,moved,0.16183574879227053,0.5816666666666667,0.7415522499941289,0.016595000022789463,0.0012077294685990392,0.0016666666666667052,0.0020582488302196174,0.12402825112341549
zigzag_session_2026-03-23T03:35:17Z.json,path,zigzag,2026-03-23T03:34:33Z,unknown,moved,0.16183574879227053,0.5833333333333334,0.7579955416440498,0.016443291649920866,0.0,0.0016666666666667052,0.0016666666666667052,0.10135845681936353
zigzag_session_2026-03-23T03:35:17Z.json,path,zigzag,2026-03-23T03:34:33Z,unknown,moved,0.16304347826086957,0.585,0.7748341666592751,0.01683862501522526,0.0012077294685990392,0.0016666666666665941,0.0020582488302195276,0.12223378264902783
zigzag_session_2026-03-23T03:35:17Z.json,path,zigzag,2026-03-23T03:34:33Z,unknown,moved,0.1642512077294686,0.585,0.84970833332045,0.07487416666117497,0.0012077294685990392,0.0,0.0012077294685990392,0.016130122343322076
zigzag_session_2026-03-23T03:35:17Z.json,path,zigzag,2026-03-23T03:34:33Z,unknown,moved,0.16666666666666666,0.585,0.8831079166557174,0.03339958333526738,0.0024154589371980506,0.0,0.0024154589371980506,0.0723200320480499
zigzag_session_2026-03-23T03:35:17Z.json,path,zigzag,2026-03-23T03:34:33Z,unknown,moved,0.17028985507246377,0.5833333333333334,0.8996089166612364,0.016501000005519018,0.0036231884057971175,-0.0016666666666665941,0.00398814142197593,0.24169089271208008
zigzag_session_2026-03-23T03:35:17Z.json,path,zigzag,2026-03-23T03:34:33Z,unknown,moved,0.17391304347826086,0.575,0.9160357083310373,0.016426791669800878,0.00362318840579709,-0.008333333333333415,0.009086910292742426,0.5531762060054528
zigzag_session_2026-03-23T03:35:17Z.json,path,zigzag,2026-03-23T03:34:33Z,unknown,moved,0.17995169082125603,0.5616666666666666,0.9331167499767616,0.017081041645724326,0.006038647342995168,-0.013333333333333308,0.014637043400592884,0.8569174939197448
zigzag_session_2026-03-23T03:35:17Z.json,path,zigzag,2026-03-23T03:34:33Z,unknown,moved,0.18719806763285024,0.55,0.9499239583092276,0.01680720833246596,0.007246376811594207,-0.011666666666666603,0.01373393927490288,0.8171457747907758
zigzag_session_2026-03-23T03:35:17Z.json,path,zigzag,2026-03-23T03:34:33Z,unknown,moved,0.19202898550724637,0.5366666666666666,0.966508541663643,0.016584583354415372,0.004830917874396129,-0.01333333333333342,0.01418152126137884,0.8551026551778428
zigzag_session_2026-03-23T03:35:17Z.json,path,zigzag,2026-03-23T03:34:33Z,unknown,moved,0.19685990338164253,0.5233333333333333,0.9832128333218861,0.016704291658243164,0.004830917874396157,-0.013333333333333308,0.014181521261378744,0.8489747156911324
zigzag_session_2026-03-23T03:35:17Z.json,path,zigzag,2026-03-23T03:34:33Z,unknown,moved,0.20169082125603865,0.5083333333333333,0.9998044583189767,0.01659162499709055,0.004830917874396129,-0.015000000000000013,0.015758736228173895,0.9498006512886649
zigzag_session_2026-03-23T03:35:17Z.json,path,zigzag,2026-03-23T03:34:33Z,unknown,moved,0.20652173913043478,0.49666666666666665,1.0164712083060294,0.016666749987052754,0.004830917874396129,-0.011666666666666659,0.012627306863312975,0.7576346242142143
zigzag_session_2026-03-23T03:35:17Z.json,path,zigzag,2026-03-23T03:34:33Z,unknown,moved,0.2113526570048309,0.485,1.033254333306104,0.016783125000074506,0.004830917874396129,-0.011666666666666659,0.012627306863312975,0.7523811485201306
zigzag_session_2026-03-23T03:35:17Z.json,path,zigzag,2026-03-23T03:34:33Z,unknown,moved,0.21618357487922704,0.47333333333333333,1.0499035416578408,0.01664920835173689,0.004830917874396129,-0.011666666666666659,0.012627306863312975,0.758432869391995
zigzag_session_2026-03-23T03:35:17Z.json,path,zigzag,2026-03-23T03:34:33Z,unknown,moved,0.2210144927536232,0.4633333333333333,1.0665639999788254,0.016660458320984617,0.004830917874396157,-0.010000000000000009,0.011105753801933503,0.666593534701581
zigzag_session_2026-03-23T03:35:17Z.json,path,zigzag,2026-03-23T03:34:33Z,unknown,moved,0.22342995169082125,0.455,1.0831543333188165,0.016590333339991048,0.0024154589371980506,-0.008333333333333304,0.008676340606599876,0.5229756647315537
zigzag_session_2026-03-23T03:35:17Z.json,path,zigzag,2026-03-23T03:34:33Z,unknown,moved,0.22705314009661837,0.44666666666666666,1.0995698333135806,0.016415499994764104,0.0036231884057971175,-0.00833333333333336,0.009086910292742388,0.5535567174707291
zigzag_session_2026-03-23T03:35:17Z.json,path,zigzag,2026-03-23T03:34:33Z,unknown,moved,0.22946859903381642,0.44166666666666665,1.1165110000001732,0.016941166686592624,0.0024154589371980506,-0.0050000000000000044,0.00555287690096674,0.3277741730362249
zigzag_session_2026-03-23T03:35:17Z.json,path,zigzag,2026-03-23T03:34:33Z,unknown,moved,0.2318840579710145,0.435,1.1330539166519884,0.016542916651815176,0.0024154589371980784,-0.006666666666666654,0.007090760630689372,0.42862820262782
zigzag_session_2026-03-23T03:35:17Z.json,path,zigzag,2026-03-23T03:34:33Z,unknown,moved,0.23309178743961353,0.43,1.1498306666617282,0.01677675000973977,0.0012077294685990392,-0.0050000000000000044,0.005143793392946743,0.30660249392525396
zigzag_session_2026-03-23T03:35:17Z.json,path,zigzag,2026-03-23T03:34:33Z,unknown,moved,0.23429951690821257,0.42333333333333334,1.166249333327869,0.01641866666614078,0.0012077294685990392,-0.006666666666666654,0.006775179327055986,0.41265100661480797
zigzag_session_2026-03-23T03:35:17Z.json,path,zigzag,2026-03-23T03:34:33Z,unknown,moved,0.23671497584541062,0.4166666666666667,1.1833220416447148,0.01707270831684582,0.0024154589371980506,-0.006666666666666654,0.007090760630689363,0.415327228644376
zigzag_session_2026-03-23T03:35:17Z.json,path,zigzag,2026-03-23T03:34:33Z,unknown,moved,0.2391304347826087,0.41,1.199938999983715,0.01661695833900012,0.0024154589371980784,-0.00666666666666671,0.007090760630689425,0.4267183251008916
zigzag_session_2026-03-23T03:35:17Z.json,path,zigzag,2026-03-23T03:34:33Z,unknown,moved,0.24154589371980675,0.4033333333333333,1.216631374991266,0.016692375007551163,0.0024154589371980506,-0.006666666666666654,0.007090760630689363,0.4247903984592787
zigzag_session_2026-03-23T03:35:17Z.json,path,zigzag,2026-03-23T03:34:33Z,unknown,moved,0.2427536231884058,0.3983333333333333,1.2331090416410007,0.0164776666497346,0.0012077294685990392,-0.0050000000000000044,0.005143793392946743,0.312167584299904
zigzag_session_2026-03-23T03:35:17Z.json,path,zigzag,2026-03-23T03:34:33Z,unknown,moved,0.24396135265700483,0.395,1.2498495833133347,0.016740541672334075,0.0012077294685990392,-0.0033333333333332993,0.0035453803153446604,0.2117840858879652
zigzag_session_2026-03-23T03:35:17Z.json,path,zigzag,2026-03-23T03:34:33Z,unknown,moved,0.24396135265700483,0.3933333333333333,1.2662775416392833,0.016427958325948566,0.0,-0.0016666666666667052,0.0016666666666667052,0.10145306151855424
zigzag_session_2026-03-23T03:35:17Z.json,path,zigzag,2026-03-23T03:34:33Z,unknown,moved,0.24396135265700483,0.395,1.4329303749836981,0.16665283334441483,0.0,0.0016666666666667052,0.0016666666666667052,0.01000083006823095
zigzag_session_2026-03-23T03:35:17Z.json,path,zigzag,2026-03-23T03:34:33Z,unknown,moved,0.24396135265700483,0.39666666666666667,1.4498394166585058,0.016909041674807668,0.0,0.0016666666666666496,0.0016666666666666496,0.09856659524056718
zigzag_session_2026-03-23T03:35:17Z.json,path,zigzag,2026-03-23T03:34:33Z,unknown,moved,0.24396135265700483,0.3983333333333333,1.4662504166481085,0.016410999989602715,0.0,0.0016666666666666496,0.0016666666666666496,0.10155789822208129
zigzag_session_2026-03-23T03:35:17Z.json,path,zigzag,2026-03-23T03:34:33Z,unknown,moved,0.24516908212560387,0.40166666666666667,1.4832360833243001,0.016985666676191613,0.0012077294685990392,0.003333333333333355,0.0035453803153447125,0.20872776929704998
zigzag_session_2026-03-23T03:35:17Z.json,path,zigzag,2026-03-23T03:34:33Z,unknown,moved,0.24516908212560387,0.405,1.499876083311392,0.01663999998709187,0.0,0.003333333333333355,0.003333333333333355,0.20032051297590855
zigzag_session_2026-03-23T03:35:17Z.json,path,zigzag,2026-03-23T03:34:33Z,unknown,moved,0.2463768115942029,0.4083333333333333,1.5164222916646395,0.016546208353247494,0.0012077294685990392,0.0033333333333332993,0.0035453803153446604,0.21427146568288047
zigzag_session_2026-03-23T03:35:17Z.json,path,zigzag,2026-03-23T03:34:33Z,unknown,moved,0.24758454106280192,0.4116666666666667,1.5332977499929257,0.016875458328286186,0.0012077294685990114,0.003333333333333355,0.003545380315344703,0.21009090516978923
zigzag_session_2026-03-23T03:35:17Z.json,path,zigzag,2026-03-23T03:34:33Z,unknown,moved,0.24879227053140096,0.41833333333333333,1.5497757499979343,0.016478000005008653,0.0012077294685990392,0.006666666666666654,0.006775179327055986,0.4111651489863213
zigzag_session_2026-03-23T03:35:17Z.json,path,zigzag,2026-03-23T03:34:33Z,unknown,moved,0.25,0.42333333333333334,1.5665084583160933,0.016732708318158984,0.0012077294685990392,0.0050000000000000044,0.005143793392946743,0.30740949373775306
zigzag_session_2026-03-23T03:35:17Z.json,path,zigzag,2026-03-23T03:34:33Z,unknown,moved,0.2524154589371981,0.42833333333333334,1.5832424999971408,0.01673404168104753,0.0024154589371980784,0.0050000000000000044,0.005552876900966752,0.33183118620146457
zigzag_session_2026-03-23T03:35:17Z.json,path,zigzag,2026-03-23T03:34:33Z,unknown,moved,0.25483091787439616,0.43333333333333335,1.5999403333116788,0.016697833314538002,0.0024154589371980784,0.0050000000000000044,0.005552876900966752,0.332550744540738
zigzag_session_2026-03-23T03:35:17Z.json,path,zigzag,2026-03-23T03:34:33Z,unknown,moved,0.2572463768115942,0.43833333333333335,1.616675708326511,0.016735375014832243,0.002415458937198023,0.0050000000000000044,0.005552876900966727,0.33180474868626003
zigzag_session_2026-03-23T03:35:17Z.json,path,zigzag,2026-03-23T03:34:33Z,unknown,moved,0.25966183574879226,0.445,1.6332099583232775,0.016534249996766448,0.0024154589371980784,0.006666666666666654,0.007090760630689372,0.4288528740085634
zigzag_session_2026-03-23T03:35:17Z.json,path,zigzag,2026-03-23T03:34:33Z,unknown,moved,0.2632850241545894,0.45166666666666666,1.6499184583080932,0.016708499984815717,0.0036231884057971175,0.006666666666666654,0.007587617456642562,0.454117213606129
zigzag_session_2026-03-23T03:35:17Z.json,path,zigzag,2026-03-23T03:34:33Z,unknown,moved,0.26570048309178745,0.45666666666666667,1.666471291653579,0.01655283334548585,0.0024154589371980784,0.0050000000000000044,0.005552876900966752,0.33546383178448935
zigzag_session_2026-03-23T03:35:17Z.json,path,zigzag,2026-03-23T03:34:33Z,unknown,moved,0.27053140096618356,0.46166666666666667,1.6831398333306424,0.01666854167706333,0.004830917874396101,0.0050000000000000044,0.006952536767911392,0.4171052814703279
zigzag_session_2026-03-23T03:35:17Z.json,path,zigzag,2026-03-23T03:34:33Z,unknown,moved,0.27294685990338163,0.4683333333333333,1.699806249991525,0.016666416660882533,0.0024154589371980784,0.006666666666666654,0.007090760630689372,0.42545201976931113
zigzag_session_2026-03-23T03:35:17Z.json,path,zigzag,2026-03-23T03:34:33Z,unknown,moved,0.27657004830917875,0.4716666666666667,1.7164012499852106,0.016594999993685633,0.0036231884057971175,0.003333333333333355,0.004923271812018295,0.2966719984267304
zigzag_session_2026-03-23T03:35:17Z.json,path,zigzag,2026-03-23T03:34:33Z,unknown,moved,0.27898550724637683,0.4766666666666667,1.7329496249731164,0.016548374987905845,0.0024154589371980784,0.0050000000000000044,0.005552876900966752,0.3355542103091691
zigzag_session_2026-03-23T03:35:17Z.json,path,zigzag,2026-03-23T03:34:33Z,unknown,moved,0.28140096618357485,0.48333333333333334,1.7496763333329,0.016726708359783515,0.002415458937198023,0.006666666666666654,0.007090760630689354,0.42391847087726264
zigzag_session_2026-03-23T03:35:17Z.json,path,zigzag,2026-03-23T03:34:33Z,unknown,moved,0.28502415458937197,0.48833333333333334,1.7664573333167937,0.016780999983893707,0.0036231884057971175,0.0050000000000000044,0.006174746490658763,0.3679605802148408
zigzag_session_2026-03-23T03:35:17Z.json,path,zigzag,2026-03-23T03:34:33Z,unknown,moved,0.28743961352657005,0.495,1.7833612499816809,0.01690391666488722,0.0024154589371980784,0.006666666666666654,0.007090760630689372,0.419474419524221
zigzag_session_2026-03-23T03:35:17Z.json,path,zigzag,2026-03-23T03:34:33Z,unknown,moved,0.2898550724637681,0.5033333333333333,1.7997870416438673,0.016425791662186384,0.0024154589371980784,0.008333333333333304,0.008676340606599883,0.5282144559627882
zigzag_session_2026-03-23T03:35:17Z.json,path,zigzag,2026-03-23T03:34:33Z,unknown,moved,0.2922705314009662,0.5116666666666667,1.8165052916447166,0.016718250000849366,0.0024154589371980784,0.008333333333333415,0.00867634060659999,0.518974211185931
zigzag_session_2026-03-23T03:35:17Z.json,path,zigzag,2026-03-23T03:34:33Z,unknown,moved,0.2946859903381642,0.5216666666666666,1.8330228333070409,0.01651754166232422,0.002415458937198023,0.009999999999999898,0.010287586785893364,0.6228279604923833
zigzag_session_2026-03-23T03:35:17Z.json,path,zigzag,2026-03-23T03:34:33Z,unknown,moved,0.29589371980676327,0.5283333333333333,1.849876416643383,0.016853583336342126,0.0012077294685990392,0.00666666666666671,0.00677517932705604,0.40200230371463036
zigzag_session_2026-03-23T03:35:17Z.json,path,zigzag,2026-03-23T03:34:33Z,unknown,moved,0.29830917874396135,0.535,1.8666483749984764,0.016771958355093375,0.0024154589371980784,0.00666666666666671,0.007090760630689425,0.42277475775725826
zigzag_session_2026-03-23T03:35:17Z.json,path,zigzag,2026-03-23T03:34:33Z,unknown,moved,0.3007246376811594,0.5416666666666666,1.8831491666496731,0.016500791651196778,0.0024154589371980784,0.006666666666666599,0.007090760630689321,0.4297224509331368
zigzag_session_2026-03-23T03:35:17Z.json,path,zigzag,2026-03-23T03:34:33Z,unknown,moved,0.30193236714975846,0.5483333333333333,1.8998909999791067,0.016741833329433575,0.0012077294685990392,0.00666666666666671,0.00677517932705604,0.40468562753785725
zigzag_session_2026-03-23T03:35:17Z.json,path,zigzag,2026-03-23T03:34:33Z,unknown,moved,0.3031400966183575,0.5533333333333333,1.9163633333228063,0.016472333343699574,0.0012077294685990392,0.0050000000000000044,0.005143793392946743,0.31226865591049785
zigzag_session_2026-03-23T03:35:17Z.json,path,zigzag,2026-03-23T03:34:33Z,unknown,moved,0.3055555555555556,0.56,1.9331362916564103,0.016772958333604038,0.0024154589371980784,0.00666666666666671,0.007090760630689425,0.4227495525630284
zigzag_session_2026-03-23T03:35:17Z.json,path,zigzag,2026-03-23T03:34:33Z,unknown,moved,0.3079710144927536,0.565,1.9498927499807905,0.01675645832438022,0.002415458937198023,0.004999999999999893,0.005552876900966628,0.3313872653439739
zigzag_session_2026-03-23T03:35:17Z.json,path,zigzag,2026-03-23T03:34:33Z,unknown,moved,0.30917874396135264,0.5716666666666667,1.966559458320262,0.01666670833947137,0.0012077294685990392,0.00666666666666671,0.00677517932705604,0.4065097431992941
zigzag_session_2026-03-23T03:35:17Z.json,path,zigzag,2026-03-23T03:34:33Z,unknown,moved,0.3115942028985507,0.5766666666666667,1.98320837499341,0.01664891667314805,0.0024154589371980784,0.0050000000000000044,0.005552876900966752,0.33352782105772827
zigzag_session_2026-03-23T03:35:17Z.json,path,zigzag,2026-03-23T03:34:33Z,unknown,moved,0.31280193236714976,0.5816666666666667,1.9998200833215378,0.01661170832812786,0.0012077294685990392,0.0050000000000000044,0.005143793392946743,0.3096486701633804
zigzag_session_2026-03-23T03:35:17Z.json,path,zigzag,2026-03-23T03:34:33Z,unknown,moved,0.3140096618357488,0.5883333333333334,2.0165497499983758,0.01672966667683795,0.0012077294685990392,0.00666666666666671,0.00677517932705604,0.4049799352210768
zigzag_session_2026-03-23T03:35:17Z.json,path,zigzag,2026-03-23T03:34:33Z,unknown,moved,0.3164251207729469,0.5916666666666667,2.0333410416496918,0.016791291651315987,0.0024154589371980784,0.0033333333333332993,0.004116497660439145,0.24515670062323777
zigzag_session_2026-03-23T03:35:17Z.json,path,zigzag,2026-03-23T03:34:33Z,unknown,moved,0.3176328502415459,0.5916666666666667,2.1496055416646414,0.11626450001494959,0.0012077294685990392,0.0,0.0012077294685990392,0.010387775016825826
zigzag_session_2026-03-23T03:35:17Z.json,path,zigzag,2026-03-23T03:34:33Z,unknown,moved,0.3176328502415459,0.59,2.1912644999974873,0.04165895833284594,0.0,-0.0016666666666667052,0.0016666666666667052,0.040007401369722306
zigzag_session_2026-03-23T03:35:17Z.json,path,zigzag,2026-03-23T03:34:33Z,unknown,moved,0.3188405797101449,0.585,2.216357124998467,0.02509262500097975,0.0012077294685989837,-0.0050000000000000044,0.00514379339294673,0.20499223946262649
zigzag_session_2026-03-23T03:35:17Z.json,path,zigzag,2026-03-23T03:34:33Z,unknown,moved,0.321256038647343,0.5783333333333334,2.232776083314093,0.016418958315625787,0.0024154589371980784,-0.006666666666666599,0.007090760630689321,0.43186422027401716
zigzag_session_2026-03-23T03:35:17Z.json,path,zigzag,2026-03-23T03:34:33Z,unknown,moved,0.32608695652173914,0.5683333333333334,2.2496879999816883,0.016911916667595506,0.004830917874396157,-0.010000000000000009,0.011105753801933503,0.6566821502386513
zigzag_session_2026-03-23T03:35:17Z.json,path,zigzag,2026-03-23T03:34:33Z,unknown,moved,0.3333333333333333,0.555,2.2664809999987483,0.016793000017059967,0.00724637681159418,-0.013333333333333308,0.015175234913285096,0.9036643183391063
zigzag_session_2026-03-23T03:35:17Z.json,path,zigzag,2026-03-23T03:34:33Z,unknown,moved,0.3393719806763285,0.54,2.2831631249864586,0.016682124987710267,0.006038647342995196,-0.015000000000000013,0.016169887499084937,0.9692942302612709
zigzag_session_2026-03-23T03:35:17Z.json,path,zigzag,2026-03-23T03:34:33Z,unknown,moved,0.34541062801932365,0.525,2.2998244166665245,0.016661291680065915,0.00603864734299514,-0.015000000000000013,0.016169887499084917,0.9705062374264217
zigzag_session_2026-03-23T03:35:17Z.json,path,zigzag,2026-03-23T03:34:33Z,unknown,moved,0.3502415458937198,0.5116666666666667,2.3165427083149552,0.01671829164843075,0.004830917874396157,-0.013333333333333308,0.014181521261378744,0.8482637795536891
zigzag_session_2026-03-23T03:35:17Z.json,path,zigzag,2026-03-23T03:34:33Z,unknown,moved,0.35507246376811596,0.5016666666666667,2.333087583305314,0.01654487499035895,0.004830917874396157,-0.010000000000000009,0.011105753801933503,0.6712503907345968
zigzag_session_2026-03-23T03:35:17Z.json,path,zigzag,2026-03-23T03:34:33Z,unknown,moved,0.358695652173913,0.49166666666666664,2.3497944999835454,0.01670691667823121,0.003623188405797062,-0.010000000000000064,0.010636140946034118,0.6366309924734829
zigzag_session_2026-03-23T03:35:17Z.json,path,zigzag,2026-03-23T03:34:33Z,unknown,moved,0.3611111111111111,0.485,2.3665892083081417,0.016794708324596286,0.0024154589371980784,-0.006666666666666654,0.007090760630689372,0.42220207065488413
zigzag_session_2026-03-23T03:35:17Z.json,path,zigzag,2026-03-23T03:34:33Z,unknown,moved,0.3647342995169082,0.47833333333333333,2.3830637083156034,0.016474500007461756,0.0036231884057971175,-0.006666666666666654,0.007587617456642562,0.4605673891897126
zigzag_session_2026-03-23T03:35:17Z.json,path,zigzag,2026-03-23T03:34:33Z,unknown,moved,0.36835748792270534,0.4716666666666667,2.3998510833189357,0.016787375003332272,0.0036231884057971175,-0.006666666666666654,0.007587617456642562,0.4519835564009519
zigzag_session_2026-03-23T03:35:17Z.json,path,zigzag,2026-03-23T03:34:33Z,unknown,moved,0.37077294685990336,0.4666666666666667,2.4164883333141916,0.016637249995255843,0.002415458937198023,-0.0050000000000000044,0.005552876900966727,0.33376170355979173
zigzag_session_2026-03-23T03:35:17Z.json,path,zigzag,2026-03-23T03:34:33Z,unknown,moved,0.37318840579710144,0.4633333333333333,2.4330647499882616,0.01657641667407006,0.0024154589371980784,-0.003333333333333355,0.00411649766043919,0.24833459132808183
zigzag_session_2026-03-23T03:35:17Z.json,path,zigzag,2026-03-23T03:34:33Z,unknown,moved,0.3756038647342995,0.4583333333333333,2.4499304999771994,0.01686574998893775,0.0024154589371980784,-0.0050000000000000044,0.005552876900966752,0.3292398443359403
zigzag_session_2026-03-23T03:35:17Z.json,path,zigzag,2026-03-23T03:34:33Z,unknown,moved,0.3780193236714976,0.4533333333333333,2.4663613333250396,0.016430833347840235,0.0024154589371980784,-0.0050000000000000044,0.005552876900966752,0.3379546723779932
zigzag_session_2026-03-23T03:35:17Z.json,path,zigzag,2026-03-23T03:34:33Z,unknown,moved,0.3804347826086957,0.4483333333333333,2.4831477499974426,0.016786416672402993,0.0024154589371980784,-0.0050000000000000044,0.005552876900966752,0.33079584579213545
zigzag_session_2026-03-23T03:35:17Z.json,path,zigzag,2026-03-23T03:34:33Z,unknown,moved,0.3828502415458937,0.445,2.4997282499971334,0.0165804999996908,0.002415458937198023,-0.0033333333333332993,0.0041164976604391125,0.24827343328101556
zigzag_session_2026-03-23T03:35:17Z.json,path,zigzag,2026-03-23T03:34:33Z,unknown,moved,0.3852657004830918,0.44166666666666665,2.516574374982156,0.01684612498502247,0.0024154589371980784,-0.003333333333333355,0.00411649766043919,0.24435872725027744
zigzag_session_2026-03-23T03:35:17Z.json,path,zigzag,2026-03-23T03:34:33Z,unknown,moved,0.3864734299516908,0.43666666666666665,2.5332524583209306,0.01667808333877474,0.0012077294685990392,-0.0050000000000000044,0.005143793392946743,0.30841633828438664
zigzag_session_2026-03-23T03:35:17Z.json,path,zigzag,2026-03-23T03:34:33Z,unknown,moved,0.38768115942028986,0.43333333333333335,2.5498477916407865,0.016595333319855854,0.0012077294685990392,-0.0033333333333332993,0.0035453803153446604,0.21363718625058958
zigzag_session_2026-03-23T03:35:17Z.json,path,zigzag,2026-03-23T03:34:33Z,unknown,moved,0.3888888888888889,0.43,2.5664393749902956,0.016591583349509165,0.0012077294685990392,-0.003333333333333355,0.0035453803153447125,0.2136854717635853
zigzag_session_2026-03-23T03:35:17Z.json,path,zigzag,2026-03-23T03:34:33Z,unknown,moved,0.391304347826087,0.4266666666666667,2.583047916647047,0.016608541656751186,0.0024154589371980784,-0.0033333333333332993,0.004116497660439145,0.24785425147582632
zigzag_session_2026-03-23T03:35:17Z.json,path,zigzag,2026-03-23T03:34:33Z,unknown,moved,0.392512077294686,0.42333333333333334,2.599765708320774,0.016717791673727334,0.0012077294685990392,-0.003333333333333355,0.0035453803153447125,0.21207228709019127
zigzag_session_2026-03-23T03:35:17Z.json,path,zigzag,2026-03-23T03:34:33Z,unknown,moved,0.39371980676328505,0.42,2.6165319999854546,0.016766291664680466,0.0012077294685990392,-0.003333333333333355,0.0035453803153447125,0.21145882382646006
zigzag_session_2026-03-23T03:35:17Z.json,path,zigzag,2026-03-23T03:34:33Z,unknown,moved,0.39371980676328505,0.41833333333333333,2.63299758330686,0.016465583321405575,0.0,-0.0016666666666666496,0.0016666666666666496,0.10122123426383267
zigzag_session_2026-03-23T03:35:17Z.json,path,zigzag,2026-03-23T03:34:33Z,unknown,moved,0.39492753623188404,0.41833333333333333,2.6496158333320636,0.01661825002520345,0.0012077294685989837,0.0,0.0012077294685989837,0.07267488855729849
zigzag_session_2026-03-23T03:35:17Z.json,path,zigzag,2026-03-23T03:34:33Z,unknown,moved,0.39492753623188404,0.42,2.716591583332047,0.06697574999998324,0.0,0.0016666666666666496,0.0016666666666666496,0.024884628640471616
zigzag_session_2026-03-23T03:35:17Z.json,path,zigzag,2026-03-23T03:34:33Z,unknown,moved,0.3961352657004831,0.425,2.732733708311571,0.016142124979523942,0.0012077294685990392,0.0050000000000000044,0.005143793392946743,0.31865652133604294
zigzag_session_2026-03-23T03:35:17Z.json,path,zigzag,2026-03-23T03:34:33Z,unknown,moved,0.3997584541062802,0.43,2.749307208316168,0.016573500004597008,0.0036231884057971175,0.0050000000000000044,0.006174746490658763,0.3725674413338201
zigzag_session_2026-03-23T03:35:17Z.json,path,zigzag,2026-03-23T03:34:33Z,unknown,moved,0.40217391304347827,0.43666666666666665,2.7663551249715965,0.017047916655428708,0.0024154589371980784,0.006666666666666654,0.007090760630689372,0.41593121165520264
zigzag_session_2026-03-23T03:35:17Z.json,path,zigzag,2026-03-23T03:34:33Z,unknown,moved,0.40458937198067635,0.44333333333333336,2.7831282083061524,0.01677308333455585,0.0024154589371980784,0.00666666666666671,0.007090760630689425,0.42274640203337355
zigzag_session_2026-03-23T03:35:17Z.json,path,zigzag,2026-03-23T03:34:33Z,unknown,moved,0.40700483091787437,0.4483333333333333,2.799545208312338,0.016417000006185845,0.002415458937198023,0.004999999999999949,0.005552876900966677,0.3382394407549723
zigzag_session_2026-03-23T03:35:17Z.json,path,zigzag,2026-03-23T03:34:33Z,unknown,moved,0.40942028985507245,0.455,2.8164908749749884,0.016945666662650183,0.0024154589371980784,0.00666666666666671,0.007090760630689425,0.41844093666247534
zigzag_session_2026-03-23T03:35:17Z.json,path,zigzag,2026-03-23T03:34:33Z,unknown,moved,0.41183574879227053,0.46,2.833037874981528,0.016547000006539747,0.0024154589371980784,0.0050000000000000044,0.005552876900966752,0.33558209335662836
zigzag_session_2026-03-23T03:35:17Z.json,path,zigzag,2026-03-23T03:34:33Z,unknown,moved,0.4142512077294686,0.4666666666666667,2.8498136666603386,0.016775791678810492,0.0024154589371980784,0.006666666666666654,0.007090760630689372,0.4226781523309993
zigzag_session_2026-03-23T03:35:17Z.json,path,zigzag,2026-03-23T03:34:33Z,unknown,moved,0.4166666666666667,0.4716666666666667,2.8664972499827854,0.016683583322446793,0.0024154589371980784,0.0050000000000000044,0.005552876900966752,0.3328347869666391
zigzag_session_2026-03-23T03:35:17Z.json,path,zigzag,2026-03-23T03:34:33Z,unknown,moved,0.42028985507246375,0.47833333333333333,2.883158958313288,0.016661708330502734,0.003623188405797062,0.006666666666666654,0.007587617456642535,0.45539252675260306
zigzag_session_2026-03-23T03:35:17Z.json,path,zigzag,2026-03-23T03:34:33Z,unknown,moved,0.4227053140096618,0.4866666666666667,2.8998570416588336,0.016698083345545456,0.0024154589371980784,0.00833333333333336,0.008676340606599936,0.5196009881526027
zigzag_session_2026-03-23T03:35:17Z.json,path,zigzag,2026-03-23T03:34:33Z,unknown,moved,0.42632850241545894,0.49666666666666665,2.9161929999827407,0.016335958323907107,0.0036231884057971175,0.009999999999999953,0.010636140946034033,0.6510876641052892
zigzag_session_2026-03-23T03:35:17Z.json,path,zigzag,2026-03-23T03:34:33Z,unknown,moved,0.4311594202898551,0.51,2.9330525416589808,0.016859541676240042,0.004830917874396157,0.013333333333333364,0.014181521261378798,0.8411569859793195
zigzag_session_2026-03-23T03:35:17Z.json,path,zigzag,2026-03-23T03:34:33Z,unknown,moved,0.4359903381642512,0.5283333333333333,2.949980916659115,0.01692837500013411,0.004830917874396101,0.018333333333333313,0.018959137074779277,1.1199620208454195
zigzag_session_2026-03-23T03:35:17Z.json,path,zigzag,2026-03-23T03:34:33Z,unknown,moved,0.44082125603864736,0.5433333333333333,2.9663734166533686,0.01639249999425374,0.004830917874396157,0.015000000000000013,0.015758736228173902,0.9613381872013422
zigzag_session_2026-03-23T03:35:17Z.json,path,zigzag,2026-03-23T03:34:33Z,unknown,moved,0.4468599033816425,0.5566666666666666,2.983023749984568,0.016650333331199363,0.00603864734299514,0.013333333333333308,0.014637043400592874,0.87908410657257
zigzag_session_2026-03-23T03:35:17Z.json,path,zigzag,2026-03-23T03:34:33Z,unknown,moved,0.4504830917874396,0.5683333333333334,2.9997042499890085,0.016680500004440546,0.0036231884057971175,0.011666666666666714,0.012216325361376672,0.7323716530154697
zigzag_session_2026-03-23T03:35:17Z.json,path,zigzag,2026-03-23T03:34:33Z,unknown,moved,0.4553140096618358,0.5783333333333334,3.016426333313575,0.016722083324566483,0.004830917874396157,0.010000000000000009,0.011105753801933503,0.6641369730300287
zigzag_session_2026-03-23T03:35:17Z.json,path,zigzag,2026-03-23T03:34:33Z,unknown,moved,0.45893719806763283,0.5883333333333334,3.033262583310716,0.01683624999714084,0.003623188405797062,0.010000000000000009,0.010636140946034066,0.6317404973102866
zigzag_session_2026-03-23T03:35:17Z.json,path,zigzag,2026-03-23T03:34:33Z,unknown,moved,0.46256038647342995,0.5933333333333334,3.0497962499794085,0.016533666668692604,0.0036231884057971175,0.0050000000000000044,0.006174746490658763,0.3734650404166537
zigzag_session_2026-03-23T03:35:17Z.json,path,zigzag,2026-03-23T03:34:33Z,unknown,moved,0.46497584541062803,0.5966666666666667,3.0663261249719653,0.01652987499255687,0.0024154589371980784,0.0033333333333332993,0.004116497660439145,0.2490338046895537
zigzag_session_2026-03-23T03:35:17Z.json,path,zigzag,2026-03-23T03:34:33Z,unknown,moved,0.4673913043478261,0.5983333333333334,3.083129958307836,0.016803833335870877,0.0024154589371980784,0.0016666666666667052,0.002934658354062356,0.17464219594452815
zigzag_session_2026-03-23T03:35:17Z.json,path,zigzag,2026-03-23T03:34:33Z,unknown,moved,0.46859903381642515,0.5983333333333334,3.0912364999821875,0.00810654167435132,0.0012077294685990392,0.0,0.0012077294685990392,0.14898208349686687
zigzag_session_2026-03-23T03:35:17Z.json,path,zigzag,2026-03-23T03:34:33Z,unknown,moved,0.46859903381642515,0.5966666666666667,3.1829394999949727,0.0917030000127852,0.0,-0.0016666666666667052,0.0016666666666667052,0.018174614423021485
zigzag_session_2026-03-23T03:35:17Z.json,path,zigzag,2026-03-23T03:34:33Z,unknown,moved,0.46859903381642515,0.595,3.207862583309179,0.02492308331420645,0.0,-0.0016666666666667052,0.0016666666666667052,0.06687241083516683
zigzag_session_2026-03-23T03:35:17Z.json,path,zigzag,2026-03-23T03:34:33Z,unknown,moved,0.46859903381642515,0.5933333333333334,3.232772166666109,0.024909583356929943,0.0,-0.0016666666666665941,0.0016666666666665941,0.06690865289815942
zigzag_session_2026-03-23T03:35:17Z.json,path,zigzag,2026-03-23T03:34:33Z,unknown,moved,0.46980676328502413,0.5916666666666667,3.2491924583155196,0.0164202916494105,0.0012077294685989837,-0.0016666666666667052,0.002058248830219585,0.1253478850537638
zigzag_session_2026-03-23T03:35:17Z.json,path,zigzag,2026-03-23T03:34:33Z,unknown,moved,0.46980676328502413,0.59,3.266284708312014,0.017092249996494502,0.0,-0.0016666666666667052,0.0016666666666667052,0.09751008012453168
zigzag_session_2026-03-23T03:35:17Z.json,path,zigzag,2026-03-23T03:34:33Z,unknown,moved,0.46980676328502413,0.5883333333333334,3.2831694999767933,0.016884791664779186,0.0,-0.0016666666666665941,0.0016666666666665941,0.09870815700635358
zigzag_session_2026-03-23T03:35:17Z.json,path,zigzag,2026-03-23T03:34:33Z,unknown,moved,0.4722222222222222,0.5833333333333334,3.299660666642012,0.01649116666521877,0.0024154589371980784,-0.0050000000000000044,0.005552876900966752,0.3367182573370159
zigzag_session_2026-03-23T03:35:17Z.json,path,zigzag,2026-03-23T03:34:33Z,unknown,moved,0.47342995169082125,0.5766666666666667,3.316407458332833,0.016746791690820828,0.0012077294685990392,-0.00666666666666671,0.00677517932705604,0.4045658089107073
zigzag_session_2026-03-23T03:35:17Z.json,path,zigzag,2026-03-23T03:34:33Z,unknown,moved,0.47705314009661837,0.5683333333333334,3.333017833327176,0.016610374994343147,0.0036231884057971175,-0.008333333333333304,0.009086910292742336,0.5470623207385136
zigzag_session_2026-03-23T03:35:17Z.json,path,zigzag,2026-03-23T03:34:33Z,unknown,moved,0.4806763285024155,0.56,3.34985562498332,0.016837791656143963,0.0036231884057971175,-0.008333333333333304,0.009086910292742336,0.5396735200382766
zigzag_session_2026-03-23T03:35:17Z.json,path,zigzag,2026-03-23T03:34:33Z,unknown,moved,0.4855072463768116,0.55,3.366445624997141,0.016590000013820827,0.004830917874396101,-0.010000000000000009,0.01110575380193348,0.6694245806317949
zigzag_session_2026-03-23T03:35:17Z.json,path,zigzag,2026-03-23T03:34:33Z,unknown,moved,0.49033816425120774,0.54,3.3831989583268296,0.016753333329688758,0.004830917874396157,-0.010000000000000009,0.011105753801933503,0.6628981578402001
zigzag_session_2026-03-23T03:35:17Z.json,path,zigzag,2026-03-23T03:34:33Z,unknown,moved,0.49516908212560384,0.53,3.3996839999745134,0.01648504164768383,0.004830917874396101,-0.010000000000000009,0.01110575380193348,0.6736867300237517
zigzag_session_2026-03-23T03:35:17Z.json,path,zigzag,2026-03-23T03:34:33Z,unknown,moved,0.5,0.52,3.4162578333052807,0.01657383333076723,0.004830917874396157,-0.010000000000000009,0.011105753801933503,0.6700775602296587
zigzag_session_2026-03-23T03:35:17Z.json,path,zigzag,2026-03-23T03:34:33Z,unknown,moved,0.5048309178743962,0.5066666666666667,3.433115624997299,0.01685779169201851,0.004830917874396157,-0.013333333333333308,0.014181521261378744,0.8412443053317077
zigzag_session_2026-03-23T03:35:17Z.json,path,zigzag,2026-03-23T03:34:33Z,unknown,moved,0.5096618357487923,0.49666666666666665,3.449906291643856,0.01679066664655693,0.004830917874396157,-0.010000000000000064,0.011105753801933554,0.6614242326233595
zigzag_session_2026-03-23T03:35:17Z.json,path,zigzag,2026-03-23T03:34:33Z,unknown,moved,0.5144927536231884,0.4866666666666667,3.4661957916396204,0.016289499995764345,0.004830917874396046,-0.009999999999999953,0.011105753801933405,0.6817737686743708
zigzag_session_2026-03-23T03:35:17Z.json,path,zigzag,2026-03-23T03:34:33Z,unknown,moved,0.5181159420289855,0.4766666666666667,3.4829077499744017,0.01671195833478123,0.0036231884057971175,-0.010000000000000009,0.010636140946034085,0.6364389339038715
zigzag_session_2026-03-23T03:35:17Z.json,path,zigzag,2026-03-23T03:34:33Z,unknown,moved,0.5229468599033816,0.4683333333333333,3.4994865833141375,0.016578833339735866,0.004830917874396157,-0.00833333333333336,0.009632352358256272,0.5810030272256621
zigzag_session_2026-03-23T03:35:17Z.json,path,zigzag,2026-03-23T03:34:33Z,unknown,moved,0.5265700483091788,0.46166666666666667,3.516376666666474,0.01689008335233666,0.0036231884057971175,-0.006666666666666654,0.007587617456642562,0.4492350510273149
zigzag_session_2026-03-23T03:35:17Z.json,path,zigzag,2026-03-23T03:34:33Z,unknown,moved,0.5289855072463768,0.4533333333333333,3.5331272916519083,0.016750624985434115,0.0024154589371980784,-0.00833333333333336,0.008676340606599936,0.517971157144563
zigzag_session_2026-03-23T03:35:17Z.json,path,zigzag,2026-03-23T03:34:33Z,unknown,moved,0.532608695652174,0.44666666666666666,3.549654999980703,0.016527708328794688,0.0036231884057971175,-0.006666666666666654,0.007587617456642562,0.45908466592572683
zigzag_session_2026-03-23T03:35:17Z.json,path,zigzag,2026-03-23T03:34:33Z,unknown,moved,0.535024154589372,0.44166666666666665,3.566390208317898,0.016735208337195218,0.0024154589371980784,-0.0050000000000000044,0.005552876900966752,0.33180805336167096
zigzag_session_2026-03-23T03:35:17Z.json,path,zigzag,2026-03-23T03:34:33Z,unknown,moved,0.5398550724637681,0.435,3.5830382083076984,0.016647999989800155,0.004830917874396046,-0.006666666666666654,0.00823299532087827,0.49453359718419243
zigzag_session_2026-03-23T03:35:17Z.json,path,zigzag,2026-03-23T03:34:33Z,unknown,moved,0.5422705314009661,0.43,3.599634916638024,0.016596708330325782,0.0024154589371980784,-0.0050000000000000044,0.005552876900966752,0.3345770010804156
zigzag_session_2026-03-23T03:35:17Z.json,path,zigzag,2026-03-23T03:34:33Z,unknown,moved,0.5446859903381642,0.4266666666666667,3.616455249983119,0.016820333345094696,0.0024154589371980784,-0.0033333333333332993,0.004116497660439145,0.2447334173457173
zigzag_session_2026-03-23T03:35:17Z.json,path,zigzag,2026-03-23T03:34:33Z,unknown,moved,0.5446859903381642,0.42333333333333334,3.6329782083048485,0.016522958321729675,0.0,-0.003333333333333355,0.003333333333333355,0.20173949897032792
zigzag_session_2026-03-23T03:35:17Z.json,path,zigzag,2026-03-23T03:34:33Z,unknown,moved,0.5458937198067633,0.4216666666666667,3.6413281666464172,0.008349958341568708,0.0012077294685990392,-0.0016666666666666496,0.0020582488302195727,0.2464980956818629
zigzag_session_2026-03-23T03:35:17Z.json,path,zigzag,2026-03-23T03:34:33Z,unknown,moved,0.5471014492753623,0.42,3.6663295416510664,0.025001375004649162,0.0012077294685990392,-0.0016666666666667052,0.0020582488302196174,0.0823254252950837
zigzag_session_2026-03-23T03:35:17Z.json,path,zigzag,2026-03-23T03:34:33Z,unknown,moved,0.5471014492753623,0.42333333333333334,3.7831067083170637,0.11677716666599736,0.0,0.003333333333333355,0.003333333333333355,0.02854439295369494
zigzag_session_2026-03-23T03:35:17Z.json,path,zigzag,2026-03-23T03:34:33Z,unknown,moved,0.5471014492753623,0.42833333333333334,3.7996741666574962,0.016567458340432495,0.0,0.0050000000000000044,0.0050000000000000044,0.30179644319959575
zigzag_session_2026-03-23T03:35:17Z.json,path,zigzag,2026-03-23T03:34:33Z,unknown,moved,0.5471014492753623,0.435,3.8159982083307113,0.016324041673215106,0.0,0.006666666666666654,0.006666666666666654,0.4083955922267392
zigzag_session_2026-03-23T03:35:17Z.json,path,zigzag,2026-03-23T03:34:33Z,unknown,moved,0.5471014492753623,0.44333333333333336,3.8330963333137333,0.01709812498302199,0.0,0.00833333333333336,0.00833333333333336,0.4873828762866192
zigzag_session_2026-03-23T03:35:17Z.json,path,zigzag,2026-03-23T03:34:33Z,unknown,moved,0.5471014492753623,0.45166666666666666,3.849652624980081,0.016556291666347533,0.0,0.008333333333333304,0.008333333333333304,0.5033333249541448
zigzag_session_2026-03-23T03:35:17Z.json,path,zigzag,2026-03-23T03:34:33Z,unknown,moved,0.5471014492753623,0.46,3.8663779166527092,0.016725291672628373,0.0,0.00833333333333336,0.00833333333333336,0.49824741454112886
zigzag_session_2026-03-23T03:35:17Z.json,path,zigzag,2026-03-23T03:34:33Z,unknown,moved,0.5483091787439613,0.4683333333333333,3.8830268749734387,0.016648958320729434,0.0012077294685990392,0.008333333333333304,0.008420395175629614,0.5057610820699499
zigzag_session_2026-03-23T03:35:17Z.json,path,zigzag,2026-03-23T03:34:33Z,unknown,moved,0.5495169082125604,0.4766666666666667,3.8995905833144207,0.016563708340981975,0.0012077294685990392,0.00833333333333336,0.008420395175629668,0.5083641297158017
zigzag_session_2026-03-23T03:35:17Z.json,path,zigzag,2026-03-23T03:34:33Z,unknown,moved,0.5507246376811594,0.485,3.9161360416619573,0.016545458347536623,0.0012077294685990392,0.008333333333333304,0.008420395175629614,0.5089248661934643
zigzag_session_2026-03-23T03:35:17Z.json,path,zigzag,2026-03-23T03:34:33Z,unknown,moved,0.5531400966183575,0.49333333333333335,3.9330307916388847,0.016894749976927415,0.0024154589371980784,0.00833333333333336,0.008676340606599936,0.5135524715339925
zigzag_session_2026-03-23T03:35:17Z.json,path,zigzag,2026-03-23T03:34:33Z,unknown,moved,0.5543478260869565,0.5,3.949624499975471,0.016593708336586133,0.0012077294685990392,0.006666666666666654,0.006775179327055986,0.40829808440816917
zigzag_session_2026-03-23T03:35:17Z.json,path,zigzag,2026-03-23T03:34:33Z,unknown,moved,0.5567632850241546,0.5066666666666667,3.966149083309574,0.016524583334103227,0.0024154589371980784,0.00666666666666671,0.007090760630689425,0.4291037472669948
zigzag_session_2026-03-23T03:35:17Z.json,path,zigzag,2026-03-23T03:34:33Z,unknown,moved,0.5591787439613527,0.5166666666666667,3.982895749999443,0.016746666689869016,0.0024154589371980784,0.010000000000000009,0.010287586785893485,0.6143065349307403
zigzag_session_2026-03-23T03:35:17Z.json,path,zigzag,2026-03-23T03:34:33Z,unknown,moved,0.5615942028985508,0.5233333333333333,3.999422749999212,0.016526999999769032,0.0024154589371980784,0.006666666666666599,0.007090760630689321,0.42904100143936685
zigzag_session_2026-03-23T03:35:17Z.json,path,zigzag,2026-03-23T03:34:33Z,unknown,moved,0.5640096618357487,0.5283333333333333,4.0163077083125245,0.01688495831331238,0.0024154589371979673,0.0050000000000000044,0.005552876900966703,0.32886530117096724
zigzag_session_2026-03-23T03:35:17Z.json,path,zigzag,2026-03-23T03:34:33Z,unknown,moved,0.5664251207729468,0.535,4.033322999981465,0.017015291668940336,0.0024154589371980784,0.00666666666666671,0.007090760630689425,0.4167287148907873
zigzag_session_2026-03-23T03:35:17Z.json,path,zigzag,2026-03-23T03:34:33Z,unknown,moved,0.5688405797101449,0.5383333333333333,4.049714083317667,0.016391083336202428,0.0024154589371980784,0.0033333333333332993,0.004116497660439145,0.25114250083441264
zigzag_session_2026-03-23T03:35:17Z.json,path,zigzag,2026-03-23T03:34:33Z,unknown,moved,0.571256038647343,0.5433333333333333,4.0663354999851435,0.016621416667476296,0.0024154589371980784,0.0050000000000000044,0.005552876900966752,0.334079640265096
zigzag_session_2026-03-23T03:35:17Z.json,path,zigzag,2026-03-23T03:34:33Z,unknown,moved,0.5748792270531401,0.5466666666666666,4.082980041654082,0.016644541668938473,0.0036231884057971175,0.0033333333333332993,0.004923271812018258,0.2957889685365092
zigzag_session_2026-03-23T03:35:17Z.json,path,zigzag,2026-03-23T03:34:33Z,unknown,moved,0.5772946859903382,0.55,4.0997022499796,0.016722208325518295,0.0024154589371980784,0.0033333333333334103,0.004116497660439235,0.24616949988342202
zigzag_session_2026-03-23T03:35:17Z.json,path,zigzag,2026-03-23T03:34:33Z,unknown,moved,0.5797101449275363,0.5533333333333333,4.116451791662257,0.016749541682656854,0.0024154589371980784,0.0033333333333332993,0.004116497660439145,0.24576777910893716
zigzag_session_2026-03-23T03:35:17Z.json,path,zigzag,2026-03-23T03:34:33Z,unknown,moved,0.5821256038647343,0.5566666666666666,4.132954458327731,0.016502666665473953,0.0024154589371980784,0.0033333333333332993,0.004116497660439145,0.24944439246606576
zigzag_session_2026-03-23T03:35:17Z.json,path,zigzag,2026-03-23T03:34:33Z,unknown,moved,0.5857487922705314,0.56,4.149838999990607,0.016884541662875563,0.0036231884057971175,0.0033333333333334103,0.0049232718120183335,0.29158456950260286
zigzag_session_2026-03-23T03:35:17Z.json,path,zigzag,2026-03-23T03:34:33Z,unknown,moved,0.5881642512077294,0.5633333333333334,4.166301916644443,0.016462916653836146,0.0024154589371979673,0.0033333333333332993,0.00411649766043908,0.25004668048780193
zigzag_session_2026-03-23T03:35:17Z.json,path,zigzag,2026-03-23T03:34:33Z,unknown,moved,0.5905797101449275,0.5666666666666667,4.182946124987211,0.016644208342768252,0.0024154589371980784,0.0033333333333332993,0.004116497660439145,0.24732312740051252
zigzag_session_2026-03-23T03:35:17Z.json,path,zigzag,2026-03-23T03:34:33Z,unknown,moved,0.5929951690821256,0.5716666666666667,4.199873124976875,0.016926999989664182,0.0024154589371980784,0.0050000000000000044,0.005552876900966752,0.3280484967423289
zigzag_session_2026-03-23T03:35:17Z.json,path,zigzag,2026-03-23T03:34:33Z,unknown,moved,0.5954106280193237,0.5766666666666667,4.216277541650925,0.01640441667404957,0.0024154589371980784,0.0050000000000000044,0.005552876900966752,0.3384988940052311
zigzag_session_2026-03-23T03:35:17Z.json,path,zigzag,2026-03-23T03:34:33Z,unknown,moved,0.5978260869565217,0.58,4.233125124999788,0.016847583348862827,0.0024154589371980784,0.0033333333333332993,0.004116497660439145,0.24433757502182055
zigzag_session_2026-03-23T03:35:17Z.json,path,zigzag,2026-03-23T03:34:33Z,unknown,moved,0.5990338164251208,0.5833333333333334,4.249552874971414,0.016427749971626326,0.0012077294685990392,0.0033333333333334103,0.0035453803153447645,0.21581654952554505
zigzag_session_2026-03-23T03:35:17Z.json,path,zigzag,2026-03-23T03:34:33Z,unknown,moved,0.6014492753623188,0.585,4.2665139166638255,0.016961041692411527,0.0024154589371980784,0.0016666666666665941,0.002934658354062293,0.17302347386925399
zigzag_session_2026-03-23T03:35:17Z.json,path,zigzag,2026-03-23T03:34:33Z,unknown,moved,0.6026570048309179,0.5883333333333334,4.283039249974536,0.016525333310710266,0.0012077294685990392,0.0033333333333334103,0.0035453803153447645,0.21454213652967358
zigzag_session_2026-03-23T03:35:17Z.json,path,zigzag,2026-03-23T03:34:33Z,unknown,moved,0.6038647342995169,0.5883333333333334,4.291259416640969,0.008220166666433215,0.0012077294685990392,0.0,0.0012077294685990392,0.14692274714219158
zigzag_session_2026-03-23T03:35:17Z.json,path,zigzag,2026-03-23T03:34:33Z,unknown,moved,0.605072463768116,0.5883333333333334,4.316264249995584,0.025004833354614675,0.0012077294685990392,0.0,0.0012077294685990392,0.04829984073363765
zigzag_session_2026-03-23T03:35:17Z.json,path,zigzag,2026-03-23T03:34:33Z,unknown,moved,0.606280193236715,0.5883333333333334,4.382796374993632,0.06653212499804795,0.0012077294685990392,0.0,0.0012077294685990392,0.018152576197355396
zigzag_session_2026-03-23T03:35:17Z.json,path,zigzag,2026-03-23T03:34:33Z,unknown,moved,0.607487922705314,0.5883333333333334,4.416190916643245,0.03339454164961353,0.0012077294685990392,0.0,0.0012077294685990392,0.03616547522259573
zigzag_session_2026-03-23T03:35:17Z.json,path,zigzag,2026-03-23T03:34:33Z,unknown,moved,0.6086956521739131,0.585,4.432704124978045,0.016513208334799856,0.0012077294685990392,-0.0033333333333334103,0.0035453803153447645,0.21469966607719998
zigzag_session_2026-03-23T03:35:17Z.json,path,zigzag,2026-03-23T03:34:33Z,unknown,moved,0.6111111111111112,0.58,4.449307249975391,0.01660312499734573,0.0024154589371980784,-0.0050000000000000044,0.005552876900966752,0.3344476959520853
zigzag_session_2026-03-23T03:35:17Z.json,path,zigzag,2026-03-23T03:34:33Z,unknown,moved,0.6135265700483091,0.575,4.466433708323166,0.017126458347775042,0.0024154589371979673,-0.0050000000000000044,0.005552876900966703,0.3242279745297192
zigzag_session_2026-03-23T03:35:17Z.json,path,zigzag,2026-03-23T03:34:33Z,unknown,moved,0.6171497584541062,0.5683333333333334,4.482955124985892,0.01652141666272655,0.0036231884057971175,-0.006666666666666599,0.007587617456642513,0.4592594939973095
zigzag_session_2026-03-23T03:35:17Z.json,path,zigzag,2026-03-23T03:34:33Z,unknown,moved,0.6219806763285024,0.5583333333333333,4.4996026666485704,0.016647541662678123,0.004830917874396157,-0.010000000000000009,0.011105753801933503,0.6671107378473381
zigzag_session_2026-03-23T03:35:17Z.json,path,zigzag,2026-03-23T03:34:33Z,unknown,moved,0.6268115942028986,0.55,4.516254249989288,0.01665158334071748,0.004830917874396157,-0.008333333333333304,0.009632352358256224,0.5784646517489181
zigzag_session_2026-03-23T03:35:17Z.json,path,zigzag,2026-03-23T03:34:33Z,unknown,moved,0.6316425120772947,0.5383333333333333,4.5331273333285935,0.016873083339305595,0.004830917874396157,-0.011666666666666714,0.012627306863313035,0.748369850926885
zigzag_session_2026-03-23T03:35:17Z.json,path,zigzag,2026-03-23T03:34:33Z,unknown,moved,0.6364734299516909,0.5266666666666666,4.549800666660303,0.016673333331709728,0.004830917874396157,-0.011666666666666714,0.012627306863313035,0.7573354776814863
zigzag_session_2026-03-23T03:35:17Z.json,path,zigzag,2026-03-23T03:34:33Z,unknown,moved,0.6400966183574879,0.5166666666666667,4.566309874993749,0.016509208333445713,0.0036231884057970065,-0.009999999999999898,0.010636140946033943,0.6442550564030604
zigzag_session_2026-03-23T03:35:17Z.json,path,zigzag,2026-03-23T03:34:33Z,unknown,moved,0.643719806763285,0.505,4.582999583304627,0.016689708310877904,0.0036231884057971175,-0.011666666666666714,0.012216325361376672,0.7319675774929151
zigzag_session_2026-03-23T03:35:17Z.json,path,zigzag,2026-03-23T03:34:33Z,unknown,moved,0.6485507246376812,0.495,4.599600291665411,0.016600708360783756,0.004830917874396157,-0.010000000000000009,0.011105753801933503,0.6689927658851527
zigzag_session_2026-03-23T03:35:17Z.json,path,zigzag,2026-03-23T03:34:33Z,unknown,moved,0.6521739130434783,0.4866666666666667,4.616448583314195,0.016848291648784652,0.0036231884057971175,-0.008333333333333304,0.009086910292742336,0.5393371911031596
zigzag_session_2026-03-23T03:35:17Z.json,path,zigzag,2026-03-23T03:34:33Z,unknown,moved,0.6557971014492754,0.47833333333333333,4.632882333331509,0.016433750017313287,0.0036231884057971175,-0.00833333333333336,0.009086910292742388,0.5529419811770986
zigzag_session_2026-03-23T03:35:17Z.json,path,zigzag,2026-03-23T03:34:33Z,unknown,moved,0.6594202898550725,0.47,4.6497481249971315,0.016865791665622965,0.0036231884057971175,-0.00833333333333336,0.009086910292742388,0.5387775725502387
zigzag_session_2026-03-23T03:35:17Z.json,path,zigzag,2026-03-23T03:34:33Z,unknown,moved,0.6630434782608695,0.46166666666666667,4.666294999973616,0.016546874976484105,0.0036231884057970065,-0.008333333333333304,0.009086910292742292,0.5491617181888617
zigzag_session_2026-03-23T03:35:17Z.json,path,zigzag,2026-03-23T03:34:33Z,unknown,moved,0.6678743961352657,0.4533333333333333,4.6829483333276585,0.016653333354042843,0.004830917874396157,-0.00833333333333336,0.009632352358256272,0.5784038638677629
zigzag_session_2026-03-23T03:35:17Z.json,path,zigzag,2026-03-23T03:34:33Z,unknown,moved,0.6714975845410628,0.445,4.69975112497923,0.01680279165157117,0.0036231884057971175,-0.008333333333333304,0.009086910292742336,0.5407976532216687
zigzag_session_2026-03-23T03:35:17Z.json,path,zigzag,2026-03-23T03:34:33Z,unknown,moved,0.6763285024154589,0.43333333333333335,4.71627791665378,0.016526791674550623,0.004830917874396157,-0.011666666666666659,0.012627306863312983,0.7640507069958169
zigzag_session_2026-03-23T03:35:17Z.json,path,zigzag,2026-03-23T03:34:33Z,unknown,moved,0.6799516908212561,0.4266666666666667,4.732952208316419,0.016674291662639007,0.0036231884057971175,-0.006666666666666654,0.007587617456642562,0.45504886265385647
zigzag_session_2026-03-23T03:35:17Z.json,path,zigzag,2026-03-23T03:34:33Z,unknown,moved,0.6835748792270532,0.41833333333333333,4.7495417916506995,0.016589583334280178,0.0036231884057971175,-0.00833333333333336,0.009086910292742388,0.5477479518105491
zigzag_session_2026-03-23T03:35:17Z.json,path,zigzag,2026-03-23T03:34:33Z,unknown,moved,0.6871980676328503,0.41,4.766283333330648,0.01674154167994857,0.0036231884057971175,-0.00833333333333336,0.009086910292742388,0.54277619507562
zigzag_session_2026-03-23T03:35:17Z.json,path,zigzag,2026-03-23T03:34:33Z,unknown,moved,0.6908212560386473,0.4033333333333333,4.783143791661132,0.016860458330484107,0.0036231884057970065,-0.006666666666666654,0.007587617456642508,0.4500243888936232
zigzag_session_2026-03-23T03:35:17Z.json,path,zigzag,2026-03-23T03:34:33Z,unknown,moved,0.6944444444444444,0.3983333333333333,4.799587458313908,0.0164436666527763,0.0036231884057971175,-0.0050000000000000044,0.006174746490658763,0.3755091015309676
zigzag_session_2026-03-23T03:35:17Z.json,path,zigzag,2026-03-23T03:34:33Z,unknown,moved,0.6980676328502415,0.3933333333333333,4.8162671249883715,0.01667966667446308,0.0036231884057971175,-0.0050000000000000044,0.006174746490658763,0.3701960363579945
zigzag_session_2026-03-23T03:35:17Z.json,path,zigzag,2026-03-23T03:34:33Z,unknown,moved,0.7004830917874396,0.3933333333333333,4.832907999982126,0.01664087499375455,0.0024154589371980784,0.0,0.0024154589371980784,0.1451521592527207
zigzag_session_2026-03-23T03:35:17Z.json,path,zigzag,2026-03-23T03:34:33Z,unknown,moved,0.7028985507246377,0.3933333333333333,4.849635916645639,0.016727916663512588,0.0024154589371980784,0.0,0.0024154589371980784,0.1443968777335403
zigzag_session_2026-03-23T03:35:17Z.json,path,zigzag,2026-03-23T03:34:33Z,unknown,moved,0.7028985507246377,0.4,4.88297091666027,0.03333500001463108,0.0,0.00666666666666671,0.00666666666666671,0.1999900004121986
zigzag_session_2026-03-23T03:35:17Z.json,path,zigzag,2026-03-23T03:34:33Z,unknown,moved,0.7041062801932367,0.41,4.8995856666588224,0.016614749998552725,0.0012077294685990392,0.009999999999999953,0.010072666502437256,0.6062484541335057
zigzag_session_2026-03-23T03:35:17Z.json,path,zigzag,2026-03-23T03:34:33Z,unknown,moved,0.7065217391304348,0.42,4.916294041642686,0.016708374983863905,0.0024154589371980784,0.010000000000000009,0.010287586785893485,0.6157143825074977
zigzag_session_2026-03-23T03:35:17Z.json,path,zigzag,2026-03-23T03:34:33Z,unknown,moved,0.7101449275362319,0.43166666666666664,4.932906916656066,0.01661287501337938,0.0036231884057971175,0.011666666666666659,0.012216325361376618,0.7353528724882389
zigzag_session_2026-03-23T03:35:17Z.json,path,zigzag,2026-03-23T03:34:33Z,unknown,moved,0.714975845410628,0.445,4.949949458328774,0.017042541672708467,0.004830917874396046,0.013333333333333364,0.01418152126137876,0.8321247812518904
zigzag_session_2026-03-23T03:35:17Z.json,path,zigzag,2026-03-23T03:34:33Z,unknown,moved,0.7185990338164251,0.45666666666666667,4.966211124992697,0.01626166666392237,0.0036231884057971175,0.011666666666666659,0.012216325361376618,0.7512345206582902
zigzag_session_2026-03-23T03:35:17Z.json,path,zigzag,2026-03-23T03:34:33Z,unknown,moved,0.7246376811594203,0.47,4.982774458330823,0.01656333333812654,0.006038647342995196,0.013333333333333308,0.014637043400592896,0.8837015534125859
zigzag_session_2026-03-23T03:35:17Z.json,path,zigzag,2026-03-23T03:34:33Z,unknown,moved,0.7294685990338164,0.485,4.999407083319966,0.01663262498914264,0.004830917874396157,0.015000000000000013,0.015758736228173902,0.9474593600505518
zigzag_session_2026-03-23T03:35:17Z.json,path,zigzag,2026-03-23T03:34:33Z,unknown,moved,0.7342995169082126,0.505,5.016228833323112,0.016821750003146008,0.004830917874396157,0.020000000000000018,0.02057517357178697,1.2231291968991929
zigzag_session_2026-03-23T03:35:17Z.json,path,zigzag,2026-03-23T03:34:33Z,unknown,moved,0.7391304347826086,0.5266666666666666,5.033146791654872,0.01691795833176002,0.004830917874396046,0.021666666666666612,0.022198698429268353,1.312138143028454
zigzag_session_2026-03-23T03:35:17Z.json,path,zigzag,2026-03-23T03:34:33Z,unknown,moved,0.7451690821256038,0.5466666666666666,5.049674999987474,0.016528208332601935,0.006038647342995196,0.020000000000000018,0.020891751045162863,1.264005790872918
zigzag_session_2026-03-23T03:35:17Z.json,path,zigzag,2026-03-23T03:34:33Z,unknown,moved,0.751207729468599,0.565,5.066228708310518,0.016553708323044702,0.006038647342995196,0.018333333333333313,0.019302237508749428,1.1660370674695562
zigzag_session_2026-03-23T03:35:17Z.json,path,zigzag,2026-03-23T03:34:33Z,unknown,moved,0.7572463768115942,0.58,5.082907666655956,0.016678958345437422,0.006038647342995196,0.015000000000000013,0.016169887499084937,0.9694782590249863
zigzag_session_2026-03-23T03:35:17Z.json,path,zigzag,2026-03-23T03:34:33Z,unknown,moved,0.7620772946859904,0.5933333333333334,5.099673416640144,0.016765749984188005,0.004830917874396157,0.01333333333333342,0.01418152126137885,0.8458626231903509
zigzag_session_2026-03-23T03:35:17Z.json,path,zigzag,2026-03-23T03:34:33Z,unknown,moved,0.7644927536231884,0.6,5.116483083314961,0.01680966667481698,0.0024154589371979673,0.006666666666666599,0.007090760630689283,0.42182636740276025
zigzag_session_2026-03-23T03:35:17Z.json,path,zigzag,2026-03-23T03:34:33Z,unknown,moved,0.7669082125603864,0.6016666666666667,5.133042666653637,0.01655958333867602,0.0024154589371980784,0.0016666666666667052,0.002934658354062356,0.17721812765712916
zigzag_session_2026-03-23T03:35:17Z.json,path,zigzag,2026-03-23T03:34:33Z,unknown,moved,0.7693236714975845,0.6016666666666667,5.141270208318019,0.008227541664382443,0.0024154589371980784,0.0,0.0024154589371980784,0.29358209726907314
zigzag_session_2026-03-23T03:35:17Z.json,path,zigzag,2026-03-23T03:34:33Z,unknown,moved,0.7693236714975845,0.6,5.1828430833120365,0.041572874994017184,0.0,-0.0016666666666667052,0.0016666666666667052,0.04009024314307244
zigzag_session_2026-03-23T03:35:17Z.json,path,zigzag,2026-03-23T03:34:33Z,unknown,moved,0.7693236714975845,0.5983333333333334,5.1912103749928065,0.008367291680769995,0.0,-0.0016666666666665941,0.0016666666666665941,0.19918830731059445
zigzag_session_2026-03-23T03:35:17Z.json,path,zigzag,2026-03-23T03:34:33Z,unknown,moved,0.7693236714975845,0.595,5.216119958320633,0.024909583327826113,0.0,-0.0033333333333334103,0.0033333333333334103,0.13381730595267705
zigzag_session_2026-03-23T03:35:17Z.json,path,zigzag,2026-03-23T03:34:33Z,unknown,moved,0.7693236714975845,0.5933333333333334,5.2246437083231285,0.008523750002495944,0.0,-0.0016666666666665941,0.0016666666666665941,0.19553209164728633
zigzag_session_2026-03-23T03:35:17Z.json,path,zigzag,2026-03-23T03:34:33Z,unknown,moved,0.7705314009661836,0.5916666666666667,5.249604541662848,0.024960833339719102,0.0012077294685990392,-0.0016666666666667052,0.0020582488302196174,0.08245913917242556
zigzag_session_2026-03-23T03:35:17Z.json,path,zigzag,2026-03-23T03:34:33Z,unknown,moved,0.7717391304347826,0.5883333333333334,5.266320749971783,0.016716208308935165,0.0012077294685990392,-0.0033333333333332993,0.0035453803153446604,0.2120923746475198
zigzag_session_2026-03-23T03:35:17Z.json,path,zigzag,2026-03-23T03:34:33Z,unknown,moved,0.7741545893719807,0.5833333333333334,5.283171124989167,0.016850375017384067,0.0024154589371980784,-0.0050000000000000044,0.005552876900966752,0.3295402562398761
zigzag_session_2026-03-23T03:35:17Z.json,path,zigzag,2026-03-23T03:34:33Z,unknown,moved,0.7765700483091788,0.58,5.299599583318923,0.016428458329755813,0.0024154589371980784,-0.0033333333333334103,0.004116497660439235,0.250571147810217
zigzag_session_2026-03-23T03:35:17Z.json,path,zigzag,2026-03-23T03:34:33Z,unknown,moved,0.7789855072463768,0.575,5.316323041653959,0.016723458335036412,0.0024154589371980784,-0.0050000000000000044,0.005552876900966752,0.33204118369064967
zigzag_session_2026-03-23T03:35:17Z.json,path,zigzag,2026-03-23T03:34:33Z,unknown,moved,0.785024154589372,0.5683333333333334,5.333125749981264,0.016802708327304572,0.006038647342995196,-0.006666666666666599,0.00899498227777612,0.535329311356264
zigzag_session_2026-03-23T03:35:17Z.json,path,zigzag,2026-03-23T03:34:33Z,unknown,moved,0.7910628019323671,0.5616666666666666,5.349657249986194,0.01653150000493042,0.006038647342995085,-0.00666666666666671,0.008994982277776127,0.5441116822486421
zigzag_session_2026-03-23T03:35:17Z.json,path,zigzag,2026-03-23T03:34:33Z,unknown,moved,0.7958937198067633,0.5533333333333333,5.366351791657507,0.016694541671313345,0.004830917874396157,-0.008333333333333304,0.009632352358256224,0.5769761487257682
zigzag_session_2026-03-23T03:35:17Z.json,path,zigzag,2026-03-23T03:34:33Z,unknown,moved,0.8019323671497585,0.5433333333333333,5.383020833309274,0.016669041651766747,0.006038647342995196,-0.010000000000000009,0.011681834690367054,0.7008102165926797
zigzag_session_2026-03-23T03:35:17Z.json,path,zigzag,2026-03-23T03:34:33Z,unknown,moved,0.8067632850241546,0.5333333333333333,5.399606041639345,0.0165852083300706,0.004830917874396157,-0.010000000000000009,0.011105753801933503,0.669617986154427
zigzag_session_2026-03-23T03:35:17Z.json,path,zigzag,2026-03-23T03:34:33Z,unknown,moved,0.8115942028985508,0.5183333333333333,5.4162232499802485,0.016617208340903744,0.004830917874396157,-0.015000000000000013,0.015758736228173902,0.9483383673648306
zigzag_session_2026-03-23T03:35:17Z.json,path,zigzag,2026-03-23T03:34:33Z,unknown,moved,0.8188405797101449,0.5,5.432901333319023,0.01667808333877474,0.007246376811594124,-0.018333333333333313,0.019713474782663745,1.1819988173840124
zigzag_session_2026-03-23T03:35:17Z.json,path,zigzag,2026-03-23T03:34:33Z,unknown,moved,0.8248792270531401,0.48333333333333334,5.449661583319539,0.016760250000515953,0.006038647342995196,-0.016666666666666663,0.017726901576723457,1.057675248052848
zigzag_session_2026-03-23T03:35:17Z.json,path,zigzag,2026-03-23T03:34:33Z,unknown,moved,0.8309178743961353,0.465,5.4663935833086725,0.016731999989133328,0.006038647342995196,-0.018333333333333313,0.019302237508749428,1.1536120918769635
zigzag_session_2026-03-23T03:35:17Z.json,path,zigzag,2026-03-23T03:34:33Z,unknown,moved,0.8381642512077294,0.4483333333333333,5.482881458330667,0.016487875021994114,0.007246376811594124,-0.01666666666666672,0.01817382058548473,1.1022536598101111
zigzag_session_2026-03-23T03:35:17Z.json,path,zigzag,2026-03-23T03:34:33Z,unknown,moved,0.8429951690821256,0.43,5.499561333330348,0.016679874999681488,0.004830917874396157,-0.018333333333333313,0.01895913707477929,1.13664743141908
zigzag_session_2026-03-23T03:35:17Z.json,path,zigzag,2026-03-23T03:34:33Z,unknown,moved,0.8490338164251208,0.4166666666666667,5.516205041640205,0.016643708309857175,0.006038647342995196,-0.013333333333333308,0.014637043400592896,0.8794340256446432
zigzag_session_2026-03-23T03:35:17Z.json,path,zigzag,2026-03-23T03:34:33Z,unknown,moved,0.8538647342995169,0.4033333333333333,5.533096083323471,0.01689104168326594,0.004830917874396157,-0.013333333333333364,0.014181521261378798,0.8395883171272095
zigzag_session_2026-03-23T03:35:17Z.json,path,zigzag,2026-03-23T03:34:33Z,unknown,moved,0.8586956521739131,0.3933333333333333,5.549646541650873,0.01655045832740143,0.004830917874396157,-0.010000000000000009,0.011105753801933503,0.6710239427959822
zigzag_session_2026-03-23T03:35:17Z.json,path,zigzag,2026-03-23T03:34:33Z,unknown,moved,0.8647342995169082,0.38333333333333336,5.566391291649779,0.016744749998906627,0.006038647342995085,-0.009999999999999953,0.01168183469036695,0.697641630429223
zigzag_session_2026-03-23T03:35:17Z.json,path,zigzag,2026-03-23T03:34:33Z,unknown,moved,0.8683574879227053,0.375,5.5828618749801535,0.01647058333037421,0.0036231884057971175,-0.00833333333333336,0.009086910292742388,0.5517054320708101
zigzag_session_2026-03-23T03:35:17Z.json,path,zigzag,2026-03-23T03:34:33Z,unknown,moved,0.8719806763285024,0.365,5.59954820832354,0.01668633334338665,0.0036231884057971175,-0.010000000000000009,0.010636140946034085,0.6374163051374939
zigzag_session_2026-03-23T03:35:17Z.json,path,zigzag,2026-03-23T03:34:33Z,unknown,moved,0.8756038647342995,0.36,5.616329958313145,0.016781749989604577,0.0036231884057971175,-0.0050000000000000044,0.006174746490658763,0.36794413541398824
zigzag_session_2026-03-23T03:35:17Z.json,path,zigzag,2026-03-23T03:34:33Z,unknown,moved,0.8780193236714976,0.3566666666666667,5.632897874980699,0.016567916667554528,0.0024154589371980784,-0.0033333333333332993,0.004116497660439145,0.24846199694501195
zigzag_session_2026-03-23T03:35:17Z.json,path,zigzag,2026-03-23T03:34:33Z,unknown,moved,0.8780193236714976,0.355,5.64108208331163,0.008184208330931142,0.0,-0.0016666666666667052,0.0016666666666667052,0.20364421325490423
zigzag_session_2026-03-23T03:35:17Z.json,path,zigzag,2026-03-23T03:34:33Z,unknown,ended,0.8780193236714976,0.355,5.690142458304763,0.04906037499313243,0.0,0.0,0.0,0.0
zigzag_session_2026-03-23T03:35:17Z.json,path,zigzag,2026-03-23T03:34:33Z,unknown,began,0.10265700483091787,0.395,6.449818416644121,0.7596759583393577,-0.7753623188405797,0.040000000000000036,0.7763934089608443,1.0220060282782026
zigzag_session_2026-03-23T03:35:17Z.json,path,zigzag,2026-03-23T03:34:33Z,unknown,moved,0.1111111111111111,0.4,6.565976999991108,0.11615858334698714,0.008454106280193233,0.0050000000000000044,0.009822011657333884,0.08455691671095644
zigzag_session_2026-03-23T03:35:17Z.json,path,zigzag,2026-03-23T03:34:33Z,unknown,moved,0.11835748792270531,0.41833333333333333,6.582725041662343,0.016748041671235114,0.007246376811594207,0.018333333333333313,0.019713474782663772,1.1770614839418396
zigzag_session_2026-03-23T03:35:17Z.json,path,zigzag,2026-03-23T03:34:33Z,unknown,moved,0.1280193236714976,0.43666666666666665,6.5994185416493565,0.016693499987013638,0.009661835748792286,0.018333333333333313,0.020723469331840914,1.2414094915962683
zigzag_session_2026-03-23T03:35:17Z.json,path,zigzag,2026-03-23T03:34:33Z,unknown,moved,0.13526570048309178,0.455,6.61614687499241,0.016728333343053237,0.00724637681159418,0.018333333333333368,0.019713474782663817,1.1784482278295954
zigzag_session_2026-03-23T03:35:17Z.json,path,zigzag,2026-03-23T03:34:33Z,unknown,moved,0.14009661835748793,0.4683333333333333,6.6329877083189785,0.016840833326568827,0.004830917874396157,0.013333333333333308,0.014181521261378744,0.8420914206784151
zigzag_session_2026-03-23T03:35:17Z.json,path,zigzag,2026-03-23T03:34:33Z,unknown,moved,0.14251207729468598,0.4816666666666667,6.6495001666480675,0.016512458329088986,0.0024154589371980506,0.013333333333333364,0.013550358654112022,0.8206142528300093
zigzag_session_2026-03-23T03:35:17Z.json,path,zigzag,2026-03-23T03:34:33Z,unknown,moved,0.1461352657004831,0.49666666666666665,6.6662905416451395,0.016790374997071922,0.0036231884057971175,0.014999999999999958,0.015431380178840173,0.9190610800253869
zigzag_session_2026-03-23T03:35:17Z.json,path,zigzag,2026-03-23T03:34:33Z,unknown,moved,0.14855072463768115,0.5116666666666667,6.68284641666105,0.016555875015910715,0.0024154589371980506,0.015000000000000069,0.01519323671497591,0.9176945767212384
zigzag_session_2026-03-23T03:35:17Z.json,path,zigzag,2026-03-23T03:34:33Z,unknown,moved,0.15217391304347827,0.5283333333333333,6.699697083327919,0.016850666666869074,0.0036231884057971175,0.016666666666666607,0.017055945356434468,1.0121822295594396
zigzag_session_2026-03-23T03:35:17Z.json,path,zigzag,2026-03-23T03:34:33Z,unknown,moved,0.15458937198067632,0.5416666666666666,6.716405666666105,0.016708583338186145,0.0024154589371980506,0.013333333333333308,0.013550358654111966,0.8109818995332593
zigzag_session_2026-03-23T03:35:17Z.json,path,zigzag,2026-03-23T03:34:33Z,unknown,moved,0.1570048309178744,0.5516666666666666,6.732855333306361,0.0164496666402556,0.0024154589371980784,0.010000000000000009,0.010287586785893485,0.625397888654942
zigzag_session_2026-03-23T03:35:17Z.json,path,zigzag,2026-03-23T03:34:33Z,unknown,moved,0.15942028985507245,0.5566666666666666,6.749596583307721,0.01674125000135973,0.0024154589371980506,0.0050000000000000044,0.00555287690096674,0.33168830884884537
zigzag_session_2026-03-23T03:35:17Z.json,path,zigzag,2026-03-23T03:34:33Z,unknown,moved,0.16183574879227053,0.5616666666666666,6.766123791661812,0.016527208354091272,0.0024154589371980784,0.0050000000000000044,0.005552876900966752,0.3359839594199918
zigzag_session_2026-03-23T03:35:17Z.json,path,zigzag,2026-03-23T03:34:33Z,unknown,moved,0.16304347826086957,0.565,6.782951124972897,0.016827333311084658,0.0012077294685990392,0.0033333333333332993,0.0035453803153446604,0.21069175072494786
zigzag_session_2026-03-23T03:35:17Z.json,path,zigzag,2026-03-23T03:34:33Z,unknown,moved,0.1642512077294686,0.5683333333333334,6.79972983332118,0.016778708348283544,0.0012077294685990392,0.0033333333333334103,0.0035453803153447645,0.2113023387588387
zigzag_session_2026-03-23T03:35:17Z.json,path,zigzag,2026-03-23T03:34:33Z,unknown,moved,0.16545893719806765,0.5716666666666667,6.816102374985348,0.01637254166416824,0.0012077294685990392,0.0033333333333332993,0.0035453803153446604,0.21654428420871413
zigzag_session_2026-03-23T03:35:17Z.json,path,zigzag,2026-03-23T03:34:33Z,unknown,moved,0.16666666666666666,0.575,6.832839333306765,0.01673695832141675,0.0012077294685990114,0.0033333333333332993,0.003545380315344651,0.21182942845761604
zigzag_session_2026-03-23T03:35:17Z.json,path,zigzag,2026-03-23T03:34:33Z,unknown,moved,0.1678743961352657,0.5766666666666667,6.849477541662054,0.016638208355288953,0.0012077294685990392,0.0016666666666667052,0.0020582488302196174,0.12370615791485394
zigzag_session_2026-03-23T03:35:17Z.json,path,zigzag,2026-03-23T03:34:33Z,unknown,moved,0.1678743961352657,0.5783333333333334,6.8660339583293535,0.016556416667299345,0.0,0.0016666666666667052,0.0016666666666667052,0.10066590495747466
zigzag_session_2026-03-23T03:35:17Z.json,path,zigzag,2026-03-23T03:34:33Z,unknown,moved,0.17028985507246377,0.5783333333333334,6.874439666658873,0.008405708329519257,0.0024154589371980784,0.0,0.0024154589371980784,0.28735935658336414
zigzag_session_2026-03-23T03:35:17Z.json,path,zigzag,2026-03-23T03:34:33Z,unknown,moved,0.17149758454106281,0.5783333333333334,6.9078784583252855,0.033438791666412726,0.0012077294685990392,0.0,0.0012077294685990392,0.036117616947628266
zigzag_session_2026-03-23T03:35:17Z.json,path,zigzag,2026-03-23T03:34:33Z,unknown,moved,0.17391304347826086,0.5783333333333334,6.932732916640816,0.024854458315530792,0.0024154589371980506,0.0,0.0024154589371980506,0.0971841311741123
zigzag_session_2026-03-23T03:35:17Z.json,path,zigzag,2026-03-23T03:34:33Z,unknown,moved,0.17632850241545894,0.5733333333333334,6.94957004164462,0.01683712500380352,0.0024154589371980784,-0.0050000000000000044,0.005552876900966752,0.32979958868942005
zigzag_session_2026-03-23T03:35:17Z.json,path,zigzag,2026-03-23T03:34:33Z,unknown,moved,0.18115942028985507,0.5633333333333334,6.966380541649414,0.01681050000479445,0.004830917874396129,-0.010000000000000009,0.011105753801933491,0.6606438713165027
zigzag_session_2026-03-23T03:35:17Z.json,path,zigzag,2026-03-23T03:34:33Z,unknown,moved,0.18840579710144928,0.5466666666666666,6.982846291648457,0.0164657499990426,0.007246376811594207,-0.01666666666666672,0.01817382058548476,1.1037347576965202
zigzag_session_2026-03-23T03:35:17Z.json,path,zigzag,2026-03-23T03:34:33Z,unknown,moved,0.1956521739130435,0.5283333333333333,6.999487416644115,0.016641124995658174,0.007246376811594207,-0.018333333333333313,0.019713474782663772,1.1846239234310902
zigzag_session_2026-03-23T03:35:17Z.json,path,zigzag,2026-03-23T03:34:33Z,unknown,moved,0.2028985507246377,0.5083333333333333,7.016204708314035,0.016717291669920087,0.007246376811594207,-0.020000000000000018,0.02127228189206816,1.2724717802432077
zigzag_session_2026-03-23T03:35:17Z.json,path,zigzag,2026-03-23T03:34:33Z,unknown,moved,0.2113526570048309,0.49,7.032860791659914,0.01665608334587887,0.008454106280193219,-0.018333333333333313,0.020188685546808458,1.2120908095601985
zigzag_session_2026-03-23T03:35:17Z.json,path,zigzag,2026-03-23T03:34:33Z,unknown,moved,0.2210144927536232,0.47333333333333333,7.049703374999808,0.01684258333989419,0.009661835748792286,-0.016666666666666663,0.019264704716512482,1.1438093745916715
zigzag_session_2026-03-23T03:35:17Z.json,path,zigzag,2026-03-23T03:34:33Z,unknown,moved,0.22826086956521738,0.46,7.066310041642282,0.01660666664247401,0.00724637681159418,-0.013333333333333308,0.015175234913285096,0.9138037897667064
zigzag_session_2026-03-23T03:35:17Z.json,path,zigzag,2026-03-23T03:34:33Z,unknown,moved,0.23550724637681159,0.44666666666666666,7.0828101666411385,0.016500124998856336,0.007246376811594207,-0.013333333333333364,0.015175234913285159,0.9197042394731549
zigzag_session_2026-03-23T03:35:17Z.json,path,zigzag,2026-03-23T03:34:33Z,unknown,moved,0.24033816425120774,0.43666666666666665,7.0994933333131485,0.016683166672009975,0.004830917874396157,-0.010000000000000009,0.011105753801933503,0.6656861985660119
zigzag_session_2026-03-23T03:35:17Z.json,path,zigzag,2026-03-23T03:34:33Z,unknown,moved,0.24396135265700483,0.42833333333333334,7.116232916654553,0.016739583341404796,0.00362318840579709,-0.008333333333333304,0.009086910292742325,0.5428396936419653
zigzag_session_2026-03-23T03:35:17Z.json,path,zigzag,2026-03-23T03:34:33Z,unknown,moved,0.2463768115942029,0.42333333333333334,7.133004958304809,0.016772041650256142,0.0024154589371980784,-0.0050000000000000044,0.005552876900966752,0.33107936509816316
zigzag_session_2026-03-23T03:35:17Z.json,path,zigzag,2026-03-23T03:34:33Z,unknown,moved,0.24879227053140096,0.42,7.149448874988593,0.016443916683783755,0.0024154589371980506,-0.003333333333333355,0.004116497660439174,0.2503355945909576
zigzag_session_2026-03-23T03:35:17Z.json,path,zigzag,2026-03-23T03:34:33Z,unknown,moved,0.25120772946859904,0.41833333333333333,7.166309291642392,0.016860416653798893,0.0024154589371980784,-0.0016666666666666496,0.0029346583540623243,0.17405609922463594
zigzag_session_2026-03-23T03:35:17Z.json,path,zigzag,2026-03-23T03:34:33Z,unknown,moved,0.2524154589371981,0.41833333333333333,7.174509999982547,0.00820070834015496,0.0012077294685990392,0.0,0.0012077294685990392,0.14727135980258724
zigzag_session_2026-03-23T03:35:17Z.json,path,zigzag,2026-03-23T03:34:33Z,unknown,moved,0.2536231884057971,0.41833333333333333,7.207743291655788,0.03323329167324118,0.0012077294685990392,0.0,0.0012077294685990392,0.036340952333995855
zigzag_session_2026-03-23T03:35:17Z.json,path,zigzag,2026-03-23T03:34:33Z,unknown,moved,0.25483091787439616,0.41833333333333333,7.224334208323853,0.016590916668064892,0.0012077294685990392,0.0,0.0012077294685990392,0.07279461965617266
zigzag_session_2026-03-23T03:35:17Z.json,path,zigzag,2026-03-23T03:34:33Z,unknown,moved,0.2560386473429952,0.41833333333333333,7.249338624998927,0.025004416675074026,0.0012077294685990392,0.0,0.0012077294685990392,0.04830064561365992
zigzag_session_2026-03-23T03:35:17Z.json,path,zigzag,2026-03-23T03:34:33Z,unknown,moved,0.2572463768115942,0.41833333333333333,7.266134333331138,0.01679570833221078,0.0012077294685989837,0.0,0.0012077294685989837,0.07190702795682646
zigzag_session_2026-03-23T03:35:17Z.json,path,zigzag,2026-03-23T03:34:33Z,unknown,moved,0.25966183574879226,0.41833333333333333,7.28293008331093,0.016795749979792163,0.0024154589371980784,0.0,0.0024154589371980784,0.14381369930513624
zigzag_session_2026-03-23T03:35:17Z.json,path,zigzag,2026-03-23T03:34:33Z,unknown,moved,0.26207729468599034,0.4216666666666667,7.2995695833233185,0.016639500012388453,0.0024154589371980784,0.003333333333333355,0.00411649766043919,0.24739311021210805
zigzag_session_2026-03-23T03:35:17Z.json,path,zigzag,2026-03-23T03:34:33Z,unknown,moved,0.2632850241545894,0.42333333333333334,7.3160465416440275,0.016476958320708945,0.0012077294685990392,0.0016666666666666496,0.0020582488302195727,0.12491679533064531
zigzag_session_2026-03-23T03:35:17Z.json,path,zigzag,2026-03-23T03:34:33Z,unknown,moved,0.2644927536231884,0.4266666666666667,7.3328424583305605,0.01679591668653302,0.0012077294685990392,0.003333333333333355,0.0035453803153447125,0.21108584791846471
zigzag_session_2026-03-23T03:35:17Z.json,path,zigzag,2026-03-23T03:34:33Z,unknown,moved,0.26570048309178745,0.43,7.349761916644638,0.01691945831407793,0.0012077294685990392,0.0033333333333332993,0.0035453803153446604,0.20954455216776693
zigzag_session_2026-03-23T03:35:17Z.json,path,zigzag,2026-03-23T03:34:33Z,unknown,moved,0.26570048309178745,0.43333333333333335,7.36603404165362,0.016272125008981675,0.0,0.003333333333333355,0.003333333333333355,0.2048492948212643
zigzag_session_2026-03-23T03:35:17Z.json,path,zigzag,2026-03-23T03:34:33Z,unknown,moved,0.26570048309178745,0.43666666666666665,7.382803624990629,0.016769583337008953,0.0,0.0033333333333332993,0.0033333333333332993,0.19877257927911268
zigzag_session_2026-03-23T03:35:17Z.json,path,zigzag,2026-03-23T03:34:33Z,unknown,moved,0.2669082125603865,0.44166666666666665,7.399215291661676,0.016411666671046987,0.0012077294685990392,0.0050000000000000044,0.005143793392946743,0.31342297501211636
zigzag_session_2026-03-23T03:35:17Z.json,path,zigzag,2026-03-23T03:34:33Z,unknown,moved,0.2669082125603865,0.44333333333333336,7.41581624999526,0.01660095833358355,0.0,0.0016666666666667052,0.0016666666666667052,0.10039581048131767
zigzag_session_2026-03-23T03:35:17Z.json,path,zigzag,2026-03-23T03:34:33Z,unknown,moved,0.26811594202898553,0.44666666666666666,7.43247304164106,0.016656791645800695,0.0012077294685990392,0.0033333333333332993,0.0035453803153446604,0.21284893217947395
zigzag_session_2026-03-23T03:35:17Z.json,path,zigzag,2026-03-23T03:34:33Z,unknown,moved,0.2693236714975845,0.4533333333333333,7.449330916657345,0.016857875016285107,0.0012077294685989837,0.006666666666666654,0.006775179327055975,0.4018999619175603
zigzag_session_2026-03-23T03:35:17Z.json,path,zigzag,2026-03-23T03:34:33Z,unknown,moved,0.2717391304347826,0.46,7.4663363333093,0.017005416651954874,0.0024154589371980784,0.00666666666666671,0.007090760630689425,0.41697070855798757
zigzag_session_2026-03-23T03:35:17Z.json,path,zigzag,2026-03-23T03:34:33Z,unknown,moved,0.2741545893719807,0.47,7.482792124996195,0.016455791686894372,0.0024154589371980784,0.009999999999999953,0.010287586785893432,0.6251651079228605
zigzag_session_2026-03-23T03:35:17Z.json,path,zigzag,2026-03-23T03:34:33Z,unknown,moved,0.27657004830917875,0.48,7.499618958332576,0.01682683333638124,0.0024154589371980784,0.010000000000000009,0.010287586785893485,0.6113798467148734
zigzag_session_2026-03-23T03:35:17Z.json,path,zigzag,2026-03-23T03:34:33Z,unknown,moved,0.27898550724637683,0.49,7.516123291658005,0.016504333325428888,0.0024154589371980784,0.010000000000000009,0.010287586785893485,0.6233264066500032
zigzag_session_2026-03-23T03:35:17Z.json,path,zigzag,2026-03-23T03:34:33Z,unknown,moved,0.2826086956521739,0.5,7.532835333317053,0.016712041659047827,0.003623188405797062,0.010000000000000009,0.010636140946034066,0.6364357606944874
zigzag_session_2026-03-23T03:35:17Z.json,path,zigzag,2026-03-23T03:34:33Z,unknown,moved,0.28502415458937197,0.5083333333333333,7.54942745831795,0.016592125000897795,0.0024154589371980784,0.008333333333333304,0.008676340606599883,0.5229191924560843
zigzag_session_2026-03-23T03:35:17Z.json,path,zigzag,2026-03-23T03:34:33Z,unknown,moved,0.28743961352657005,0.5166666666666667,7.566013166651828,0.016585708333877847,0.0024154589371980784,0.008333333333333415,0.00867634060659999,0.5231214990605955
zigzag_session_2026-03-23T03:35:17Z.json,path,zigzag,2026-03-23T03:34:33Z,unknown,moved,0.29106280193236717,0.525,7.582710208313074,0.01669704166124575,0.0036231884057971175,0.008333333333333304,0.009086910292742336,0.5442227717400551
zigzag_session_2026-03-23T03:35:17Z.json,path,zigzag,2026-03-23T03:34:33Z,unknown,moved,0.29347826086956524,0.53,7.599565291660838,0.016855083347763866,0.0024154589371980784,0.0050000000000000044,0.005552876900966752,0.3294482018508346
zigzag_session_2026-03-23T03:35:17Z.json,path,zigzag,2026-03-23T03:34:33Z,unknown,moved,0.29589371980676327,0.5366666666666666,7.616179208329413,0.016613916668575257,0.002415458937198023,0.006666666666666599,0.007090760630689302,0.4267964485521509
zigzag_session_2026-03-23T03:35:17Z.json,path,zigzag,2026-03-23T03:34:33Z,unknown,moved,0.2971014492753623,0.54,7.632983249990502,0.016804041661089286,0.0012077294685990392,0.0033333333333334103,0.0035453803153447645,0.21098378514225505
zigzag_session_2026-03-23T03:35:17Z.json,path,zigzag,2026-03-23T03:34:33Z,unknown,moved,0.29830917874396135,0.5433333333333333,7.649543458304834,0.01656020831433125,0.0012077294685990392,0.0033333333333332993,0.0035453803153446604,0.21409032109073645
zigzag_session_2026-03-23T03:35:17Z.json,path,zigzag,2026-03-23T03:34:33Z,unknown,moved,0.2995169082125604,0.5483333333333333,7.666177333332598,0.01663387502776459,0.0012077294685990392,0.0050000000000000044,0.005143793392946743,0.3092360249407268
zigzag_session_2026-03-23T03:35:17Z.json,path,zigzag,2026-03-23T03:34:33Z,unknown,moved,0.30193236714975846,0.5516666666666666,7.682788833306404,0.01661149997380562,0.0024154589371980784,0.0033333333333332993,0.004116497660439145,0.24781011148483745
zigzag_session_2026-03-23T03:35:17Z.json,path,zigzag,2026-03-23T03:34:33Z,unknown,moved,0.3031400966183575,0.5566666666666666,7.699447416642215,0.016658583335811272,0.0012077294685990392,0.0050000000000000044,0.005143793392946743,0.30877736055076377
zigzag_session_2026-03-23T03:35:17Z.json,path,zigzag,2026-03-23T03:34:33Z,unknown,moved,0.30434782608695654,0.5616666666666666,7.716279249987565,0.016831833345349878,0.0012077294685990392,0.0050000000000000044,0.005143793392946743,0.3055991161157626
zigzag_session_2026-03-23T03:35:17Z.json,path,zigzag,2026-03-23T03:34:33Z,unknown,moved,0.3079710144927536,0.5666666666666667,7.732791958318558,0.01651270833099261,0.003623188405797062,0.0050000000000000044,0.00617474649065873,0.3739390514800884
zigzag_session_2026-03-23T03:35:17Z.json,path,zigzag,2026-03-23T03:34:33Z,unknown,moved,0.30917874396135264,0.5716666666666667,7.74947120831348,0.01667924999492243,0.0012077294685990392,0.0050000000000000044,0.005143793392946743,0.3083947656227132
zigzag_session_2026-03-23T03:35:17Z.json,path,zigzag,2026-03-23T03:34:33Z,unknown,moved,0.3115942028985507,0.5766666666666667,7.766110374999698,0.016639166686218232,0.0024154589371980784,0.0050000000000000044,0.005552876900966752,0.33372325704063344
zigzag_session_2026-03-23T03:35:17Z.json,path,zigzag,2026-03-23T03:34:33Z,unknown,moved,0.31280193236714976,0.5816666666666667,7.782921541656833,0.01681116665713489,0.0012077294685990392,0.0050000000000000044,0.005143793392946743,0.30597480221657586
zigzag_session_2026-03-23T03:35:17Z.json,path,zigzag,2026-03-23T03:34:33Z,unknown,moved,0.31521739130434784,0.585,7.7995931249752175,0.016671583318384364,0.0024154589371980784,0.0033333333333332993,0.004116497660439145,0.24691701932711652
zigzag_session_2026-03-23T03:35:17Z.json,path,zigzag,2026-03-23T03:34:33Z,unknown,moved,0.3164251207729469,0.59,7.816061708319467,0.016468583344249055,0.0012077294685990392,0.0050000000000000044,0.005143793392946743,0.3123397614369175
zigzag_session_2026-03-23T03:35:17Z.json,path,zigzag,2026-03-23T03:34:33Z,unknown,moved,0.3164251207729469,0.5933333333333334,7.832746458327165,0.016684750007698312,0.0,0.0033333333333334103,0.0033333333333334103,0.19978323509764406
zigzag_session_2026-03-23T03:35:17Z.json,path,zigzag,2026-03-23T03:34:33Z,unknown,moved,0.3176328502415459,0.5933333333333334,7.857852874993114,0.025106416665948927,0.0012077294685990392,0.0,0.0012077294685990392,0.04810441428852115
zigzag_session_2026-03-23T03:35:17Z.json,path,zigzag,2026-03-23T03:34:33Z,unknown,moved,0.3188405797101449,0.5883333333333334,7.9156051666650455,0.057752291671931744,0.0012077294685989837,-0.0050000000000000044,0.00514379339294673,0.08906648106999138
zigzag_session_2026-03-23T03:35:17Z.json,path,zigzag,2026-03-23T03:34:33Z,unknown,moved,0.321256038647343,0.58,7.932526749995304,0.016921583330258727,0.0024154589371980784,-0.008333333333333415,0.00867634060659999,0.5127381071418529
zigzag_session_2026-03-23T03:35:17Z.json,path,zigzag,2026-03-23T03:34:33Z,unknown,moved,0.32367149758454106,0.5716666666666667,7.949574333324563,0.017047583329258487,0.0024154589371980784,-0.008333333333333304,0.008676340606599883,0.5089484203728057
zigzag_session_2026-03-23T03:35:17Z.json,path,zigzag,2026-03-23T03:34:33Z,unknown,moved,0.3272946859903382,0.56,7.9662378749926575,0.016663541668094695,0.0036231884057971175,-0.011666666666666603,0.012216325361376566,0.7331169810537268
zigzag_session_2026-03-23T03:35:17Z.json,path,zigzag,2026-03-23T03:34:33Z,unknown,moved,0.3321256038647343,0.5483333333333333,7.98275399999693,0.016516125004272908,0.004830917874396101,-0.011666666666666714,0.012627306863313014,0.7645441566981472
zigzag_session_2026-03-23T03:35:17Z.json,path,zigzag,2026-03-23T03:34:33Z,unknown,moved,0.33695652173913043,0.5316666666666666,7.999503749975702,0.016749749978771433,0.004830917874396157,-0.01666666666666672,0.017352681213199873,1.0359964318985413
zigzag_session_2026-03-23T03:35:17Z.json,path,zigzag,2026-03-23T03:34:33Z,unknown,moved,0.3417874396135266,0.5166666666666667,8.01610237499699,0.01659862502128817,0.004830917874396157,-0.014999999999999902,0.015758736228173798,0.9494000983794023
zigzag_session_2026-03-23T03:35:17Z.json,path,zigzag,2026-03-23T03:34:33Z,unknown,moved,0.34782608695652173,0.49666666666666665,8.032804499991471,0.016702124994480982,0.00603864734299514,-0.020000000000000073,0.0208917510451629,1.2508438927421708
zigzag_session_2026-03-23T03:35:17Z.json,path,zigzag,2026-03-23T03:34:33Z,unknown,moved,0.35628019323671495,0.48,8.049567374982871,0.016762874991400167,0.008454106280193219,-0.016666666666666663,0.018688223317762983,1.114857882514221
zigzag_session_2026-03-23T03:35:17Z.json,path,zigzag,2026-03-23T03:34:33Z,unknown,moved,0.3635265700483092,0.46166666666666667,8.06592408331926,0.016356708336388692,0.007246376811594235,-0.018333333333333313,0.019713474782663786,1.2052226143084859
zigzag_session_2026-03-23T03:35:17Z.json,path,zigzag,2026-03-23T03:34:33Z,unknown,moved,0.37077294685990336,0.445,8.082569333317224,0.01664524999796413,0.00724637681159418,-0.016666666666666663,0.018173820585484703,1.0918322396904543
zigzag_session_2026-03-23T03:35:17Z.json,path,zigzag,2026-03-23T03:34:33Z,unknown,moved,0.37681159420289856,0.42833333333333334,8.099241249990882,0.016671916673658416,0.006038647342995196,-0.016666666666666663,0.017726901576723457,1.0632791612215717
zigzag_session_2026-03-23T03:35:17Z.json,path,zigzag,2026-03-23T03:34:33Z,unknown,moved,0.38164251207729466,0.4166666666666667,8.116067166643916,0.016825916653033346,0.004830917874396101,-0.011666666666666659,0.012627306863312962,0.7504676936003088
zigzag_session_2026-03-23T03:35:17Z.json,path,zigzag,2026-03-23T03:34:33Z,unknown,moved,0.3852657004830918,0.405,8.132873874972574,0.016806708328658715,0.0036231884057971175,-0.011666666666666659,0.012216325361376618,0.7268719800738971
zigzag_session_2026-03-23T03:35:17Z.json,path,zigzag,2026-03-23T03:34:33Z,unknown,moved,0.39009661835748793,0.39666666666666667,8.149434333317913,0.016560458345338702,0.004830917874396157,-0.00833333333333336,0.009632352358256272,0.5816476909872187
zigzag_session_2026-03-23T03:35:17Z.json,path,zigzag,2026-03-23T03:34:33Z,unknown,moved,0.39492753623188404,0.39,8.166228416666854,0.016794083348941058,0.004830917874396101,-0.006666666666666654,0.008232995320878303,0.4902318959490832
zigzag_session_2026-03-23T03:35:17Z.json,path,zigzag,2026-03-23T03:34:33Z,unknown,moved,0.3997584541062802,0.385,8.182764166645939,0.016535749979084358,0.004830917874396157,-0.0050000000000000044,0.006952536767911431,0.42045487968223483
zigzag_session_2026-03-23T03:35:17Z.json,path,zigzag,2026-03-23T03:34:33Z,unknown,moved,0.40458937198067635,0.38333333333333336,8.199460874981014,0.016696708335075527,0.004830917874396157,-0.0016666666666666496,0.005110337101105758,0.30606853749551594
zigzag_session_2026-03-23T03:35:17Z.json,path,zigzag,2026-03-23T03:34:33Z,unknown,moved,0.40700483091787437,0.38333333333333336,8.216287208313588,0.016826333332573995,0.002415458937198023,0.0,0.002415458937198023,0.14355230515503642
zigzag_session_2026-03-23T03:35:17Z.json,path,zigzag,2026-03-23T03:34:33Z,unknown,moved,0.40942028985507245,0.38333333333333336,8.232712499971967,0.016425291658379138,0.0024154589371980784,0.0,0.0024154589371980784,0.1470572935589771
zigzag_session_2026-03-23T03:35:17Z.json,path,zigzag,2026-03-23T03:34:33Z,unknown,moved,0.4106280193236715,0.39,8.249358249973739,0.016645750001771376,0.0012077294685990392,0.006666666666666654,0.006775179327055986,0.4070215716525238
zigzag_session_2026-03-23T03:35:17Z.json,path,zigzag,2026-03-23T03:34:33Z,unknown,moved,0.4106280193236715,0.4,8.266164791653864,0.01680654168012552,0.0,0.010000000000000009,0.010000000000000009,0.5950064082383738
zigzag_session_2026-03-23T03:35:17Z.json,path,zigzag,2026-03-23T03:34:33Z,unknown,moved,0.4106280193236715,0.4116666666666667,8.282712458312744,0.01654766665888019,0.0,0.011666666666666659,0.011666666666666659,0.7050339426801194
zigzag_session_2026-03-23T03:35:17Z.json,path,zigzag,2026-03-23T03:34:33Z,unknown,moved,0.4106280193236715,0.42333333333333334,8.299550874973647,0.01683841666090302,0.0,0.011666666666666659,0.011666666666666659,0.692860077144628
zigzag_session_2026-03-23T03:35:17Z.json,path,zigzag,2026-03-23T03:34:33Z,unknown,moved,0.41304347826086957,0.43333333333333335,8.316035374999046,0.01648450002539903,0.0024154589371980784,0.010000000000000009,0.010287586785893485,0.6240763608263855
zigzag_session_2026-03-23T03:35:17Z.json,path,zigzag,2026-03-23T03:34:33Z,unknown,moved,0.4142512077294686,0.445,8.332789249980124,0.016753874981077388,0.0012077294685990392,0.011666666666666659,0.011729011960963867,0.7000775626063321
zigzag_session_2026-03-23T03:35:17Z.json,path,zigzag,2026-03-23T03:34:33Z,unknown,moved,0.4166666666666667,0.455,8.349447583314031,0.01665833333390765,0.0024154589371980784,0.010000000000000009,0.010287586785893485,0.6175639891268919
zigzag_session_2026-03-23T03:35:17Z.json,path,zigzag,2026-03-23T03:34:33Z,unknown,moved,0.4190821256038647,0.465,8.366378208331298,0.01693062501726672,0.002415458937198023,0.010000000000000009,0.010287586785893471,0.6076318373008476
zigzag_session_2026-03-23T03:35:17Z.json,path,zigzag,2026-03-23T03:34:33Z,unknown,moved,0.42391304347826086,0.475,8.38301958332886,0.016641374997561797,0.004830917874396157,0.009999999999999953,0.011105753801933453,0.6673579438934948
zigzag_session_2026-03-23T03:35:17Z.json,path,zigzag,2026-03-23T03:34:33Z,unknown,moved,0.427536231884058,0.4866666666666667,8.399548499990487,0.01652891666162759,0.0036231884057971175,0.011666666666666714,0.012216325361376672,0.7390880849279894
zigzag_session_2026-03-23T03:35:17Z.json,path,zigzag,2026-03-23T03:34:33Z,unknown,moved,0.4335748792270531,0.5033333333333333,8.41609029166284,0.0165417916723527,0.00603864734299514,0.016666666666666607,0.017726901576723388,1.0716433822795286
zigzag_session_2026-03-23T03:35:17Z.json,path,zigzag,2026-03-23T03:34:33Z,unknown,moved,0.4396135265700483,0.5216666666666666,8.432806999975583,0.016716708312742412,0.006038647342995196,0.018333333333333313,0.019302237508749428,1.154667363193517
zigzag_session_2026-03-23T03:35:17Z.json,path,zigzag,2026-03-23T03:34:33Z,unknown,moved,0.4444444444444444,0.5366666666666666,8.449460874981014,0.016653875005431473,0.004830917874396101,0.015000000000000013,0.015758736228173885,0.9462504205798561
zigzag_session_2026-03-23T03:35:17Z.json,path,zigzag,2026-03-23T03:34:33Z,unknown,moved,0.4492753623188406,0.55,8.466249541641446,0.016788666660431772,0.004830917874396157,0.01333333333333342,0.01418152126137885,0.8447080133410743
zigzag_session_2026-03-23T03:35:17Z.json,path,zigzag,2026-03-23T03:34:33Z,unknown,moved,0.4528985507246377,0.5616666666666666,8.482893374981359,0.016643833339912817,0.0036231884057971175,0.011666666666666603,0.012216325361376566,0.733985080953746
zigzag_session_2026-03-23T03:35:17Z.json,path,zigzag,2026-03-23T03:34:33Z,unknown,moved,0.4553140096618358,0.57,8.499409416661365,0.01651604168000631,0.0024154589371980784,0.008333333333333304,0.008676340606599883,0.5253280885760375
zigzag_session_2026-03-23T03:35:17Z.json,path,zigzag,2026-03-23T03:34:33Z,unknown,moved,0.4577294685990338,0.5733333333333334,8.51601587497862,0.0166064583172556,0.002415458937198023,0.0033333333333334103,0.004116497660439203,0.24788534567673542
zigzag_session_2026-03-23T03:35:17Z.json,path,zigzag,2026-03-23T03:34:33Z,unknown,moved,0.4577294685990338,0.5766666666666667,8.532584833330475,0.016568958351854235,0.0,0.0033333333333332993,0.0033333333333332993,0.20117941409154821
zigzag_session_2026-03-23T03:35:17Z.json,path,zigzag,2026-03-23T03:34:33Z,unknown,moved,0.4577294685990338,0.58,8.54960983330966,0.01702499997918494,0.0,0.0033333333333332993,0.0033333333333332993,0.19579050439992307
zigzag_session_2026-03-23T03:35:17Z.json,path,zigzag,2026-03-23T03:34:33Z,unknown,moved,0.4577294685990338,0.5816666666666667,8.582692208321532,0.0330823750118725,0.0,0.0016666666666667052,0.0016666666666667052,0.050379293084870026
zigzag_session_2026-03-23T03:35:17Z.json,path,zigzag,2026-03-23T03:34:33Z,unknown,moved,0.45893719806763283,0.5816666666666667,8.61598708332167,0.033294875000137836,0.0012077294685990392,0.0,0.0012077294685990392,0.03627373487943833
zigzag_session_2026-03-23T03:35:17Z.json,path,zigzag,2026-03-23T03:34:33Z,unknown,moved,0.4601449275362319,0.5816666666666667,8.657652041641995,0.04166495832032524,0.0012077294685990392,0.0,0.0012077294685990392,0.02898669570995053
zigzag_session_2026-03-23T03:35:17Z.json,path,zigzag,2026-03-23T03:34:33Z,unknown,moved,0.4613526570048309,0.5816666666666667,8.682597999984864,0.024945958342868835,0.0012077294685990392,0.0,0.0012077294685990392,0.04841383329513521
zigzag_session_2026-03-23T03:35:17Z.json,path,zigzag,2026-03-23T03:34:33Z,unknown,moved,0.46256038647342995,0.5816666666666667,8.698830999986967,0.016233000002102926,0.0012077294685990392,0.0,0.0012077294685990392,0.07439964691939766
zigzag_session_2026-03-23T03:35:17Z.json,path,zigzag,2026-03-23T03:34:33Z,unknown,moved,0.463768115942029,0.58,8.716115124989301,0.017284125002333894,0.0012077294685990392,-0.0016666666666667052,0.0020582488302196174,0.1190831951251041
zigzag_session_2026-03-23T03:35:17Z.json,path,zigzag,2026-03-23T03:34:33Z,unknown,moved,0.46497584541062803,0.575,8.732735666650115,0.016620541660813615,0.0012077294685990392,-0.0050000000000000044,0.005143793392946743,0.3094841009348273
zigzag_session_2026-03-23T03:35:17Z.json,path,zigzag,2026-03-23T03:34:33Z,unknown,moved,0.4673913043478261,0.5683333333333334,8.749473999982001,0.01673833333188668,0.0024154589371980784,-0.006666666666666599,0.007090760630689321,0.42362405444402024
zigzag_session_2026-03-23T03:35:17Z.json,path,zigzag,2026-03-23T03:34:33Z,unknown,moved,0.46980676328502413,0.5583333333333333,8.766059374989709,0.016585375007707626,0.002415458937198023,-0.010000000000000009,0.010287586785893471,0.6202806256182076
zigzag_session_2026-03-23T03:35:17Z.json,path,zigzag,2026-03-23T03:34:33Z,unknown,moved,0.47342995169082125,0.5483333333333333,8.782793333317386,0.0167339583276771,0.0036231884057971175,-0.010000000000000009,0.010636140946034085,0.6356022130425925
zigzag_session_2026-03-23T03:35:17Z.json,path,zigzag,2026-03-23T03:34:33Z,unknown,moved,0.4782608695652174,0.5366666666666666,8.7995186666667,0.016725333349313587,0.004830917874396157,-0.011666666666666714,0.012627306863313035,0.7549808783829869
zigzag_session_2026-03-23T03:35:17Z.json,path,zigzag,2026-03-23T03:34:33Z,unknown,moved,0.4830917874396135,0.525,8.816068208310753,0.016549541644053534,0.004830917874396101,-0.011666666666666603,0.012627306863312912,0.7630003981318763
zigzag_session_2026-03-23T03:35:17Z.json,path,zigzag,2026-03-23T03:34:33Z,unknown,moved,0.48792270531400966,0.5116666666666667,8.832756874995539,0.016688666684785858,0.004830917874396157,-0.013333333333333308,0.014181521261378744,0.8497695789147289
zigzag_session_2026-03-23T03:35:17Z.json,path,zigzag,2026-03-23T03:34:33Z,unknown,moved,0.4939613526570048,0.49833333333333335,8.849463124992326,0.016706249996786937,0.00603864734299514,-0.013333333333333364,0.014637043400592924,0.8761417675066531
zigzag_session_2026-03-23T03:35:17Z.json,path,zigzag,2026-03-23T03:34:33Z,unknown,moved,0.49879227053140096,0.48833333333333334,8.866069416661048,0.016606291668722406,0.004830917874396157,-0.010000000000000009,0.011105753801933503,0.668767839532227
zigzag_session_2026-03-23T03:35:17Z.json,path,zigzag,2026-03-23T03:34:33Z,unknown,moved,0.5024154589371981,0.48,8.88288245833246,0.016813041671412066,0.0036231884057971175,-0.00833333333333336,0.009086910292742388,0.5404679575732718
zigzag_session_2026-03-23T03:35:17Z.json,path,zigzag,2026-03-23T03:34:33Z,unknown,moved,0.5060386473429952,0.47,8.899371791660087,0.01648933332762681,0.0036231884057971175,-0.010000000000000009,0.010636140946034085,0.6450315931338425
zigzag_session_2026-03-23T03:35:17Z.json,path,zigzag,2026-03-23T03:34:33Z,unknown,moved,0.5096618357487923,0.4633333333333333,8.91594866666128,0.016576875001192093,0.0036231884057971175,-0.006666666666666654,0.007587617456642562,0.45772303019096866
zigzag_session_2026-03-23T03:35:17Z.json,path,zigzag,2026-03-23T03:34:33Z,unknown,moved,0.5132850241545893,0.455,8.93274299998302,0.01679433332174085,0.0036231884057970065,-0.008333333333333304,0.009086910292742292,0.541070021575609
zigzag_session_2026-03-23T03:35:17Z.json,path,zigzag,2026-03-23T03:34:33Z,unknown,moved,0.5169082125603864,0.4483333333333333,8.949470874998951,0.016727875015931204,0.0036231884057971175,-0.00666666666666671,0.0075876174566426105,0.45359123316119687
zigzag_session_2026-03-23T03:35:17Z.json,path,zigzag,2026-03-23T03:34:33Z,unknown,moved,0.5193236714975845,0.44166666666666665,8.966164374985965,0.016693499987013638,0.0024154589371980784,-0.006666666666666654,0.007090760630689372,0.42476177171985996
zigzag_session_2026-03-23T03:35:17Z.json,path,zigzag,2026-03-23T03:34:33Z,unknown,moved,0.5217391304347826,0.435,8.982808083324926,0.016643708338961005,0.0024154589371980784,-0.006666666666666654,0.007090760630689372,0.426032497462763
zigzag_session_2026-03-23T03:35:17Z.json,path,zigzag,2026-03-23T03:34:33Z,unknown,moved,0.5241545893719807,0.43166666666666664,8.99936958332546,0.01656150000053458,0.0024154589371980784,-0.003333333333333355,0.00411649766043919,0.2485582622531966
zigzag_session_2026-03-23T03:35:17Z.json,path,zigzag,2026-03-23T03:34:33Z,unknown,moved,0.5265700483091788,0.4266666666666667,9.016029166639782,0.016659583314321935,0.0024154589371980784,-0.004999999999999949,0.005552876900966701,0.3333142730042351
zigzag_session_2026-03-23T03:35:17Z.json,path,zigzag,2026-03-23T03:34:33Z,unknown,moved,0.5289855072463768,0.4216666666666667,9.032761208305601,0.016732041665818542,0.0024154589371980784,-0.0050000000000000044,0.005552876900966752,0.3318708506631669
zigzag_session_2026-03-23T03:35:17Z.json,path,zigzag,2026-03-23T03:34:33Z,unknown,moved,0.5301932367149759,0.4166666666666667,9.049494041653816,0.016732833348214626,0.0012077294685990392,-0.0050000000000000044,0.005143793392946743,0.3074071967313043
zigzag_session_2026-03-23T03:35:17Z.json,path,zigzag,2026-03-23T03:34:33Z,unknown,moved,0.532608695652174,0.41333333333333333,9.066090083331801,0.01659604167798534,0.0024154589371980784,-0.003333333333333355,0.00411649766043919,0.24804093291111257
zigzag_session_2026-03-23T03:35:17Z.json,path,zigzag,2026-03-23T03:34:33Z,unknown,moved,0.533816425120773,0.4116666666666667,9.082602624985157,0.016512541653355584,0.0012077294685990392,-0.0016666666666666496,0.0020582488302195727,0.12464760867393829
zigzag_session_2026-03-23T03:35:17Z.json,path,zigzag,2026-03-23T03:34:33Z,unknown,moved,0.533816425120773,0.41333333333333333,9.232569041661918,0.14996641667676158,0.0,0.0016666666666666496,0.0016666666666666496,0.011113599321766766
zigzag_session_2026-03-23T03:35:17Z.json,path,zigzag,2026-03-23T03:34:33Z,unknown,moved,0.533816425120773,0.4166666666666667,9.249401041655801,0.016831999993883073,0.0,0.003333333333333355,0.003333333333333355,0.1980354880314118
zigzag_session_2026-03-23T03:35:17Z.json,path,zigzag,2026-03-23T03:34:33Z,unknown,moved,0.5362318840579711,0.4216666666666667,9.265920958307106,0.01651991665130481,0.0024154589371980784,0.0050000000000000044,0.005552876900966752,0.3361322589075026
zigzag_session_2026-03-23T03:35:17Z.json,path,zigzag,2026-03-23T03:34:33Z,unknown,moved,0.5422705314009661,0.43,9.282672166649718,0.01675120834261179,0.006038647342995085,0.008333333333333304,0.010291244151097842,0.6143583161651053
zigzag_session_2026-03-23T03:35:17Z.json,path,zigzag,2026-03-23T03:34:33Z,unknown,moved,0.5483091787439613,0.43833333333333335,9.299545166664757,0.016873000015038997,0.006038647342995196,0.00833333333333336,0.010291244151097953,0.6099237919709187
zigzag_session_2026-03-23T03:35:17Z.json,path,zigzag,2026-03-23T03:34:33Z,unknown,moved,0.5531400966183575,0.44666666666666666,9.316099999996368,0.016554833331611007,0.004830917874396157,0.008333333333333304,0.009632352358256224,0.5818453236773763
zigzag_session_2026-03-23T03:35:17Z.json,path,zigzag,2026-03-23T03:34:33Z,unknown,moved,0.5579710144927537,0.4533333333333333,9.332720791659085,0.016620791662717238,0.004830917874396157,0.006666666666666654,0.008232995320878334,0.4953431513942922
zigzag_session_2026-03-23T03:35:17Z.json,path,zigzag,2026-03-23T03:34:33Z,unknown,moved,0.5615942028985508,0.4583333333333333,9.349290958314668,0.016570166655583307,0.0036231884057971175,0.0050000000000000044,0.006174746490658763,0.3726423891203403
zigzag_session_2026-03-23T03:35:17Z.json,path,zigzag,2026-03-23T03:34:33Z,unknown,moved,0.5652173913043478,0.4633333333333333,9.366024833318079,0.016733875003410503,0.0036231884057970065,0.0050000000000000044,0.006174746490658698,0.3689968097287827
zigzag_session_2026-03-23T03:35:17Z.json,path,zigzag,2026-03-23T03:34:33Z,unknown,moved,0.5676328502415459,0.47,9.382872249989305,0.0168474166712258,0.0024154589371980784,0.006666666666666654,0.007090760630689372,0.4208811813148713
zigzag_session_2026-03-23T03:35:17Z.json,path,zigzag,2026-03-23T03:34:33Z,unknown,moved,0.572463768115942,0.475,9.399322916666279,0.016450666676973924,0.004830917874396157,0.0050000000000000044,0.006952536767911431,0.4226294839249846
zigzag_session_2026-03-23T03:35:17Z.json,path,zigzag,2026-03-23T03:34:33Z,unknown,moved,0.5760869565217391,0.4816666666666667,9.415969124995172,0.016646208328893408,0.0036231884057971175,0.00666666666666671,0.0075876174566426105,0.45581656235026907
zigzag_session_2026-03-23T03:35:17Z.json,path,zigzag,2026-03-23T03:34:33Z,unknown,moved,0.5785024154589372,0.48833333333333334,9.432692333328305,0.01672320833313279,0.0024154589371980784,0.006666666666666654,0.007090760630689372,0.4240071934427099
zigzag_session_2026-03-23T03:35:17Z.json,path,zigzag,2026-03-23T03:34:33Z,unknown,moved,0.5821256038647343,0.495,9.449387874978129,0.01669554164982401,0.0036231884057971175,0.006666666666666654,0.007587617456642562,0.45446967913871456
zigzag_session_2026-03-23T03:35:17Z.json,path,zigzag,2026-03-23T03:34:33Z,unknown,moved,0.5857487922705314,0.5033333333333333,9.466230458318023,0.01684258333989419,0.0036231884057971175,0.008333333333333304,0.009086910292742336,0.5395199839218621
zigzag_session_2026-03-23T03:35:17Z.json,path,zigzag,2026-03-23T03:34:33Z,unknown,moved,0.5893719806763285,0.515,9.482673624996096,0.016443166678072885,0.0036231884057970065,0.011666666666666714,0.012216325361376639,0.7429423784694236
zigzag_session_2026-03-23T03:35:17Z.json,path,zigzag,2026-03-23T03:34:33Z,unknown,moved,0.5917874396135265,0.5266666666666666,9.499409124982776,0.016735499986680225,0.0024154589371980784,0.011666666666666603,0.011914090522922836,0.7119052632072692
zigzag_session_2026-03-23T03:35:17Z.json,path,zigzag,2026-03-23T03:34:33Z,unknown,moved,0.5942028985507246,0.5383333333333333,9.515922874998068,0.016513750015292317,0.0024154589371980784,0.011666666666666714,0.011914090522922943,0.7214648709039482
zigzag_session_2026-03-23T03:35:17Z.json,path,zigzag,2026-03-23T03:34:33Z,unknown,moved,0.5966183574879227,0.5483333333333333,9.53269120832556,0.016768333327490836,0.0024154589371980784,0.010000000000000009,0.010287586785893485,0.613512779414249
zigzag_session_2026-03-23T03:35:17Z.json,path,zigzag,2026-03-23T03:34:33Z,unknown,moved,0.5990338164251208,0.5583333333333333,9.54958862499916,0.016897416673600674,0.0024154589371980784,0.010000000000000009,0.010287586785893485,0.6088260107810493
zigzag_session_2026-03-23T03:35:17Z.json,path,zigzag,2026-03-23T03:34:33Z,unknown,moved,0.6014492753623188,0.5683333333333334,9.566016124997986,0.016427499998826534,0.0024154589371980784,0.010000000000000009,0.010287586785893485,0.6262417766932497
zigzag_session_2026-03-23T03:35:17Z.json,path,zigzag,2026-03-23T03:34:33Z,unknown,moved,0.6038647342995169,0.5783333333333334,9.582748416665709,0.016732291667722166,0.0024154589371980784,0.010000000000000009,0.010287586785893485,0.6148342970699587
zigzag_session_2026-03-23T03:35:17Z.json,path,zigzag,2026-03-23T03:34:33Z,unknown,moved,0.606280193236715,0.5883333333333334,9.59928774999571,0.016539333330001682,0.0024154589371980784,0.010000000000000009,0.010287586785893485,0.6220073433813815
zigzag_session_2026-03-23T03:35:17Z.json,path,zigzag,2026-03-23T03:34:33Z,unknown,moved,0.6086956521739131,0.5966666666666667,9.615941291645868,0.016653541650157422,0.0024154589371980784,0.008333333333333304,0.008676340606599883,0.5209907171017804
zigzag_session_2026-03-23T03:35:17Z.json,path,zigzag,2026-03-23T03:34:33Z,unknown,moved,0.6111111111111112,0.6016666666666667,9.63279787497595,0.016856583330081776,0.0024154589371980784,0.0050000000000000044,0.005552876900966752,0.32941888591724555
zigzag_session_2026-03-23T03:35:17Z.json,path,zigzag,2026-03-23T03:34:33Z,unknown,moved,0.6135265700483091,0.6066666666666667,9.649324416648597,0.016526541672647,0.0024154589371979673,0.0050000000000000044,0.005552876900966703,0.3359975130282244
zigzag_session_2026-03-23T03:35:17Z.json,path,zigzag,2026-03-23T03:34:33Z,unknown,moved,0.6147342995169082,0.6083333333333333,9.666100499976892,0.0167760833282955,0.0012077294685990392,0.0016666666666665941,0.0020582488302195276,0.12268947345701173
zigzag_session_2026-03-23T03:35:17Z.json,path,zigzag,2026-03-23T03:34:33Z,unknown,moved,0.6147342995169082,0.61,9.674540208332473,0.008439708355581388,0.0,0.0016666666666667052,0.0016666666666667052,0.19747917776856558
zigzag_session_2026-03-23T03:35:17Z.json,path,zigzag,2026-03-23T03:34:33Z,unknown,moved,0.6159420289855072,0.61,9.716028458322398,0.04148824998992495,0.0012077294685990392,0.0,0.0012077294685990392,0.029110156945456253
zigzag_session_2026-03-23T03:35:17Z.json,path,zigzag,2026-03-23T03:34:33Z,unknown,moved,0.6171497584541062,0.6066666666666667,9.799666208331473,0.08363775000907481,0.0012077294685990392,-0.0033333333333332993,0.0035453803153446604,0.04238971415371626
zigzag_session_2026-03-23T03:35:17Z.json,path,zigzag,2026-03-23T03:34:33Z,unknown,moved,0.6183574879227053,0.605,9.81601629164652,0.016350083315046504,0.0012077294685990392,-0.0016666666666667052,0.0020582488302196174,0.12588613712600907
zigzag_session_2026-03-23T03:35:17Z.json,path,zigzag,2026-03-23T03:34:33Z,unknown,moved,0.6195652173913043,0.6,9.83254908330855,0.016532791662029922,0.0012077294685990392,-0.0050000000000000044,0.005143793392946743,0.3111267291149775
zigzag_session_2026-03-23T03:35:17Z.json,path,zigzag,2026-03-23T03:34:33Z,unknown,moved,0.6219806763285024,0.5933333333333334,9.849265916651348,0.016716833342798054,0.0024154589371980784,-0.006666666666666599,0.007090760630689321,0.4241688892438568
zigzag_session_2026-03-23T03:35:17Z.json,path,zigzag,2026-03-23T03:34:33Z,unknown,moved,0.6268115942028986,0.5833333333333334,9.865969374979613,0.016703458328265697,0.004830917874396157,-0.010000000000000009,0.011105753801933503,0.6648775112121708
zigzag_session_2026-03-23T03:35:17Z.json,path,zigzag,2026-03-23T03:34:33Z,unknown,moved,0.6352657004830918,0.5716666666666667,9.882739708322333,0.016770333342719823,0.008454106280193274,-0.011666666666666714,0.014407741811537141,0.8591207769755926
zigzag_session_2026-03-23T03:35:17Z.json,path,zigzag,2026-03-23T03:34:33Z,unknown,moved,0.642512077294686,0.5583333333333333,9.899386624980252,0.016646916657919064,0.007246376811594124,-0.013333333333333308,0.01517523491328507,0.9115943345620161
zigzag_session_2026-03-23T03:35:17Z.json,path,zigzag,2026-03-23T03:34:33Z,unknown,moved,0.6497584541062802,0.5466666666666666,9.915997083327966,0.016610458347713575,0.007246376811594235,-0.011666666666666714,0.01373393927490299,0.8268248224946462
zigzag_session_2026-03-23T03:35:17Z.json,path,zigzag,2026-03-23T03:34:33Z,unknown,moved,0.6557971014492754,0.5316666666666666,9.932645291642984,0.016648208315018564,0.006038647342995196,-0.015000000000000013,0.016169887499084937,0.9712689313538846
zigzag_session_2026-03-23T03:35:17Z.json,path,zigzag,2026-03-23T03:34:33Z,unknown,moved,0.6618357487922706,0.5166666666666667,9.94937074999325,0.0167254583502654,0.006038647342995196,-0.014999999999999902,0.016169887499084837,0.9667829222048347
zigzag_session_2026-03-23T03:35:17Z.json,path,zigzag,2026-03-23T03:34:33Z,unknown,moved,0.6678743961352657,0.5,9.966177958325716,0.01680720833246596,0.006038647342995085,-0.01666666666666672,0.01772690157672347,1.0547201668513244
zigzag_session_2026-03-23T03:35:17Z.json,path,zigzag,2026-03-23T03:34:33Z,unknown,moved,0.6739130434782609,0.485,9.982628166646464,0.01645020832074806,0.006038647342995196,-0.015000000000000013,0.016169887499084937,0.9829594363671635
zigzag_session_2026-03-23T03:35:17Z.json,path,zigzag,2026-03-23T03:34:33Z,unknown,moved,0.6799516908212561,0.4716666666666667,9.99937866666005,0.016750500013586134,0.006038647342995196,-0.013333333333333308,0.014637043400592896,0.8738272522444681
zigzag_session_2026-03-23T03:35:17Z.json,path,zigzag,2026-03-23T03:34:33Z,unknown,moved,0.6847826086956522,0.46,10.015906708315015,0.01652804165496491,0.004830917874396157,-0.011666666666666659,0.012627306863312983,0.7639929234761959
zigzag_session_2026-03-23T03:35:17Z.json,path,zigzag,2026-03-23T03:34:33Z,unknown,moved,0.6884057971014492,0.4483333333333333,10.03263612498995,0.016729416674934328,0.0036231884057970065,-0.011666666666666714,0.012216325361376639,0.7302302046000414
zigzag_session_2026-03-23T03:35:17Z.json,path,zigzag,2026-03-23T03:34:33Z,unknown,moved,0.6920289855072463,0.43666666666666665,10.049345333332894,0.016709208342945203,0.0036231884057971175,-0.011666666666666659,0.012216325361376618,0.7311133544237883
zigzag_session_2026-03-23T03:35:17Z.json,path,zigzag,2026-03-23T03:34:33Z,unknown,moved,0.6944444444444444,0.42833333333333334,10.066057833319064,0.01671249998616986,0.0024154589371980784,-0.008333333333333304,0.008676340606599883,0.5191527667183149
zigzag_session_2026-03-23T03:35:17Z.json,path,zigzag,2026-03-23T03:34:33Z,unknown,moved,0.6968599033816425,0.42333333333333334,10.082618666638155,0.016560833319090307,0.0024154589371980784,-0.0050000000000000044,0.005552876900966752,0.33530178065168603
zigzag_session_2026-03-23T03:35:17Z.json,path,zigzag,2026-03-23T03:34:33Z,unknown,moved,0.6968599033816425,0.42,10.099382499989588,0.016763833351433277,0.0,-0.003333333333333355,0.003333333333333355,0.198840758163965
zigzag_session_2026-03-23T03:35:17Z.json,path,zigzag,2026-03-23T03:34:33Z,unknown,moved,0.6980676328502415,0.41833333333333333,10.107511499983957,0.008128999994369224,0.0012077294685990392,-0.0016666666666666496,0.0020582488302195727,0.2531982816638302
zigzag_session_2026-03-23T03:35:17Z.json,path,zigzag,2026-03-23T03:34:33Z,unknown,moved,0.6980676328502415,0.4166666666666667,10.12423470831709,0.01672320833313279,0.0,-0.0016666666666666496,0.0016666666666666496,0.09966189701557285
zigzag_session_2026-03-23T03:35:17Z.json,path,zigzag,2026-03-23T03:34:33Z,unknown,moved,0.6980676328502415,0.42,10.265936958312523,0.1417022499954328,0.0,0.0033333333333332993,0.0033333333333332993,0.023523503214950617
zigzag_session_2026-03-23T03:35:17Z.json,path,zigzag,2026-03-23T03:34:33Z,unknown,moved,0.6980676328502415,0.425,10.282702333322959,0.0167653750104364,0.0,0.0050000000000000044,0.0050000000000000044,0.2982337106618562
zigzag_session_2026-03-23T03:35:17Z.json,path,zigzag,2026-03-23T03:34:33Z,unknown,moved,0.6980676328502415,0.43166666666666664,10.299313833325868,0.01661150000290945,0.0,0.006666666666666654,0.006666666666666654,0.40132839692375816
zigzag_session_2026-03-23T03:35:17Z.json,path,zigzag,2026-03-23T03:34:33Z,unknown,moved,0.6992753623188406,0.44166666666666665,10.31620379164815,0.016889958322281018,0.0012077294685990392,0.010000000000000009,0.010072666502437311,0.596370121834438
zigzag_session_2026-03-23T03:35:17Z.json,path,zigzag,2026-03-23T03:34:33Z,unknown,moved,0.7016908212560387,0.45,10.332630416640313,0.016426624992163852,0.0024154589371980784,0.00833333333333336,0.008676340606599936,0.5281876594089713
zigzag_session_2026-03-23T03:35:17Z.json,path,zigzag,2026-03-23T03:34:33Z,unknown,moved,0.7041062801932367,0.46166666666666667,10.349324749986408,0.016694333346094936,0.0024154589371980784,0.011666666666666659,0.011914090522922888,0.7136607539773236
zigzag_session_2026-03-23T03:35:17Z.json,path,zigzag,2026-03-23T03:34:33Z,unknown,moved,0.7065217391304348,0.47333333333333333,10.36598770832643,0.01666295834002085,0.0024154589371980784,0.011666666666666659,0.011914090522922888,0.7150045195940866
zigzag_session_2026-03-23T03:35:17Z.json,path,zigzag,2026-03-23T03:34:33Z,unknown,moved,0.7101449275362319,0.485,10.382860874990001,0.016873166663572192,0.0036231884057971175,0.011666666666666659,0.012216325361376618,0.7240090496913469
zigzag_session_2026-03-23T03:35:17Z.json,path,zigzag,2026-03-23T03:34:33Z,unknown,moved,0.7137681159420289,0.49833333333333335,10.399289499997394,0.01642862500739284,0.0036231884057970065,0.013333333333333364,0.013816847397350831,0.8410227509078384
zigzag_session_2026-03-23T03:35:17Z.json,path,zigzag,2026-03-23T03:34:33Z,unknown,moved,0.717391304347826,0.5116666666666667,10.41600304163876,0.016713541641365737,0.0036231884057971175,0.013333333333333364,0.01381684739735086,0.8266857913079532
zigzag_session_2026-03-23T03:35:17Z.json,path,zigzag,2026-03-23T03:34:33Z,unknown,moved,0.7210144927536232,0.525,10.4326439583092,0.016640916670439765,0.0036231884057971175,0.013333333333333308,0.013816847397350807,0.8302936473382192
zigzag_session_2026-03-23T03:35:17Z.json,path,zigzag,2026-03-23T03:34:33Z,unknown,moved,0.7258454106280193,0.5366666666666666,10.449276708328398,0.016632750019198284,0.004830917874396157,0.011666666666666603,0.012627306863312935,0.7591833490395705
zigzag_session_2026-03-23T03:35:17Z.json,path,zigzag,2026-03-23T03:34:33Z,unknown,moved,0.7294685990338164,0.5466666666666666,10.46607254166156,0.01679583333316259,0.0036231884057971175,0.010000000000000009,0.010636140946034085,0.6332606864485563
zigzag_session_2026-03-23T03:35:17Z.json,path,zigzag,2026-03-23T03:34:33Z,unknown,moved,0.7318840579710145,0.555,10.48247291665757,0.016400374996010214,0.0024154589371980784,0.008333333333333415,0.00867634060659999,0.5290330622751442
zigzag_session_2026-03-23T03:35:17Z.json,path,zigzag,2026-03-23T03:34:33Z,unknown,moved,0.7342995169082126,0.5616666666666666,10.499437666643644,0.016964749986073002,0.0024154589371980784,0.006666666666666599,0.007090760630689321,0.41797024044034786
zigzag_session_2026-03-23T03:35:17Z.json,path,zigzag,2026-03-23T03:34:33Z,unknown,moved,0.7379227053140096,0.5683333333333334,10.515964666643413,0.016526999999769032,0.0036231884057970065,0.00666666666666671,0.007587617456642558,0.45910434178910847
zigzag_session_2026-03-23T03:35:17Z.json,path,zigzag,2026-03-23T03:34:33Z,unknown,moved,0.7403381642512077,0.5733333333333334,10.53260374997626,0.016639083332847804,0.0024154589371980784,0.0050000000000000044,0.005552876900966752,0.3337249288249324
zigzag_session_2026-03-23T03:35:17Z.json,path,zigzag,2026-03-23T03:34:33Z,unknown,moved,0.7427536231884058,0.5766666666666667,10.549400666641304,0.016796916665043682,0.0024154589371980784,0.0033333333333332993,0.004116497660439145,0.2450746016384097
zigzag_session_2026-03-23T03:35:17Z.json,path,zigzag,2026-03-23T03:34:33Z,unknown,moved,0.7439613526570048,0.58,10.5659777916444,0.016577125003095716,0.0012077294685990392,0.0033333333333332993,0.0035453803153446604,0.21387184537020587
zigzag_session_2026-03-23T03:35:17Z.json,path,zigzag,2026-03-23T03:34:33Z,unknown,moved,0.7439613526570048,0.5816666666666667,10.574457499984419,0.008479708340018988,0.0,0.0016666666666667052,0.0016666666666667052,0.19654764053629858
zigzag_session_2026-03-23T03:35:17Z.json,path,zigzag,2026-03-23T03:34:33Z,unknown,moved,0.7451690821256038,0.5816666666666667,10.61584749998292,0.04138999999850057,0.0012077294685990392,0.0,0.0012077294685990392,0.029179257517342145
zigzag_session_2026-03-23T03:35:17Z.json,path,zigzag,2026-03-23T03:34:33Z,unknown,moved,0.7463768115942029,0.5816666666666667,10.674304416665109,0.05845691668218933,0.0012077294685990392,0.0,0.0012077294685990392,0.020660163709370093
zigzag_session_2026-03-23T03:35:17Z.json,path,zigzag,2026-03-23T03:34:33Z,unknown,moved,0.748792270531401,0.58,10.715906624973286,0.04160220830817707,0.0024154589371980784,-0.0016666666666667052,0.002934658354062356,0.07054092735470338
zigzag_session_2026-03-23T03:35:17Z.json,path,zigzag,2026-03-23T03:34:33Z,unknown,moved,0.751207729468599,0.575,10.73245974999736,0.01655312502407469,0.0024154589371980784,-0.0050000000000000044,0.005552876900966752,0.3354579206579245
zigzag_session_2026-03-23T03:35:17Z.json,path,zigzag,2026-03-23T03:34:33Z,unknown,moved,0.7548309178743962,0.5666666666666667,10.7491637916537,0.01670404165633954,0.0036231884057971175,-0.008333333333333304,0.009086910292742336,0.5439947097649663
zigzag_session_2026-03-23T03:35:17Z.json,path,zigzag,2026-03-23T03:34:33Z,unknown,moved,0.7608695652173914,0.5583333333333333,10.765958624979248,0.016794833325548097,0.006038647342995196,-0.008333333333333304,0.010291244151097908,0.6127625056833992
zigzag_session_2026-03-23T03:35:17Z.json,path,zigzag,2026-03-23T03:34:33Z,unknown,moved,0.7669082125603864,0.55,10.782649541652063,0.016690916672814637,0.006038647342995085,-0.008333333333333304,0.010291244151097842,0.616577528534411
zigzag_session_2026-03-23T03:35:17Z.json,path,zigzag,2026-03-23T03:34:33Z,unknown,moved,0.7741545893719807,0.5416666666666666,10.799473083316116,0.016823541664052755,0.007246376811594235,-0.008333333333333415,0.011043297575455278,0.656419307894707
zigzag_session_2026-03-23T03:35:17Z.json,path,zigzag,2026-03-23T03:34:33Z,unknown,moved,0.7801932367149759,0.5333333333333333,10.815955041645793,0.016481958329677582,0.006038647342995196,-0.008333333333333304,0.010291244151097908,0.6243945012630805
zigzag_session_2026-03-23T03:35:17Z.json,path,zigzag,2026-03-23T03:34:33Z,unknown,moved,0.785024154589372,0.525,10.83261099999072,0.016655958344927058,0.004830917874396157,-0.008333333333333304,0.009632352358256224,0.5783127070073377
zigzag_session_2026-03-23T03:35:17Z.json,path,zigzag,2026-03-23T03:34:33Z,unknown,moved,0.7910628019323671,0.5166666666666667,10.849379166640574,0.01676816664985381,0.006038647342995085,-0.008333333333333304,0.010291244151097842,0.6137369914073203
zigzag_session_2026-03-23T03:35:17Z.json,path,zigzag,2026-03-23T03:34:33Z,unknown,moved,0.7971014492753623,0.505,10.865946249978151,0.01656708333757706,0.006038647342995196,-0.011666666666666714,0.013136832679309544,0.7929478238038977
zigzag_session_2026-03-23T03:35:17Z.json,path,zigzag,2026-03-23T03:34:33Z,unknown,moved,0.8043478260869565,0.49166666666666664,10.882715999992797,0.01676975001464598,0.007246376811594235,-0.013333333333333364,0.015175234913285172,0.9049171812359621
zigzag_session_2026-03-23T03:35:17Z.json,path,zigzag,2026-03-23T03:34:33Z,unknown,moved,0.8115942028985508,0.47833333333333333,10.899246124987258,0.016530124994460493,0.007246376811594235,-0.013333333333333308,0.015175234913285124,0.918035097639648
zigzag_session_2026-03-23T03:35:17Z.json,path,zigzag,2026-03-23T03:34:33Z,unknown,moved,0.8200483091787439,0.465,10.915966791653773,0.01672066666651517,0.008454106280193163,-0.013333333333333308,0.01578764361057655,0.944199410552984
zigzag_session_2026-03-23T03:35:17Z.json,path,zigzag,2026-03-23T03:34:33Z,unknown,moved,0.8272946859903382,0.45166666666666666,10.932633958320366,0.016667166666593403,0.007246376811594235,-0.013333333333333364,0.015175234913285172,0.9104867801977068
zigzag_session_2026-03-23T03:35:17Z.json,path,zigzag,2026-03-23T03:34:33Z,unknown,moved,0.8333333333333334,0.43666666666666665,10.949271374993259,0.01663741667289287,0.006038647342995196,-0.015000000000000013,0.016169887499084937,0.971898932208047
zigzag_session_2026-03-23T03:35:17Z.json,path,zigzag,2026-03-23T03:34:33Z,unknown,moved,0.8405797101449275,0.42333333333333334,10.966092874994501,0.016821500001242384,0.007246376811594124,-0.013333333333333308,0.01517523491328507,0.9021332765903323
zigzag_session_2026-03-23T03:35:17Z.json,path,zigzag,2026-03-23T03:34:33Z,unknown,moved,0.8466183574879227,0.41,10.982590708328644,0.016497833334142342,0.006038647342995196,-0.013333333333333364,0.014637043400592947,0.887210041715085
zigzag_session_2026-03-23T03:35:17Z.json,path,zigzag,2026-03-23T03:34:33Z,unknown,moved,0.8526570048309179,0.39666666666666667,10.999250583321555,0.016659874992910773,0.006038647342995196,-0.013333333333333308,0.014637043400592896,0.8785806260143821
zigzag_session_2026-03-23T03:35:17Z.json,path,zigzag,2026-03-23T03:34:33Z,unknown,moved,0.857487922705314,0.38333333333333336,11.015934999973979,0.01668441665242426,0.004830917874396157,-0.013333333333333308,0.014181521261378744,0.8499860412751175
zigzag_session_2026-03-23T03:35:17Z.json,path,zigzag,2026-03-23T03:34:33Z,unknown,moved,0.8647342995169082,0.37166666666666665,11.032673791662091,0.016738791688112542,0.007246376811594124,-0.011666666666666714,0.01373393927490293,0.820485703556274
zigzag_session_2026-03-23T03:35:17Z.json,path,zigzag,2026-03-23T03:34:33Z,unknown,moved,0.8695652173913043,0.35833333333333334,11.04939570830902,0.016721916646929458,0.004830917874396157,-0.013333333333333308,0.014181521261378744,0.8480798918455803
zigzag_session_2026-03-23T03:35:17Z.json,path,zigzag,2026-03-23T03:34:33Z,unknown,moved,0.8731884057971014,0.35,11.065883458330063,0.016487750021042302,0.0036231884057971175,-0.00833333333333336,0.009086910292742388,0.5511310082421994
zigzag_session_2026-03-23T03:35:17Z.json,path,zigzag,2026-03-23T03:34:33Z,unknown,moved,0.8756038647342995,0.345,11.082425999979023,0.01654254164895974,0.0024154589371980784,-0.0050000000000000044,0.005552876900966752,0.3356725356236862
zigzag_session_2026-03-23T03:35:17Z.json,path,zigzag,2026-03-23T03:34:33Z,unknown,moved,0.8756038647342995,0.3433333333333333,11.090966541640228,0.00854054166120477,0.0,-0.0016666666666666496,0.0016666666666666496,0.19514765371820006
zigzag_session_2026-03-23T03:35:17Z.json,path,zigzag,2026-03-23T03:34:33Z,unknown,moved,0.8756038647342995,0.3416666666666667,11.107622374984203,0.016655833343975246,0.0,-0.0016666666666666496,0.0016666666666666496,0.10006504221354477
zigzag_session_2026-03-23T03:35:17Z.json,path,zigzag,2026-03-23T03:34:33Z,unknown,moved,0.8756038647342995,0.3383333333333333,11.132553624978755,0.024931249994551763,0.0,-0.003333333333333355,0.003333333333333355,0.13370101114311514
zigzag_session_2026-03-23T03:35:17Z.json,path,zigzag,2026-03-23T03:34:33Z,unknown,moved,0.8756038647342995,0.3333333333333333,11.149245249980595,0.016691625001840293,0.0,-0.0050000000000000044,0.0050000000000000044,0.29955142171290944
zigzag_session_2026-03-23T03:35:17Z.json,path,zigzag,2026-03-23T03:34:33Z,unknown,ended,0.8780193236714976,0.32666666666666666,11.15648204163881,0.007236791658215225,0.0024154589371980784,-0.006666666666666654,0.007090760630689372,0.979821026440622
zigzag_session_2026-03-23T03:35:17Z.json,path,zigzag,2026-03-23T03:34:33Z,unknown,began,0.10507246376811594,0.39,11.766084333328763,0.6096022916899528,-0.7729468599033816,0.06333333333333335,0.7755372069382673,1.2722019216632308
zigzag_session_2026-03-23T03:35:17Z.json,path,zigzag,2026-03-23T03:34:33Z,unknown,moved,0.11473429951690821,0.4116666666666667,11.915997416654136,0.149913083325373,0.009661835748792272,0.021666666666666667,0.023723311625510564,0.15824710625170205
zigzag_session_2026-03-23T03:35:17Z.json,path,zigzag,2026-03-23T03:34:33Z,unknown,moved,0.12077294685990338,0.4266666666666667,11.932543666654965,0.016546250000828877,0.006038647342995168,0.015000000000000013,0.016169887499084927,0.9772539093918503
zigzag_session_2026-03-23T03:35:17Z.json,path,zigzag,2026-03-23T03:34:33Z,unknown,moved,0.1280193236714976,0.445,11.949138166644843,0.016594499989878386,0.007246376811594221,0.018333333333333313,0.01971347478266378,1.1879523212322018
zigzag_session_2026-03-23T03:35:17Z.json,path,zigzag,2026-03-23T03:34:33Z,unknown,moved,0.13285024154589373,0.46,11.96586470832699,0.01672654168214649,0.004830917874396129,0.015000000000000013,0.015758736228173895,0.9421395365303991
zigzag_session_2026-03-23T03:35:17Z.json,path,zigzag,2026-03-23T03:34:33Z,unknown,moved,0.14009661835748793,0.475,11.982572208333295,0.016707500006305054,0.007246376811594207,0.014999999999999958,0.016658630702900194,0.9970750080271484
zigzag_session_2026-03-23T03:35:17Z.json,path,zigzag,2026-03-23T03:34:33Z,unknown,moved,0.1461352657004831,0.49166666666666664,11.9994442499883,0.016872041655005887,0.006038647342995168,0.016666666666666663,0.017726901576723447,1.0506672481728923
zigzag_session_2026-03-23T03:35:17Z.json,path,zigzag,2026-03-23T03:34:33Z,unknown,moved,0.15338164251207728,0.5066666666666667,12.015922499995213,0.016478250006912276,0.00724637681159418,0.015000000000000069,0.01665863070290028,1.0109465929884751
zigzag_session_2026-03-23T03:35:17Z.json,path,zigzag,2026-03-23T03:34:33Z,unknown,moved,0.15942028985507245,0.5216666666666666,12.032562958309427,0.016640458314213902,0.006038647342995168,0.014999999999999902,0.016169887499084823,0.9717212827769817
zigzag_session_2026-03-23T03:35:17Z.json,path,zigzag,2026-03-23T03:34:33Z,unknown,moved,0.16304347826086957,0.5316666666666666,12.049152624997078,0.016589666687650606,0.0036231884057971175,0.010000000000000009,0.010636140946034085,0.6411304787667409
zigzag_session_2026-03-23T03:35:17Z.json,path,zigzag,2026-03-23T03:34:33Z,unknown,moved,0.16666666666666666,0.54,12.065951291646343,0.016798666649265215,0.00362318840579709,0.008333333333333415,0.009086910292742426,0.5409304489734543
zigzag_session_2026-03-23T03:35:17Z.json,path,zigzag,2026-03-23T03:34:33Z,unknown,moved,0.17149758454106281,0.5466666666666666,12.08277549999184,0.016824208345497027,0.004830917874396157,0.006666666666666599,0.00823299532087829,0.4893540992721859
zigzag_session_2026-03-23T03:35:17Z.json,path,zigzag,2026-03-23T03:34:33Z,unknown,moved,0.17391304347826086,0.5516666666666666,12.099160999991,0.016385499999159947,0.0024154589371980506,0.0050000000000000044,0.00555287690096674,0.33888968302776384
zigzag_session_2026-03-23T03:35:17Z.json,path,zigzag,2026-03-23T03:34:33Z,unknown,moved,0.17632850241545894,0.5566666666666666,12.115900291653816,0.016739291662815958,0.0024154589371980784,0.0050000000000000044,0.005552876900966752,0.33172711323871046
zigzag_session_2026-03-23T03:35:17Z.json,path,zigzag,2026-03-23T03:34:33Z,unknown,moved,0.17632850241545894,0.5583333333333333,12.12419749997207,0.008297208318253979,0.0,0.0016666666666667052,0.0016666666666667052,0.2008707751738635
zigzag_session_2026-03-23T03:35:17Z.json,path,zigzag,2026-03-23T03:34:33Z,unknown,moved,0.17753623188405798,0.5583333333333333,12.149083333322778,0.024885833350708708,0.0012077294685990392,0.0,0.0012077294685990392,0.04853080270927094
zigzag_session_2026-03-23T03:35:17Z.json,path,zigzag,2026-03-23T03:34:33Z,unknown,moved,0.178743961352657,0.5583333333333333,12.182430416665738,0.033347083342960104,0.0012077294685990114,0.0,0.0012077294685990114,0.03621694455788065
zigzag_session_2026-03-23T03:35:17Z.json,path,zigzag,2026-03-23T03:34:33Z,unknown,moved,0.17995169082125603,0.5583333333333333,12.199044833309017,0.016614416643278673,0.0012077294685990392,0.0,0.0012077294685990392,0.07269165656126865
zigzag_session_2026-03-23T03:35:17Z.json,path,zigzag,2026-03-23T03:34:33Z,unknown,moved,0.18115942028985507,0.5583333333333333,12.215705416660057,0.01666058335104026,0.0012077294685990392,0.0,0.0012077294685990392,0.0724902269717723
zigzag_session_2026-03-23T03:35:17Z.json,path,zigzag,2026-03-23T03:34:33Z,unknown,moved,0.1823671497584541,0.5583333333333333,12.240843374980614,0.02513795832055621,0.0012077294685990392,0.0,0.0012077294685990392,0.048044055654728156
zigzag_session_2026-03-23T03:35:17Z.json,path,zigzag,2026-03-23T03:34:33Z,unknown,moved,0.18357487922705315,0.5583333333333333,12.257193499972345,0.016350124991731718,0.0012077294685990392,0.0,0.0012077294685990392,0.07386668109325095
zigzag_session_2026-03-23T03:35:17Z.json,path,zigzag,2026-03-23T03:34:33Z,unknown,moved,0.18478260869565216,0.5583333333333333,12.282473416649736,0.025279916677391157,0.0012077294685990114,0.0,0.0012077294685990114,0.047774266189695644
zigzag_session_2026-03-23T03:35:17Z.json,path,zigzag,2026-03-23T03:34:33Z,unknown,moved,0.1859903381642512,0.5583333333333333,12.299052208312787,0.01657879166305065,0.0012077294685990392,0.0,0.0012077294685990392,0.07284785846550687
zigzag_session_2026-03-23T03:35:17Z.json,path,zigzag,2026-03-23T03:34:33Z,unknown,moved,0.18719806763285024,0.5583333333333333,12.315824999997858,0.016772791685070843,0.0012077294685990392,0.0,0.0012077294685990392,0.07200527445136144
zigzag_session_2026-03-23T03:35:17Z.json,path,zigzag,2026-03-23T03:34:33Z,unknown,moved,0.18961352657004832,0.5583333333333333,12.332707416644553,0.016882416646694764,0.0024154589371980784,0.0,0.0024154589371980784,0.14307542502636766
zigzag_session_2026-03-23T03:35:17Z.json,path,zigzag,2026-03-23T03:34:33Z,unknown,moved,0.19444444444444445,0.5516666666666666,12.349260499991942,0.016553083347389475,0.004830917874396129,-0.00666666666666671,0.008232995320878364,0.4973692905483231
zigzag_session_2026-03-23T03:35:17Z.json,path,zigzag,2026-03-23T03:34:33Z,unknown,moved,0.2028985507246377,0.5383333333333333,12.365855249983724,0.01659474999178201,0.008454106280193247,-0.013333333333333308,0.015787643610576597,0.9513637516922457
zigzag_session_2026-03-23T03:35:17Z.json,path,zigzag,2026-03-23T03:34:33Z,unknown,moved,0.21256038647342995,0.5233333333333333,12.3825395416643,0.01668429168057628,0.009661835748792258,-0.015000000000000013,0.017842395299864883,1.069412813049586
zigzag_session_2026-03-23T03:35:17Z.json,path,zigzag,2026-03-23T03:34:33Z,unknown,moved,0.2222222222222222,0.5066666666666667,12.399168791656848,0.016629249992547557,0.009661835748792258,-0.016666666666666607,0.01926470471651242,1.1584830780189095
zigzag_session_2026-03-23T03:35:17Z.json,path,zigzag,2026-03-23T03:34:33Z,unknown,moved,0.22826086956521738,0.495,12.415932791656815,0.016763999999966472,0.006038647342995168,-0.011666666666666714,0.013136832679309532,0.7836335408814009
zigzag_session_2026-03-23T03:35:17Z.json,path,zigzag,2026-03-23T03:34:33Z,unknown,moved,0.23309178743961353,0.485,12.432576583320042,0.016643791663227603,0.004830917874396157,-0.010000000000000009,0.011105753801933503,0.6672610440366357
zigzag_session_2026-03-23T03:35:17Z.json,path,zigzag,2026-03-23T03:34:33Z,unknown,moved,0.2391304347826087,0.475,12.449189124978147,0.01661254165810533,0.006038647342995168,-0.010000000000000009,0.01168183469036704,0.703193703334819
zigzag_session_2026-03-23T03:35:17Z.json,path,zigzag,2026-03-23T03:34:33Z,unknown,moved,0.24396135265700483,0.465,12.465794208314037,0.016605083335889503,0.004830917874396129,-0.009999999999999953,0.011105753801933441,0.6688165049994027
zigzag_session_2026-03-23T03:35:17Z.json,path,zigzag,2026-03-23T03:34:33Z,unknown,moved,0.24758454106280192,0.455,12.482536624971544,0.01674241665750742,0.00362318840579709,-0.010000000000000009,0.010636140946034076,0.6352811044912536
zigzag_session_2026-03-23T03:35:17Z.json,path,zigzag,2026-03-23T03:34:33Z,unknown,moved,0.25120772946859904,0.445,12.49936574997264,0.016829125001095235,0.0036231884057971175,-0.010000000000000009,0.010636140946034085,0.6320079591388077
zigzag_session_2026-03-23T03:35:17Z.json,path,zigzag,2026-03-23T03:34:33Z,unknown,moved,0.2536231884057971,0.43666666666666665,12.515893416653853,0.016527666681213304,0.0024154589371980784,-0.00833333333333336,0.008676340606599936,0.5249585905832778
zigzag_session_2026-03-23T03:35:17Z.json,path,zigzag,2026-03-23T03:34:33Z,unknown,moved,0.2560386473429952,0.43333333333333335,12.53253208330716,0.016638666653307155,0.0024154589371980784,-0.0033333333333332993,0.004116497660439145,0.24740550106645337
zigzag_session_2026-03-23T03:35:17Z.json,path,zigzag,2026-03-23T03:34:33Z,unknown,moved,0.2572463768115942,0.43166666666666664,12.54105341664399,0.00852133333683014,0.0012077294685989837,-0.0016666666666667052,0.002058248830219585,0.24154070130358676
zigzag_session_2026-03-23T03:35:17Z.json,path,zigzag,2026-03-23T03:34:33Z,unknown,moved,0.2572463768115942,0.43,12.5575808333233,0.01652741667930968,0.0,-0.0016666666666666496,0.0016666666666666496,0.10084253933968483
zigzag_session_2026-03-23T03:35:17Z.json,path,zigzag,2026-03-23T03:34:33Z,unknown,moved,0.2572463768115942,0.4266666666666667,12.582666874979623,0.025086041656322777,0.0,-0.0033333333333332993,0.0033333333333332993,0.1328760184248978
zigzag_session_2026-03-23T03:35:17Z.json,path,zigzag,2026-03-23T03:34:33Z,unknown,moved,0.2584541062801932,0.4266666666666667,12.590828999993391,0.008162125013768673,0.0012077294685990392,0.0,0.0012077294685990392,0.14796752886799977
zigzag_session_2026-03-23T03:35:17Z.json,path,zigzag,2026-03-23T03:34:33Z,unknown,moved,0.2584541062801932,0.425,12.607424083311344,0.01659508331795223,0.0,-0.0016666666666667052,0.0016666666666667052,0.1004313527527601
zigzag_session_2026-03-23T03:35:17Z.json,path,zigzag,2026-03-23T03:34:33Z,unknown,moved,0.25966183574879226,0.425,12.649194958328735,0.04177087501739152,0.0012077294685990392,0.0,0.0012077294685990392,0.02891319533278139
zigzag_session_2026-03-23T03:35:17Z.json,path,zigzag,2026-03-23T03:34:33Z,unknown,moved,0.25966183574879226,0.43166666666666664,12.698815916664898,0.04962095833616331,0.0,0.006666666666666654,0.006666666666666654,0.13435183217346383
zigzag_session_2026-03-23T03:35:17Z.json,path,zigzag,2026-03-23T03:34:33Z,unknown,moved,0.25966183574879226,0.44333333333333336,12.715654916653875,0.016838999988976866,0.0,0.011666666666666714,0.011666666666666714,0.6928360754382052
zigzag_session_2026-03-23T03:35:17Z.json,path,zigzag,2026-03-23T03:34:33Z,unknown,moved,0.2632850241545894,0.45666666666666667,12.732223208324285,0.016568291670409963,0.0036231884057971175,0.013333333333333308,0.013816847397350807,0.8339331339770485
zigzag_session_2026-03-23T03:35:17Z.json,path,zigzag,2026-03-23T03:34:33Z,unknown,moved,0.26570048309178745,0.47333333333333333,12.749305124976672,0.017081916652387008,0.0024154589371980784,0.016666666666666663,0.01684079035125928,0.9858841190930391
zigzag_session_2026-03-23T03:35:17Z.json,path,zigzag,2026-03-23T03:34:33Z,unknown,moved,0.2693236714975845,0.495,12.765864791639615,0.016559666662942618,0.003623188405797062,0.021666666666666667,0.021967520084623725,1.3265677704601901
zigzag_session_2026-03-23T03:35:17Z.json,path,zigzag,2026-03-23T03:34:33Z,unknown,moved,0.27294685990338163,0.52,12.782529958320083,0.016665166680468246,0.0036231884057971175,0.025000000000000022,0.025261185526888948,1.5158075530378778
zigzag_session_2026-03-23T03:35:17Z.json,path,zigzag,2026-03-23T03:34:33Z,unknown,moved,0.2753623188405797,0.54,12.79916229165974,0.016632333339657634,0.0024154589371980784,0.020000000000000018,0.020145333004874623,1.2112150829036537
zigzag_session_2026-03-23T03:35:17Z.json,path,zigzag,2026-03-23T03:34:33Z,unknown,moved,0.27898550724637683,0.555,12.81591358332662,0.016751291666878387,0.0036231884057971175,0.015000000000000013,0.015431380178840227,0.9212053903492132
zigzag_session_2026-03-23T03:35:17Z.json,path,zigzag,2026-03-23T03:34:33Z,unknown,moved,0.28140096618357485,0.57,12.832737416640157,0.01682383331353776,0.002415458937198023,0.014999999999999902,0.015193236714975742,0.9030781767642744
zigzag_session_2026-03-23T03:35:17Z.json,path,zigzag,2026-03-23T03:34:33Z,unknown,moved,0.28502415458937197,0.58,12.849135874974309,0.016398458334151655,0.0036231884057971175,0.010000000000000009,0.010636140946034085,0.6486061512186857
zigzag_session_2026-03-23T03:35:17Z.json,path,zigzag,2026-03-23T03:34:33Z,unknown,moved,0.2886473429951691,0.59,12.865896958304802,0.01676108333049342,0.0036231884057971175,0.010000000000000009,0.010636140946034085,0.6345735974406718
zigzag_session_2026-03-23T03:35:17Z.json,path,zigzag,2026-03-23T03:34:33Z,unknown,moved,0.29106280193236717,0.5966666666666667,12.882420749985613,0.016523791680810973,0.0024154589371980784,0.00666666666666671,0.007090760630689425,0.4291243055868286
zigzag_session_2026-03-23T03:35:17Z.json,path,zigzag,2026-03-23T03:34:33Z,unknown,moved,0.29347826086956524,0.6,12.899257999990368,0.016837250004755333,0.0024154589371980784,0.0033333333333332993,0.004116497660439145,0.24448752969021223
zigzag_session_2026-03-23T03:35:17Z.json,path,zigzag,2026-03-23T03:34:33Z,unknown,moved,0.29589371980676327,0.6033333333333334,12.915808499994455,0.016550500004086643,0.002415458937198023,0.0033333333333334103,0.004116497660439203,0.24872346209617585
zigzag_session_2026-03-23T03:35:17Z.json,path,zigzag,2026-03-23T03:34:33Z,unknown,moved,0.2971014492753623,0.6033333333333334,12.924048333312385,0.008239833317929879,0.0012077294685990392,0.0,0.0012077294685990392,0.14657207518640208
zigzag_session_2026-03-23T03:35:17Z.json,path,zigzag,2026-03-23T03:34:33Z,unknown,moved,0.2995169082125604,0.6033333333333334,12.94914912499371,0.025100791681325063,0.0024154589371980784,0.0,0.0024154589371980784,0.09623038858153525
zigzag_session_2026-03-23T03:35:17Z.json,path,zigzag,2026-03-23T03:34:33Z,unknown,moved,0.3007246376811594,0.6033333333333334,12.965739416657016,0.016590291663305834,0.0012077294685990392,0.0,0.0012077294685990392,0.07279736204218022
zigzag_session_2026-03-23T03:35:17Z.json,path,zigzag,2026-03-23T03:34:33Z,unknown,moved,0.30193236714975846,0.6033333333333334,12.982359374989755,0.01661995833273977,0.0012077294685990392,0.0,0.0012077294685990392,0.07266741855904203
zigzag_session_2026-03-23T03:35:17Z.json,path,zigzag,2026-03-23T03:34:33Z,unknown,moved,0.3031400966183575,0.6033333333333334,12.999375708313892,0.017016333324136212,0.0012077294685990392,0.0,0.0012077294685990392,0.0709747185597251
zigzag_session_2026-03-23T03:35:17Z.json,path,zigzag,2026-03-23T03:34:33Z,unknown,moved,0.30434782608695654,0.6033333333333334,13.015711291664047,0.016335583350155503,0.0012077294685990392,0.0,0.0012077294685990392,0.07393243588007786
zigzag_session_2026-03-23T03:35:17Z.json,path,zigzag,2026-03-23T03:34:33Z,unknown,moved,0.3079710144927536,0.6033333333333334,13.032583374995738,0.0168720833316911,0.003623188405797062,0.0,0.003623188405797062,0.21474457745188882
zigzag_session_2026-03-23T03:35:17Z.json,path,zigzag,2026-03-23T03:34:33Z,unknown,moved,0.3103864734299517,0.6,13.049128124985145,0.016544749989407137,0.0024154589371980784,-0.0033333333333334103,0.004116497660439235,0.24880990423396207
zigzag_session_2026-03-23T03:35:17Z.json,path,zigzag,2026-03-23T03:34:33Z,unknown,moved,0.31280193236714976,0.5933333333333334,13.065895624982659,0.01676749999751337,0.0024154589371980784,-0.006666666666666599,0.007090760630689321,0.42288717052279023
zigzag_session_2026-03-23T03:35:17Z.json,path,zigzag,2026-03-23T03:34:33Z,unknown,moved,0.3176328502415459,0.585,13.082622583315242,0.016726958332583308,0.004830917874396157,-0.008333333333333415,0.009632352358256319,0.5758579752956615
zigzag_session_2026-03-23T03:35:17Z.json,path,zigzag,2026-03-23T03:34:33Z,unknown,moved,0.32367149758454106,0.5733333333333334,13.099151333328336,0.016528750013094395,0.00603864734299514,-0.011666666666666603,0.013136832679309419,0.794786821078555
zigzag_session_2026-03-23T03:35:17Z.json,path,zigzag,2026-03-23T03:34:33Z,unknown,moved,0.3321256038647343,0.5583333333333333,13.11577487498289,0.016623541654553264,0.008454106280193219,-0.015000000000000013,0.017218359764995122,1.0357816717281143
zigzag_session_2026-03-23T03:35:17Z.json,path,zigzag,2026-03-23T03:34:33Z,unknown,moved,0.3393719806763285,0.5416666666666666,13.132444666640367,0.016669791657477617,0.007246376811594235,-0.01666666666666672,0.018173820585484775,1.0902248185766912
zigzag_session_2026-03-23T03:35:17Z.json,path,zigzag,2026-03-23T03:34:33Z,unknown,moved,0.34782608695652173,0.525,13.149128666642355,0.016684000001987442,0.008454106280193219,-0.016666666666666607,0.018688223317762934,1.1201284653282633
zigzag_session_2026-03-23T03:35:17Z.json,path,zigzag,2026-03-23T03:34:33Z,unknown,moved,0.35628019323671495,0.5066666666666667,13.165970458328957,0.016841791686601937,0.008454106280193219,-0.018333333333333313,0.020188685546808458,1.1987255229423754
zigzag_session_2026-03-23T03:35:17Z.json,path,zigzag,2026-03-23T03:34:33Z,unknown,moved,0.3647342995169082,0.49,13.18245279166149,0.016482333332533017,0.008454106280193274,-0.01666666666666672,0.01868822331776306,1.1338335987220955
zigzag_session_2026-03-23T03:35:17Z.json,path,zigzag,2026-03-23T03:34:33Z,unknown,moved,0.3719806763285024,0.475,13.19906366665964,0.016610874998150393,0.00724637681159418,-0.015000000000000013,0.016658630702900232,1.0028749662347802
zigzag_session_2026-03-23T03:35:17Z.json,path,zigzag,2026-03-23T03:34:33Z,unknown,moved,0.3780193236714976,0.46166666666666667,13.215870124986395,0.01680645832675509,0.006038647342995196,-0.013333333333333308,0.014637043400592896,0.8709177814870972
zigzag_session_2026-03-23T03:35:17Z.json,path,zigzag,2026-03-23T03:34:33Z,unknown,moved,0.38405797101449274,0.45,13.232539791642921,0.016669666656525806,0.00603864734299514,-0.011666666666666659,0.013136832679309467,0.7880681089784533
zigzag_session_2026-03-23T03:35:17Z.json,path,zigzag,2026-03-23T03:34:33Z,unknown,moved,0.3888888888888889,0.435,13.24926145831705,0.016721666674129665,0.004830917874396157,-0.015000000000000013,0.015758736228173902,0.9424142063873617
zigzag_session_2026-03-23T03:35:17Z.json,path,zigzag,2026-03-23T03:34:33Z,unknown,moved,0.39371980676328505,0.42333333333333334,13.265772791666677,0.01651133334962651,0.004830917874396157,-0.011666666666666659,0.012627306863312983,0.7647660304549914
zigzag_session_2026-03-23T03:35:17Z.json,path,zigzag,2026-03-23T03:34:33Z,unknown,moved,0.3973429951690821,0.4116666666666667,13.282470083329827,0.016697291663149372,0.003623188405797062,-0.011666666666666659,0.012216325361376602,0.7316351422630903
zigzag_session_2026-03-23T03:35:17Z.json,path,zigzag,2026-03-23T03:34:33Z,unknown,moved,0.40217391304347827,0.405,13.29915854166029,0.016688458330463618,0.004830917874396157,-0.006666666666666654,0.008232995320878334,0.4933346842380027
zigzag_session_2026-03-23T03:35:17Z.json,path,zigzag,2026-03-23T03:34:33Z,unknown,moved,0.40458937198067635,0.40166666666666667,13.315754333307268,0.016595791646977887,0.0024154589371980784,-0.003333333333333355,0.00411649766043919,0.2480446698780295
zigzag_session_2026-03-23T03:35:17Z.json,path,zigzag,2026-03-23T03:34:33Z,unknown,moved,0.40458937198067635,0.4033333333333333,13.38237687497167,0.06662254166440107,0.0,0.0016666666666666496,0.0016666666666666496,0.025016557835066993
zigzag_session_2026-03-23T03:35:17Z.json,path,zigzag,2026-03-23T03:34:33Z,unknown,moved,0.40458937198067635,0.41,13.398745333310217,0.016368458338547498,0.0,0.006666666666666654,0.006666666666666654,0.40728738948901155
zigzag_session_2026-03-23T03:35:17Z.json,path,zigzag,2026-03-23T03:34:33Z,unknown,moved,0.40458937198067635,0.4216666666666667,13.415610749972984,0.01686541666276753,0.0,0.011666666666666714,0.011666666666666714,0.6917508710248652
zigzag_session_2026-03-23T03:35:17Z.json,path,zigzag,2026-03-23T03:34:33Z,unknown,moved,0.40458937198067635,0.43666666666666665,13.432543874980183,0.016933125007199124,0.0,0.014999999999999958,0.014999999999999958,0.8858376698703105
zigzag_session_2026-03-23T03:35:17Z.json,path,zigzag,2026-03-23T03:34:33Z,unknown,moved,0.4057971014492754,0.46,13.449138249998214,0.016594375018030405,0.0012077294685990392,0.023333333333333373,0.023364568365663613,1.4079812189538408
zigzag_session_2026-03-23T03:35:17Z.json,path,zigzag,2026-03-23T03:34:33Z,unknown,moved,0.4142512077294686,0.4866666666666667,13.465763791638892,0.01662554164067842,0.008454106280193219,0.026666666666666672,0.02797468541570957,1.682633024554383
zigzag_session_2026-03-23T03:35:17Z.json,path,zigzag,2026-03-23T03:34:33Z,unknown,moved,0.4214975845410628,0.5166666666666667,13.48254724999424,0.016783458355348557,0.00724637681159418,0.030000000000000027,0.030862760357680444,1.83887966974608
zigzag_session_2026-03-23T03:35:17Z.json,path,zigzag,2026-03-23T03:34:33Z,unknown,moved,0.428743961352657,0.54,13.499302499985788,0.016755249991547316,0.007246376811594235,0.023333333333333317,0.024432650722753236,1.45820866505
zigzag_session_2026-03-23T03:35:17Z.json,path,zigzag,2026-03-23T03:34:33Z,unknown,moved,0.43478260869565216,0.5583333333333333,13.515895916643785,0.016593416657997295,0.00603864734299514,0.018333333333333313,0.01930223750874941,1.163246720466492
zigzag_session_2026-03-23T03:35:17Z.json,path,zigzag,2026-03-23T03:34:33Z,unknown,moved,0.4396135265700483,0.5716666666666667,13.532555249985307,0.016659333341522142,0.004830917874396157,0.013333333333333308,0.014181521261378744,0.8512658322306549
zigzag_session_2026-03-23T03:35:17Z.json,path,zigzag,2026-03-23T03:34:33Z,unknown,moved,0.44323671497584544,0.5783333333333334,13.549257208331255,0.016701958345947787,0.0036231884057971175,0.00666666666666671,0.0075876174566426105,0.45429507722868384
zigzag_session_2026-03-23T03:35:17Z.json,path,zigzag,2026-03-23T03:34:33Z,unknown,moved,0.4468599033816425,0.5816666666666667,13.565922083333135,0.01666487500187941,0.003623188405797062,0.0033333333333332993,0.004923271812018217,0.29542806720500375
zigzag_session_2026-03-23T03:35:17Z.json,path,zigzag,2026-03-23T03:34:33Z,unknown,moved,0.4468599033816425,0.5833333333333334,13.574106458312599,0.008184374979464337,0.0,0.0016666666666667052,0.0016666666666667052,0.20364006669398566
zigzag_session_2026-03-23T03:35:17Z.json,path,zigzag,2026-03-23T03:34:33Z,unknown,moved,0.44806763285024154,0.5833333333333334,13.682178291666787,0.10807183335418813,0.0012077294685990392,0.0,0.0012077294685990392,0.011175247343504382
zigzag_session_2026-03-23T03:35:17Z.json,path,zigzag,2026-03-23T03:34:33Z,unknown,moved,0.4492753623188406,0.5833333333333334,13.715657458320493,0.03347916665370576,0.0012077294685990392,0.0,0.0012077294685990392,0.036074060059238584
zigzag_session_2026-03-23T03:35:17Z.json,path,zigzag,2026-03-23T03:34:33Z,unknown,moved,0.4504830917874396,0.5833333333333334,13.749111124983756,0.03345366666326299,0.0012077294685990392,0.0,0.0012077294685990392,0.036101557439301636
zigzag_session_2026-03-23T03:35:17Z.json,path,zigzag,2026-03-23T03:34:33Z,unknown,moved,0.45169082125603865,0.5833333333333334,13.790761666663457,0.04165054167970084,0.0012077294685990392,0.0,0.0012077294685990392,0.02899672897141812
zigzag_session_2026-03-23T03:35:17Z.json,path,zigzag,2026-03-23T03:34:33Z,unknown,moved,0.4528985507246377,0.5833333333333334,13.815759416640503,0.024997749977046624,0.0012077294685990392,0.0,0.0012077294685990392,0.04831352700575043
zigzag_session_2026-03-23T03:35:17Z.json,path,zigzag,2026-03-23T03:34:33Z,unknown,moved,0.45410628019323673,0.5766666666666667,13.83234541665297,0.016586000012466684,0.0012077294685990392,-0.00666666666666671,0.00677517932705604,0.40848784046566694
zigzag_session_2026-03-23T03:35:17Z.json,path,zigzag,2026-03-23T03:34:33Z,unknown,moved,0.45893719806763283,0.5633333333333334,13.849150124995504,0.01680470834253356,0.004830917874396101,-0.013333333333333308,0.014181521261378727,0.8439016597202456
zigzag_session_2026-03-23T03:35:17Z.json,path,zigzag,2026-03-23T03:34:33Z,unknown,moved,0.46618357487922707,0.545,13.865779499989003,0.01662937499349937,0.007246376811594235,-0.018333333333333313,0.019713474782663786,1.1854609563119498
zigzag_session_2026-03-23T03:35:17Z.json,path,zigzag,2026-03-23T03:34:33Z,unknown,moved,0.4758454106280193,0.525,13.882350166648393,0.016570666659390554,0.009661835748792258,-0.020000000000000018,0.022211507603866983,1.3404112254759393
zigzag_session_2026-03-23T03:35:17Z.json,path,zigzag,2026-03-23T03:34:33Z,unknown,moved,0.48429951690821255,0.5033333333333333,13.899113958323142,0.016763791674748063,0.008454106280193219,-0.021666666666666723,0.02325760859248537,1.3873716068375623
zigzag_session_2026-03-23T03:35:17Z.json,path,zigzag,2026-03-23T03:34:33Z,unknown,moved,0.4927536231884058,0.4866666666666667,13.916034583322471,0.016920624999329448,0.008454106280193274,-0.016666666666666607,0.01868822331776296,1.1044641269754256
zigzag_session_2026-03-23T03:35:17Z.json,path,zigzag,2026-03-23T03:34:33Z,unknown,moved,0.5,0.47333333333333333,13.932379624980967,0.016345041658496484,0.00724637681159418,-0.013333333333333364,0.015175234913285146,0.9284304824880487
zigzag_session_2026-03-23T03:35:17Z.json,path,zigzag,2026-03-23T03:34:33Z,unknown,moved,0.5072463768115942,0.46,13.949154833331704,0.016775208350736648,0.007246376811594235,-0.013333333333333308,0.015175234913285124,0.9046227382695211
zigzag_session_2026-03-23T03:35:17Z.json,path,zigzag,2026-03-23T03:34:33Z,unknown,moved,0.5132850241545893,0.4483333333333333,13.965692791651236,0.016537958319531754,0.006038647342995085,-0.011666666666666714,0.013136832679309492,0.7943442851584983
zigzag_session_2026-03-23T03:35:17Z.json,path,zigzag,2026-03-23T03:34:33Z,unknown,moved,0.5169082125603864,0.43833333333333335,13.982438499981072,0.016745708329835907,0.0036231884057971175,-0.009999999999999953,0.010636140946034033,0.635156228481752
zigzag_session_2026-03-23T03:35:17Z.json,path,zigzag,2026-03-23T03:34:33Z,unknown,moved,0.5193236714975845,0.43333333333333335,13.999146124988329,0.016707625007256866,0.0024154589371980784,-0.0050000000000000044,0.005552876900966752,0.33235584941336005
zigzag_session_2026-03-23T03:35:17Z.json,path,zigzag,2026-03-23T03:34:33Z,unknown,moved,0.5217391304347826,0.42833333333333334,14.015692749992013,0.016546625003684312,0.0024154589371980784,-0.0050000000000000044,0.005552876900966752,0.33558969878935035
zigzag_session_2026-03-23T03:35:17Z.json,path,zigzag,2026-03-23T03:34:33Z,unknown,moved,0.5241545893719807,0.425,14.032384583319072,0.016691833327058703,0.0024154589371980784,-0.003333333333333355,0.00411649766043919,0.2466174673435087
zigzag_session_2026-03-23T03:35:17Z.json,path,zigzag,2026-03-23T03:34:33Z,unknown,moved,0.5265700483091788,0.42333333333333334,14.049018583318684,0.01663399999961257,0.0024154589371980784,-0.0016666666666666496,0.0029346583540623243,0.17642529482569896
zigzag_session_2026-03-23T03:35:17Z.json,path,zigzag,2026-03-23T03:34:33Z,unknown,moved,0.5277777777777778,0.4216666666666667,14.065724958316423,0.01670637499773875,0.0012077294685990392,-0.0016666666666666496,0.0020582488302195727,0.12320140248846097
zigzag_session_2026-03-23T03:35:17Z.json,path,zigzag,2026-03-23T03:34:33Z,unknown,moved,0.5289855072463768,0.41833333333333333,14.082607291638851,0.016882333322428167,0.0012077294685990392,-0.003333333333333355,0.0035453803153447125,0.21000534983127464
zigzag_session_2026-03-23T03:35:17Z.json,path,zigzag,2026-03-23T03:34:33Z,unknown,moved,0.5314009661835749,0.415,14.099048041651258,0.01644075001240708,0.0024154589371980784,-0.003333333333333355,0.00411649766043919,0.2503838120117791
zigzag_session_2026-03-23T03:35:17Z.json,path,zigzag,2026-03-23T03:34:33Z,unknown,moved,0.533816425120773,0.4116666666666667,14.115814208314987,0.016766166663728654,0.0024154589371980784,-0.0033333333333332993,0.004116497660439145,0.2455240809066174
zigzag_session_2026-03-23T03:35:17Z.json,path,zigzag,2026-03-23T03:34:33Z,unknown,moved,0.5362318840579711,0.41,14.132363708311459,0.01654949999647215,0.0024154589371980784,-0.0016666666666667052,0.002934658354062356,0.17732610379092636
zigzag_session_2026-03-23T03:35:17Z.json,path,zigzag,2026-03-23T03:34:33Z,unknown,moved,0.538647342995169,0.41,14.148905249981908,0.016541541670449078,0.0024154589371979673,0.0,0.0024154589371979673,0.146023809951953
zigzag_session_2026-03-23T03:35:17Z.json,path,zigzag,2026-03-23T03:34:33Z,unknown,moved,0.5398550724637681,0.41,14.15743516664952,0.00852991666761227,0.0012077294685990392,0.0,0.0012077294685990392,0.1415874873883278
zigzag_session_2026-03-23T03:35:17Z.json,path,zigzag,2026-03-23T03:34:33Z,unknown,moved,0.5410628019323671,0.4116666666666667,14.199204791657394,0.0417696250078734,0.0012077294685990392,0.0016666666666667052,0.0020582488302196174,0.04927621040006095
zigzag_session_2026-03-23T03:35:17Z.json,path,zigzag,2026-03-23T03:34:33Z,unknown,moved,0.5410628019323671,0.4216666666666667,14.215620458329795,0.01641566667240113,0.0,0.010000000000000009,0.010000000000000009,0.6091741626803697
zigzag_session_2026-03-23T03:35:17Z.json,path,zigzag,2026-03-23T03:34:33Z,unknown,moved,0.5422705314009661,0.435,14.23253333332832,0.016912874998524785,0.0012077294685990392,0.013333333333333308,0.013387919489117779,0.7915815312467888
zigzag_session_2026-03-23T03:35:17Z.json,path,zigzag,2026-03-23T03:34:33Z,unknown,moved,0.5446859903381642,0.45166666666666666,14.24925470832386,0.016721374995540828,0.0024154589371980784,0.016666666666666663,0.01684079035125928,1.00714147943876
zigzag_session_2026-03-23T03:35:17Z.json,path,zigzag,2026-03-23T03:34:33Z,unknown,moved,0.5471014492753623,0.4666666666666667,14.265767291653901,0.016512583330040798,0.0024154589371980784,0.015000000000000013,0.01519323671497586,0.9201005325033126
zigzag_session_2026-03-23T03:35:17Z.json,path,zigzag,2026-03-23T03:34:33Z,unknown,moved,0.5495169082125604,0.4816666666666667,14.28243141665007,0.01666412499616854,0.0024154589371980784,0.015000000000000013,0.01519323671497586,0.9117332424276181
zigzag_session_2026-03-23T03:35:17Z.json,path,zigzag,2026-03-23T03:34:33Z,unknown,moved,0.5555555555555556,0.49833333333333335,14.299095624999609,0.016664208349538967,0.006038647342995196,0.016666666666666663,0.017726901576723457,1.0637709997915317
zigzag_session_2026-03-23T03:35:17Z.json,path,zigzag,2026-03-23T03:34:33Z,unknown,moved,0.5603864734299517,0.515,14.315720666665584,0.016625041665975004,0.004830917874396157,0.016666666666666663,0.01735268121319982,1.0437676826226554
zigzag_session_2026-03-23T03:35:17Z.json,path,zigzag,2026-03-23T03:34:33Z,unknown,moved,0.5664251207729468,0.53,14.332525041652843,0.016804374987259507,0.006038647342995085,0.015000000000000013,0.016169887499084896,0.962242720204967
zigzag_session_2026-03-23T03:35:17Z.json,path,zigzag,2026-03-23T03:34:33Z,unknown,moved,0.572463768115942,0.5433333333333333,14.3490117083129,0.01648666666005738,0.006038647342995196,0.013333333333333308,0.014637043400592896,0.8878109627857275
zigzag_session_2026-03-23T03:35:17Z.json,path,zigzag,2026-03-23T03:34:33Z,unknown,moved,0.5785024154589372,0.555,14.36580224998761,0.016790541674708948,0.006038647342995196,0.011666666666666714,0.013136832679309544,0.7823948109486624
zigzag_session_2026-03-23T03:35:17Z.json,path,zigzag,2026-03-23T03:34:33Z,unknown,moved,0.5845410628019324,0.5666666666666667,14.382382208306808,0.01657995831919834,0.006038647342995196,0.011666666666666603,0.013136832679309445,0.7923320690196177
zigzag_session_2026-03-23T03:35:17Z.json,path,zigzag,2026-03-23T03:34:33Z,unknown,moved,0.5905797101449275,0.5766666666666667,14.399140749999788,0.016758541692979634,0.006038647342995085,0.010000000000000009,0.011681834690366997,0.6970674957511765
zigzag_session_2026-03-23T03:35:17Z.json,path,zigzag,2026-03-23T03:34:33Z,unknown,moved,0.5954106280193237,0.585,14.415839124994818,0.016698374995030463,0.004830917874396157,0.008333333333333304,0.009632352358256224,0.5768436965347149
zigzag_session_2026-03-23T03:35:17Z.json,path,zigzag,2026-03-23T03:34:33Z,unknown,moved,0.6014492753623188,0.5933333333333334,14.432409083325183,0.016569958330364898,0.006038647342995196,0.008333333333333415,0.010291244151097997,0.6210784569227922
zigzag_session_2026-03-23T03:35:17Z.json,path,zigzag,2026-03-23T03:34:33Z,unknown,moved,0.605072463768116,0.5983333333333334,14.449178708309773,0.016769624984590337,0.0036231884057971175,0.0050000000000000044,0.006174746490658763,0.36821017144585866
zigzag_session_2026-03-23T03:35:17Z.json,path,zigzag,2026-03-23T03:34:33Z,unknown,moved,0.607487922705314,0.6016666666666667,14.465740999992704,0.016562291682930663,0.0024154589371980784,0.0033333333333332993,0.004116497660439145,0.24854638109541732
zigzag_session_2026-03-23T03:35:17Z.json,path,zigzag,2026-03-23T03:34:33Z,unknown,moved,0.6099033816425121,0.6016666666666667,14.482346249977127,0.0166052499844227,0.0024154589371980784,0.0,0.0024154589371980784,0.1454635696218972
zigzag_session_2026-03-23T03:35:17Z.json,path,zigzag,2026-03-23T03:34:33Z,unknown,moved,0.6111111111111112,0.6016666666666667,14.490633416658966,0.008287166681839153,0.0012077294685990392,0.0,0.0012077294685990392,0.14573490735328257
zigzag_session_2026-03-23T03:35:17Z.json,path,zigzag,2026-03-23T03:34:33Z,unknown,moved,0.6111111111111112,0.5983333333333334,14.53235333331395,0.041719916654983535,0.0,-0.0033333333333332993,0.0033333333333332993,0.07989789051831975
zigzag_session_2026-03-23T03:35:17Z.json,path,zigzag,2026-03-23T03:34:33Z,unknown,moved,0.6111111111111112,0.5933333333333334,14.548978249978973,0.016624916665023193,0.0,-0.0050000000000000044,0.0050000000000000044,0.3007533872647553
zigzag_session_2026-03-23T03:35:17Z.json,path,zigzag,2026-03-23T03:34:33Z,unknown,moved,0.6135265700483091,0.585,14.565725999971619,0.016747749992646277,0.0024154589371979673,-0.008333333333333415,0.008676340606599959,0.5180600743628028
zigzag_session_2026-03-23T03:35:17Z.json,path,zigzag,2026-03-23T03:34:33Z,unknown,moved,0.6171497584541062,0.5733333333333334,14.58261999997194,0.016894000000320375,0.0036231884057971175,-0.011666666666666603,0.012216325361376566,0.7231162164759617
zigzag_session_2026-03-23T03:35:17Z.json,path,zigzag,2026-03-23T03:34:33Z,unknown,moved,0.6256038647342995,0.555,14.599087499984307,0.016467500012367964,0.008454106280193274,-0.018333333333333313,0.020188685546808482,1.2259714912188073
zigzag_session_2026-03-23T03:35:17Z.json,path,zigzag,2026-03-23T03:34:33Z,unknown,moved,0.6388888888888888,0.535,14.615706249984214,0.016618749999906868,0.01328502415458932,-0.020000000000000018,0.024010245038067028,1.4447684114750858
zigzag_session_2026-03-23T03:35:17Z.json,path,zigzag,2026-03-23T03:34:33Z,unknown,moved,0.6509661835748792,0.515,14.632409124984406,0.016702875000191852,0.012077294685990392,-0.020000000000000018,0.023363669380734108,1.3987813104310334
zigzag_session_2026-03-23T03:35:17Z.json,path,zigzag,2026-03-23T03:34:33Z,unknown,moved,0.6618357487922706,0.49666666666666665,14.649030499975197,0.016621374990791082,0.010869565217391353,-0.018333333333333368,0.021313342279573055,1.2822851473708712
zigzag_session_2026-03-23T03:35:17Z.json,path,zigzag,2026-03-23T03:34:33Z,unknown,moved,0.6714975845410628,0.48,14.665777958318358,0.01674745834316127,0.009661835748792202,-0.016666666666666663,0.01926470471651244,1.150306173138151
zigzag_session_2026-03-23T03:35:17Z.json,path,zigzag,2026-03-23T03:34:33Z,unknown,moved,0.6823671497584541,0.465,14.682226333330618,0.01644837501225993,0.010869565217391353,-0.014999999999999958,0.01852423947197624,1.1262048353207565
zigzag_session_2026-03-23T03:35:17Z.json,path,zigzag,2026-03-23T03:34:33Z,unknown,moved,0.6920289855072463,0.45166666666666666,14.699177249975037,0.016950916644418612,0.009661835748792202,-0.013333333333333364,0.01646599064175665,0.9713923433856522
zigzag_session_2026-03-23T03:35:17Z.json,path,zigzag,2026-03-23T03:34:33Z,unknown,moved,0.6992753623188406,0.43666666666666665,14.71563016664004,0.016452916665002704,0.007246376811594235,-0.015000000000000013,0.016658630702900253,1.0125031957607327
zigzag_session_2026-03-23T03:35:17Z.json,path,zigzag,2026-03-23T03:34:33Z,unknown,moved,0.7053140096618358,0.42333333333333334,14.732376499974634,0.016746333334594965,0.006038647342995196,-0.013333333333333308,0.014637043400592896,0.8740446704446848
zigzag_session_2026-03-23T03:35:17Z.json,path,zigzag,2026-03-23T03:34:33Z,unknown,moved,0.7101449275362319,0.4166666666666667,14.749227041640552,0.016850541665917262,0.004830917874396157,-0.006666666666666654,0.008232995320878334,0.4885893571914544
zigzag_session_2026-03-23T03:35:17Z.json,path,zigzag,2026-03-23T03:34:33Z,unknown,moved,0.7125603864734299,0.41333333333333333,14.765669249987695,0.016442208347143605,0.0024154589371979673,-0.003333333333333355,0.004116497660439125,0.25036160432514265
zigzag_session_2026-03-23T03:35:17Z.json,path,zigzag,2026-03-23T03:34:33Z,unknown,moved,0.7125603864734299,0.415,14.81544808333274,0.049778833345044404,0.0,0.0016666666666666496,0.0016666666666666496,0.03348143286352391
zigzag_session_2026-03-23T03:35:17Z.json,path,zigzag,2026-03-23T03:34:33Z,unknown,moved,0.7125603864734299,0.41833333333333333,14.832054083322873,0.01660599999013357,0.0,0.003333333333333355,0.003333333333333355,0.2007306597202126
zigzag_session_2026-03-23T03:35:17Z.json,path,zigzag,2026-03-23T03:34:33Z,unknown,moved,0.7125603864734299,0.42333333333333334,14.849008499993943,0.01695441667106934,0.0,0.0050000000000000044,0.0050000000000000044,0.2949084062875427
zigzag_session_2026-03-23T03:35:17Z.json,path,zigzag,2026-03-23T03:34:33Z,unknown,moved,0.7125603864734299,0.42833333333333334,14.865792124997824,0.016783625003881752,0.0,0.0050000000000000044,0.0050000000000000044,0.29790942057175335
zigzag_session_2026-03-23T03:35:17Z.json,path,zigzag,2026-03-23T03:34:33Z,unknown,moved,0.7125603864734299,0.435,14.8825630833162,0.01677095831837505,0.0,0.006666666666666654,0.006666666666666654,0.3975125654782852
zigzag_session_2026-03-23T03:35:17Z.json,path,zigzag,2026-03-23T03:34:33Z,unknown,moved,0.7125603864734299,0.44333333333333336,14.899039333307883,0.01647624999168329,0.0,0.00833333333333336,0.00833333333333336,0.5057785198415764
zigzag_session_2026-03-23T03:35:17Z.json,path,zigzag,2026-03-23T03:34:33Z,unknown,moved,0.7125603864734299,0.4533333333333333,14.915830666664988,0.01679133335710503,0.0,0.009999999999999953,0.009999999999999953,0.5955453201558044
zigzag_session_2026-03-23T03:35:17Z.json,path,zigzag,2026-03-23T03:34:33Z,unknown,moved,0.7137681159420289,0.4633333333333333,14.932380666665267,0.016550000000279397,0.0012077294685990392,0.010000000000000009,0.010072666502437311,0.6086203324632788
zigzag_session_2026-03-23T03:35:17Z.json,path,zigzag,2026-03-23T03:34:33Z,unknown,moved,0.716183574879227,0.4766666666666667,14.949143958307104,0.016763291641836986,0.0024154589371980784,0.013333333333333364,0.013550358654112025,0.8083351971455127
zigzag_session_2026-03-23T03:35:17Z.json,path,zigzag,2026-03-23T03:34:33Z,unknown,moved,0.7185990338164251,0.49166666666666664,14.965675958315842,0.01653200000873767,0.0024154589371980784,0.014999999999999958,0.015193236714975807,0.9190198830719644
zigzag_session_2026-03-23T03:35:17Z.json,path,zigzag,2026-03-23T03:34:33Z,unknown,moved,0.7210144927536232,0.5066666666666667,14.982499374978943,0.016823416663100943,0.0024154589371980784,0.015000000000000069,0.015193236714975914,0.9031005424896521
zigzag_session_2026-03-23T03:35:17Z.json,path,zigzag,2026-03-23T03:34:33Z,unknown,moved,0.7258454106280193,0.5216666666666666,14.999172916664975,0.016673541686031967,0.004830917874396157,0.014999999999999902,0.015758736228173798,0.945134304691574
zigzag_session_2026-03-23T03:35:17Z.json,path,zigzag,2026-03-23T03:34:33Z,unknown,moved,0.7282608695652174,0.535,15.015693624998676,0.016520708333700895,0.0024154589371980784,0.01333333333333342,0.01355035865411208,0.8202044597852052
zigzag_session_2026-03-23T03:35:17Z.json,path,zigzag,2026-03-23T03:34:33Z,unknown,moved,0.7306763285024155,0.545,15.032422291638795,0.016728666640119627,0.0024154589371980784,0.010000000000000009,0.010287586785893485,0.6149675289255402
zigzag_session_2026-03-23T03:35:17Z.json,path,zigzag,2026-03-23T03:34:33Z,unknown,moved,0.7330917874396136,0.555,15.04898687498644,0.016564583347644657,0.0024154589371980784,0.010000000000000009,0.010287586785893485,0.6210591941846997
zigzag_session_2026-03-23T03:35:17Z.json,path,zigzag,2026-03-23T03:34:33Z,unknown,moved,0.7355072463768116,0.5633333333333334,15.065812916640425,0.016826041653985158,0.0024154589371980784,0.008333333333333304,0.008676340606599883,0.5156495380804514
zigzag_session_2026-03-23T03:35:17Z.json,path,zigzag,2026-03-23T03:34:33Z,unknown,moved,0.7379227053140096,0.5716666666666667,15.082528416649438,0.01671550000901334,0.0024154589371979673,0.008333333333333304,0.008676340606599851,0.5190595915121529
zigzag_session_2026-03-23T03:35:17Z.json,path,zigzag,2026-03-23T03:34:33Z,unknown,moved,0.7403381642512077,0.5783333333333334,15.099034124985337,0.016505708335898817,0.0024154589371980784,0.00666666666666671,0.007090760630689425,0.42959444613882414
zigzag_session_2026-03-23T03:35:17Z.json,path,zigzag,2026-03-23T03:34:33Z,unknown,moved,0.7427536231884058,0.585,15.115742249996401,0.016708125011064112,0.0024154589371980784,0.006666666666666599,0.007090760630689321,0.42438996751543473
zigzag_session_2026-03-23T03:35:17Z.json,path,zigzag,2026-03-23T03:34:33Z,unknown,moved,0.7427536231884058,0.59,15.13231012498727,0.016567874990869313,0.0,0.0050000000000000044,0.0050000000000000044,0.3017888535950171
zigzag_session_2026-03-23T03:35:17Z.json,path,zigzag,2026-03-23T03:34:33Z,unknown,moved,0.7439613526570048,0.5933333333333334,15.149059249990387,0.016749125003116205,0.0012077294685990392,0.0033333333333334103,0.0035453803153447645,0.2116755540773109
zigzag_session_2026-03-23T03:35:17Z.json,path,zigzag,2026-03-23T03:34:33Z,unknown,moved,0.7439613526570048,0.5916666666666667,15.21546124998713,0.06640199999674223,0.0,-0.0016666666666667052,0.0016666666666667052,0.025099645594236226
zigzag_session_2026-03-23T03:35:17Z.json,path,zigzag,2026-03-23T03:34:33Z,unknown,moved,0.7451690821256038,0.585,15.232302249991335,0.016841000004205853,0.0012077294685990392,-0.00666666666666671,0.00677517932705604,0.4023026735564405
zigzag_session_2026-03-23T03:35:17Z.json,path,zigzag,2026-03-23T03:34:33Z,unknown,moved,0.748792270531401,0.5766666666666667,15.248675374983577,0.016373124992242083,0.0036231884057971175,-0.008333333333333304,0.009086910292742336,0.554989368067971
zigzag_session_2026-03-23T03:35:17Z.json,path,zigzag,2026-03-23T03:34:33Z,unknown,moved,0.7596618357487923,0.5616666666666666,15.265712166641606,0.01703679165802896,0.010869565217391353,-0.015000000000000013,0.018524239471976286,1.0873079769832328
zigzag_session_2026-03-23T03:35:17Z.json,path,zigzag,2026-03-23T03:34:33Z,unknown,moved,0.7777777777777778,0.54,15.28232133333222,0.016609166690614074,0.018115942028985477,-0.021666666666666612,0.028242375963116212,1.7004089662774065
zigzag_session_2026-03-23T03:35:17Z.json,path,zigzag,2026-03-23T03:34:33Z,unknown,moved,0.7983091787439613,0.5116666666666667,15.299096583330538,0.01677524999831803,0.020531400966183555,-0.02833333333333332,0.034990230113732895,2.0858246593786194
zigzag_session_2026-03-23T03:35:17Z.json,path,zigzag,2026-03-23T03:34:33Z,unknown,moved,0.8176328502415459,0.485,15.315605374984443,0.016508791653905064,0.019323671497584516,-0.026666666666666727,0.032931981283513365,1.9948147613652563
zigzag_session_2026-03-23T03:35:17Z.json,path,zigzag,2026-03-23T03:34:33Z,unknown,moved,0.8309178743961353,0.46166666666666667,15.332443666644394,0.01683829165995121,0.013285024154589431,-0.023333333333333317,0.02685025719117916,1.5945950891824
zigzag_session_2026-03-23T03:35:17Z.json,path,zigzag,2026-03-23T03:34:33Z,unknown,moved,0.8417874396135265,0.43833333333333335,15.349100499995984,0.01665683335158974,0.010869565217391242,-0.023333333333333317,0.02574086036750841,1.545363384754743
zigzag_session_2026-03-23T03:35:17Z.json,path,zigzag,2026-03-23T03:34:33Z,unknown,moved,0.8490338164251208,0.42333333333333334,15.365623458317714,0.016522958321729675,0.007246376811594235,-0.015000000000000013,0.016658630702900253,1.008211143460439
zigzag_session_2026-03-23T03:35:17Z.json,path,zigzag,2026-03-23T03:34:33Z,unknown,moved,0.8538647342995169,0.4116666666666667,15.382275416661287,0.016651958343572915,0.004830917874396157,-0.011666666666666659,0.012627306863312983,0.7583076178056073
zigzag_session_2026-03-23T03:35:17Z.json,path,zigzag,2026-03-23T03:34:33Z,unknown,moved,0.857487922705314,0.4033333333333333,15.399074416665826,0.016799000004539266,0.0036231884057971175,-0.00833333333333336,0.009086910292742388,0.5409197148810649
zigzag_session_2026-03-23T03:35:17Z.json,path,zigzag,2026-03-23T03:34:33Z,unknown,moved,0.8623188405797102,0.395,15.415950291644549,0.016875874978723004,0.004830917874396157,-0.008333333333333304,0.009632352358256224,0.5707764705771187
zigzag_session_2026-03-23T03:35:17Z.json,path,zigzag,2026-03-23T03:34:33Z,unknown,moved,0.8659420289855072,0.38666666666666666,15.432362833322259,0.01641254167770967,0.0036231884057970065,-0.00833333333333336,0.009086910292742343,0.5536564945990985
zigzag_session_2026-03-23T03:35:17Z.json,path,zigzag,2026-03-23T03:34:33Z,unknown,moved,0.8707729468599034,0.37666666666666665,15.448967208329123,0.016604375006863847,0.004830917874396157,-0.010000000000000009,0.011105753801933503,0.6688450361632192
zigzag_session_2026-03-23T03:35:17Z.json,path,zigzag,2026-03-23T03:34:33Z,unknown,moved,0.8743961352657005,0.36833333333333335,15.465490624977974,0.016523416648851708,0.0036231884057971175,-0.008333333333333304,0.009086910292742336,0.5499413641774765
zigzag_session_2026-03-23T03:35:17Z.json,path,zigzag,2026-03-23T03:34:33Z,unknown,moved,0.8768115942028986,0.3616666666666667,15.482271333312383,0.0167807083344087,0.0024154589371980784,-0.006666666666666654,0.007090760630689372,0.4225543099482772
zigzag_session_2026-03-23T03:35:17Z.json,path,zigzag,2026-03-23T03:34:33Z,unknown,moved,0.8792270531400966,0.36,15.499007499980507,0.016736166668124497,0.0024154589371980784,-0.0016666666666667052,0.002934658354062356,0.17534829882231462
zigzag_session_2026-03-23T03:35:17Z.json,path,zigzag,2026-03-23T03:34:33Z,unknown,moved,0.8792270531400966,0.35833333333333334,15.52410433330806,0.025096833327552304,0.0,-0.0016666666666666496,0.0016666666666666496,0.06640944078139598
zigzag_session_2026-03-23T03:35:17Z.json,path,zigzag,2026-03-23T03:34:33Z,unknown,ended,0.8695652173913043,0.3516666666666667,15.53220070831594,0.008096375007880852,-0.009661835748792313,-0.006666666666666654,0.01173863341624933,1.4498628589736982
zigzag_session_2026-03-23T03:35:17Z.json,path,zigzag,2026-03-23T03:34:33Z,unknown,began,0.0785024154589372,0.415,16.07426883332664,0.5420681250107009,-0.7910628019323671,0.0633333333333333,0.7935940194533969,1.46401159344636
zigzag_session_2026-03-23T03:35:17Z.json,path,zigzag,2026-03-23T03:34:33Z,unknown,moved,0.10265700483091787,0.45166666666666666,16.198803791659884,0.12453495833324268,0.024154589371980673,0.03666666666666668,0.043907728615511954,0.3525735199430461
zigzag_session_2026-03-23T03:35:17Z.json,path,zigzag,2026-03-23T03:34:33Z,unknown,moved,0.10990338164251208,0.4633333333333333,16.215613916661823,0.016810125001939014,0.007246376811594207,0.011666666666666659,0.013733939274902927,0.8170039945163254
zigzag_session_2026-03-23T03:35:17Z.json,path,zigzag,2026-03-23T03:34:33Z,unknown,moved,0.11714975845410629,0.4766666666666667,16.23232379165711,0.016709874995285645,0.007246376811594207,0.013333333333333364,0.015175234913285159,0.9081596910549328
zigzag_session_2026-03-23T03:35:17Z.json,path,zigzag,2026-03-23T03:34:33Z,unknown,moved,0.12560386473429952,0.495,16.24898337497143,0.016659583314321935,0.008454106280193233,0.018333333333333313,0.020188685546808464,1.2118361645607683
zigzag_session_2026-03-23T03:35:17Z.json,path,zigzag,2026-03-23T03:34:33Z,unknown,moved,0.13526570048309178,0.5183333333333333,16.265655458322726,0.01667208335129544,0.009661835748792258,0.023333333333333317,0.02525461372662595,1.5147845169970096
zigzag_session_2026-03-23T03:35:17Z.json,path,zigzag,2026-03-23T03:34:33Z,unknown,moved,0.14492753623188406,0.5433333333333333,16.2822432499961,0.01658779167337343,0.009661835748792286,0.025000000000000022,0.026802072122069996,1.6157709627552432
zigzag_session_2026-03-23T03:35:17Z.json,path,zigzag,2026-03-23T03:34:33Z,unknown,moved,0.15338164251207728,0.565,16.29900804164936,0.016764791653258726,0.008454106280193219,0.021666666666666612,0.023257608592485265,1.3872888535399406
zigzag_session_2026-03-23T03:35:17Z.json,path,zigzag,2026-03-23T03:34:33Z,unknown,moved,0.15942028985507245,0.5833333333333334,16.31590087499353,0.016892833344172686,0.006038647342995168,0.018333333333333424,0.019302237508749525,1.1426287772742387
zigzag_session_2026-03-23T03:35:17Z.json,path,zigzag,2026-03-23T03:34:33Z,unknown,moved,0.16304347826086957,0.5966666666666667,16.332270791666815,0.016369916673284024,0.0036231884057971175,0.013333333333333308,0.013816847397350807,0.8440389571377679
zigzag_session_2026-03-23T03:35:17Z.json,path,zigzag,2026-03-23T03:34:33Z,unknown,moved,0.16545893719806765,0.6033333333333334,16.349040833330946,0.016770041664130986,0.0024154589371980784,0.00666666666666671,0.007090760630689425,0.4228230777658515
zigzag_session_2026-03-23T03:35:17Z.json,path,zigzag,2026-03-23T03:34:33Z,unknown,moved,0.16545893719806765,0.6066666666666667,16.36557999998331,0.016539166652364656,0.0,0.0033333333333332993,0.0033333333333332993,0.20154179490396043
zigzag_session_2026-03-23T03:35:17Z.json,path,zigzag,2026-03-23T03:34:33Z,unknown,moved,0.16545893719806765,0.6033333333333334,16.448777166660875,0.08319716667756438,0.0,-0.0033333333333332993,0.0033333333333332993,0.040065466967785485
zigzag_session_2026-03-23T03:35:17Z.json,path,zigzag,2026-03-23T03:34:33Z,unknown,moved,0.16666666666666666,0.5983333333333334,16.465555249975296,0.016778083314420655,0.0012077294685990114,-0.0050000000000000044,0.005143793392946736,0.30657812913145316
zigzag_session_2026-03-23T03:35:17Z.json,path,zigzag,2026-03-23T03:34:33Z,unknown,moved,0.17028985507246377,0.5883333333333334,16.48209920831141,0.016543958336114883,0.0036231884057971175,-0.010000000000000009,0.010636140946034085,0.6429018213141748
zigzag_session_2026-03-23T03:35:17Z.json,path,zigzag,2026-03-23T03:34:33Z,unknown,moved,0.17632850241545894,0.5666666666666667,16.498903166648233,0.01680395833682269,0.006038647342995168,-0.021666666666666723,0.022492436643847848,1.3385201387080292
zigzag_session_2026-03-23T03:35:17Z.json,path,zigzag,2026-03-23T03:34:33Z,unknown,moved,0.18478260869565216,0.5333333333333333,16.51557150000008,0.01666833335184492,0.008454106280193219,-0.033333333333333326,0.03438870489140167,2.0631159795946474
zigzag_session_2026-03-23T03:35:17Z.json,path,zigzag,2026-03-23T03:34:33Z,unknown,moved,0.1932367149758454,0.495,16.532395458314568,0.016823958314489573,0.008454106280193247,-0.03833333333333333,0.039254507479285064,2.33325040073817
zigzag_session_2026-03-23T03:35:17Z.json,path,zigzag,2026-03-23T03:34:33Z,unknown,moved,0.20169082125603865,0.465,16.549013416661182,0.016617958346614614,0.008454106280193247,-0.02999999999999997,0.031168444186336942,1.8755880557786169
zigzag_session_2026-03-23T03:35:17Z.json,path,zigzag,2026-03-23T03:34:33Z,unknown,moved,0.21014492753623187,0.43833333333333335,16.56585241665016,0.016838999988976866,0.008454106280193219,-0.026666666666666672,0.02797468541570957,1.6613032504318748
zigzag_session_2026-03-23T03:35:17Z.json,path,zigzag,2026-03-23T03:34:33Z,unknown,moved,0.21739130434782608,0.41833333333333333,16.582305124989944,0.016452708339784294,0.007246376811594207,-0.020000000000000018,0.02127228189206816,1.2929349656451183
zigzag_session_2026-03-23T03:35:17Z.json,path,zigzag,2026-03-23T03:34:33Z,unknown,moved,0.22342995169082125,0.405,16.599002833332634,0.01669770834269002,0.006038647342995168,-0.013333333333333308,0.014637043400592884,0.8765899547527274
zigzag_session_2026-03-23T03:35:17Z.json,path,zigzag,2026-03-23T03:34:33Z,unknown,moved,0.22826086956521738,0.395,16.61562729164143,0.01662445830879733,0.004830917874396129,-0.010000000000000009,0.011105753801933491,0.668037032885249
zigzag_session_2026-03-23T03:35:17Z.json,path,zigzag,2026-03-23T03:34:33Z,unknown,moved,0.23309178743961353,0.39,16.63225299998885,0.016625708347419277,0.004830917874396157,-0.0050000000000000044,0.006952536767911431,0.41817988278319806
zigzag_session_2026-03-23T03:35:17Z.json,path,zigzag,2026-03-23T03:34:33Z,unknown,moved,0.23671497584541062,0.385,16.649085333308904,0.016832333320053294,0.00362318840579709,-0.0050000000000000044,0.006174746490658746,0.3668384158779952
zigzag_session_2026-03-23T03:35:17Z.json,path,zigzag,2026-03-23T03:34:33Z,unknown,moved,0.2391304347826087,0.38333333333333336,16.66572320830892,0.0166378750000149,0.0024154589371980784,-0.0016666666666666496,0.0029346583540623243,0.1763842049576461
zigzag_session_2026-03-23T03:35:17Z.json,path,zigzag,2026-03-23T03:34:33Z,unknown,moved,0.24154589371980675,0.38333333333333336,16.682425499981036,0.016702291672118008,0.0024154589371980506,0.0,0.0024154589371980506,0.1446184143239637
zigzag_session_2026-03-23T03:35:17Z.json,path,zigzag,2026-03-23T03:34:33Z,unknown,moved,0.24396135265700483,0.38333333333333336,16.698880833311705,0.01645533333066851,0.0024154589371980784,0.0,0.0024154589371980784,0.14678881847359992
zigzag_session_2026-03-23T03:35:17Z.json,path,zigzag,2026-03-23T03:34:33Z,unknown,moved,0.24516908212560387,0.38333333333333336,16.707298958324827,0.008418125013122335,0.0012077294685990392,0.0,0.0012077294685990392,0.14346775163310205
zigzag_session_2026-03-23T03:35:17Z.json,path,zigzag,2026-03-23T03:34:33Z,unknown,moved,0.2463768115942029,0.38333333333333336,16.72393262499827,0.01663366667344235,0.0012077294685990392,0.0,0.0012077294685990392,0.07260753099780007
zigzag_session_2026-03-23T03:35:17Z.json,path,zigzag,2026-03-23T03:34:33Z,unknown,moved,0.24758454106280192,0.38666666666666666,16.748944291641237,0.02501166664296761,0.0012077294685990114,0.0033333333333332993,0.003545380315344651,0.14174906318533897
zigzag_session_2026-03-23T03:35:17Z.json,path,zigzag,2026-03-23T03:34:33Z,unknown,moved,0.25,0.3933333333333333,16.76559987498331,0.016655583342071623,0.0024154589371980784,0.006666666666666654,0.007090760630689372,0.4257287472350652
zigzag_session_2026-03-23T03:35:17Z.json,path,zigzag,2026-03-23T03:34:33Z,unknown,moved,0.25120772946859904,0.40166666666666667,16.782311958319042,0.01671208333573304,0.0012077294685990392,0.00833333333333336,0.008420395175629668,0.503850717260699
zigzag_session_2026-03-23T03:35:17Z.json,path,zigzag,2026-03-23T03:34:33Z,unknown,moved,0.2536231884057971,0.41333333333333333,16.798974833305692,0.016662874986650422,0.0024154589371980784,0.011666666666666659,0.011914090522922888,0.7150080962899826
zigzag_session_2026-03-23T03:35:17Z.json,path,zigzag,2026-03-23T03:34:33Z,unknown,moved,0.2560386473429952,0.4266666666666667,16.815707333327737,0.016732500022044405,0.0024154589371980784,0.013333333333333364,0.013550358654112025,0.8098227184377688
zigzag_session_2026-03-23T03:35:17Z.json,path,zigzag,2026-03-23T03:34:33Z,unknown,moved,0.2584541062801932,0.43833333333333335,16.832245999976294,0.01653866664855741,0.002415458937198023,0.011666666666666659,0.011914090522922877,0.7203779346965729
zigzag_session_2026-03-23T03:35:17Z.json,path,zigzag,2026-03-23T03:34:33Z,unknown,moved,0.26207729468599034,0.4533333333333333,16.8489620416658,0.0167160416895058,0.0036231884057971175,0.014999999999999958,0.015431380178840173,0.9231479835640678
zigzag_session_2026-03-23T03:35:17Z.json,path,zigzag,2026-03-23T03:34:33Z,unknown,moved,0.2632850241545894,0.4666666666666667,16.865596416639164,0.016634374973364174,0.0012077294685990392,0.013333333333333364,0.013387919489117835,0.8048345375498188
zigzag_session_2026-03-23T03:35:17Z.json,path,zigzag,2026-03-23T03:34:33Z,unknown,moved,0.26570048309178745,0.47833333333333333,16.8823234999727,0.01672708333353512,0.0024154589371980784,0.011666666666666659,0.011914090522922888,0.7122634762652881
zigzag_session_2026-03-23T03:35:17Z.json,path,zigzag,2026-03-23T03:34:33Z,unknown,moved,0.26811594202898553,0.49,16.899086374993203,0.016762875020503998,0.0024154589371980784,0.011666666666666659,0.011914090522922888,0.7107426684473768
zigzag_session_2026-03-23T03:35:17Z.json,path,zigzag,2026-03-23T03:34:33Z,unknown,moved,0.27053140096618356,0.5016666666666667,16.915619166655233,0.016532791662029922,0.002415458937198023,0.011666666666666714,0.011914090522922931,0.7206339235669108
zigzag_session_2026-03-23T03:35:17Z.json,path,zigzag,2026-03-23T03:34:33Z,unknown,moved,0.2741545893719807,0.515,16.932330374984303,0.01671120832907036,0.0036231884057971175,0.013333333333333308,0.013816847397350807,0.8268012177979612
zigzag_session_2026-03-23T03:35:17Z.json,path,zigzag,2026-03-23T03:34:33Z,unknown,moved,0.2777777777777778,0.525,16.948942291666754,0.0166119166824501,0.0036231884057971175,0.010000000000000009,0.010636140946034085,0.6402717488506784
zigzag_session_2026-03-23T03:35:17Z.json,path,zigzag,2026-03-23T03:34:33Z,unknown,moved,0.28140096618357485,0.535,16.965669958328363,0.016727666661608964,0.003623188405797062,0.010000000000000009,0.010636140946034066,0.6358412778779644
zigzag_session_2026-03-23T03:35:17Z.json,path,zigzag,2026-03-23T03:34:33Z,unknown,moved,0.28502415458937197,0.5433333333333333,16.982462583313463,0.0167926249851007,0.0036231884057971175,0.008333333333333304,0.009086910292742336,0.5411250653667737
zigzag_session_2026-03-23T03:35:17Z.json,path,zigzag,2026-03-23T03:34:33Z,unknown,moved,0.2886473429951691,0.5516666666666666,16.999049791658763,0.016587208345299587,0.0036231884057971175,0.008333333333333304,0.009086910292742336,0.5478263794351715
zigzag_session_2026-03-23T03:35:17Z.json,path,zigzag,2026-03-23T03:34:33Z,unknown,moved,0.29347826086956524,0.5583333333333333,17.0155127083126,0.016462916653836146,0.004830917874396157,0.00666666666666671,0.00823299532087838,0.5000933609756172
zigzag_session_2026-03-23T03:35:17Z.json,path,zigzag,2026-03-23T03:34:33Z,unknown,moved,0.29830917874396135,0.565,17.032292666641297,0.01677995832869783,0.004830917874396101,0.006666666666666599,0.008232995320878258,0.490644562972354
zigzag_session_2026-03-23T03:35:17Z.json,path,zigzag,2026-03-23T03:34:33Z,unknown,moved,0.30193236714975846,0.57,17.048918249987764,0.016625583346467465,0.0036231884057971175,0.0050000000000000044,0.006174746490658763,0.37140029086382387
zigzag_session_2026-03-23T03:35:17Z.json,path,zigzag,2026-03-23T03:34:33Z,unknown,moved,0.3055555555555556,0.575,17.065779333323007,0.016861083335243165,0.0036231884057971175,0.0050000000000000044,0.006174746490658763,0.3662129157355068
zigzag_session_2026-03-23T03:35:17Z.json,path,zigzag,2026-03-23T03:34:33Z,unknown,moved,0.30917874396135264,0.5783333333333334,17.08222991664661,0.016450583323603496,0.003623188405797062,0.0033333333333334103,0.004923271812018292,0.29927642778200586
zigzag_session_2026-03-23T03:35:17Z.json,path,zigzag,2026-03-23T03:34:33Z,unknown,moved,0.3115942028985507,0.5783333333333334,17.098917749972316,0.01668783332570456,0.0024154589371980784,0.0,0.0024154589371980784,0.14474371178417184
zigzag_session_2026-03-23T03:35:17Z.json,path,zigzag,2026-03-23T03:34:33Z,unknown,moved,0.31280193236714976,0.5783333333333334,17.14911833332735,0.05020058335503563,0.0012077294685990392,0.0,0.0012077294685990392,0.024058076378466856
zigzag_session_2026-03-23T03:35:17Z.json,path,zigzag,2026-03-23T03:34:33Z,unknown,moved,0.3140096618357488,0.575,17.165162791643525,0.016044458316173404,0.0012077294685990392,-0.0033333333333334103,0.0035453803153447645,0.22097226627906102
zigzag_session_2026-03-23T03:35:17Z.json,path,zigzag,2026-03-23T03:34:33Z,unknown,moved,0.3164251207729469,0.5666666666666667,17.182196791662136,0.01703400001861155,0.0024154589371980784,-0.008333333333333304,0.008676340606599883,0.5093542677656457
zigzag_session_2026-03-23T03:35:17Z.json,path,zigzag,2026-03-23T03:34:33Z,unknown,moved,0.322463768115942,0.5533333333333333,17.19904141666484,0.01684462500270456,0.00603864734299514,-0.013333333333333308,0.014637043400592874,0.8689444495346593
zigzag_session_2026-03-23T03:35:17Z.json,path,zigzag,2026-03-23T03:34:33Z,unknown,moved,0.32971014492753625,0.5333333333333333,17.215697583305882,0.016656166641041636,0.007246376811594235,-0.020000000000000018,0.02127228189206817,1.277141514641922
zigzag_session_2026-03-23T03:35:17Z.json,path,zigzag,2026-03-23T03:34:33Z,unknown,moved,0.33816425120772947,0.505,17.23224008330726,0.016542500001378357,0.008454106280193219,-0.02833333333333332,0.029567713654839456,1.7873787911365155
zigzag_session_2026-03-23T03:35:17Z.json,path,zigzag,2026-03-23T03:34:33Z,unknown,moved,0.34903381642512077,0.4766666666666667,17.24882129166508,0.016581208357820287,0.010869565217391297,-0.02833333333333332,0.03034674983903383,1.830189283202706
zigzag_session_2026-03-23T03:35:17Z.json,path,zigzag,2026-03-23T03:34:33Z,unknown,moved,0.3611111111111111,0.45,17.265583791653626,0.016762499988544732,0.012077294685990336,-0.026666666666666672,0.029274086801185817,1.7464033897802438
zigzag_session_2026-03-23T03:35:17Z.json,path,zigzag,2026-03-23T03:34:33Z,unknown,moved,0.3695652173913043,0.42833333333333334,17.282231749995844,0.01664795834221877,0.008454106280193219,-0.021666666666666667,0.023257608592485317,1.397024675002018
zigzag_session_2026-03-23T03:35:17Z.json,path,zigzag,2026-03-23T03:34:33Z,unknown,moved,0.3756038647342995,0.415,17.298868458310608,0.016636708314763382,0.006038647342995196,-0.013333333333333364,0.014637043400592947,0.8798040528007612
zigzag_session_2026-03-23T03:35:17Z.json,path,zigzag,2026-03-23T03:34:33Z,unknown,moved,0.3804347826086957,0.405,17.315803958306788,0.016935499996179715,0.004830917874396157,-0.009999999999999953,0.011105753801933453,0.6557676953404784
zigzag_session_2026-03-23T03:35:17Z.json,path,zigzag,2026-03-23T03:34:33Z,unknown,moved,0.38405797101449274,0.39666666666666667,17.33217062498443,0.01636666667764075,0.003623188405797062,-0.00833333333333336,0.009086910292742365,0.5552083678197227
zigzag_session_2026-03-23T03:35:17Z.json,path,zigzag,2026-03-23T03:34:33Z,unknown,moved,0.39009661835748793,0.3883333333333333,17.34892591665266,0.01675529166823253,0.006038647342995196,-0.00833333333333336,0.010291244151097953,0.614208594805294
zigzag_session_2026-03-23T03:35:17Z.json,path,zigzag,2026-03-23T03:34:33Z,unknown,moved,0.39492753623188404,0.38166666666666665,17.3656384999922,0.016712583339540288,0.004830917874396101,-0.006666666666666654,0.008232995320878303,0.4926225439606255
zigzag_session_2026-03-23T03:35:17Z.json,path,zigzag,2026-03-23T03:34:33Z,unknown,moved,0.3997584541062802,0.37666666666666665,17.38223654165631,0.016598041664110497,0.004830917874396157,-0.0050000000000000044,0.006952536767911431,0.4188769319060523
zigzag_session_2026-03-23T03:35:17Z.json,path,zigzag,2026-03-23T03:34:33Z,unknown,moved,0.4033816425120773,0.375,17.399032624991378,0.016796083335066214,0.0036231884057971175,-0.0016666666666666496,0.003988141421975953,0.23744472698880134
zigzag_session_2026-03-23T03:35:17Z.json,path,zigzag,2026-03-23T03:34:33Z,unknown,moved,0.4057971014492754,0.375,17.41561583330622,0.016583208314841613,0.0024154589371980784,0.0,0.0024154589371980784,0.14565691338727832
zigzag_session_2026-03-23T03:35:17Z.json,path,zigzag,2026-03-23T03:34:33Z,unknown,moved,0.40700483091787437,0.375,17.43217266665306,0.016556833346839994,0.0012077294685989837,0.0,0.0012077294685989837,0.07294447212814935
zigzag_session_2026-03-23T03:35:17Z.json,path,zigzag,2026-03-23T03:34:33Z,unknown,moved,0.40700483091787437,0.37666666666666665,17.448751041665673,0.016578375012613833,0.0,0.0016666666666666496,0.0016666666666666496,0.1005325712199506
zigzag_session_2026-03-23T03:35:17Z.json,path,zigzag,2026-03-23T03:34:33Z,unknown,moved,0.40700483091787437,0.38333333333333336,17.465590916661313,0.016839874995639548,0.0,0.00666666666666671,0.00666666666666671,0.39588575737010817
zigzag_session_2026-03-23T03:35:17Z.json,path,zigzag,2026-03-23T03:34:33Z,unknown,moved,0.4082125603864734,0.39166666666666666,17.482358833309263,0.016767916647950187,0.0012077294685990392,0.008333333333333304,0.008420395175629614,0.5021730100655631
zigzag_session_2026-03-23T03:35:17Z.json,path,zigzag,2026-03-23T03:34:33Z,unknown,moved,0.40942028985507245,0.40166666666666667,17.49889479164267,0.016535958333406597,0.0012077294685990392,0.010000000000000009,0.010072666502437311,0.6091371482285434
zigzag_session_2026-03-23T03:35:17Z.json,path,zigzag,2026-03-23T03:34:33Z,unknown,moved,0.41183574879227053,0.4116666666666667,17.51550199999474,0.016607208352070302,0.0024154589371980784,0.010000000000000009,0.010287586785893485,0.6194651483740194
zigzag_session_2026-03-23T03:35:17Z.json,path,zigzag,2026-03-23T03:34:33Z,unknown,moved,0.4142512077294686,0.425,17.532304374995874,0.01680237500113435,0.0024154589371980784,0.013333333333333308,0.013550358654111971,0.8064549596826144
zigzag_session_2026-03-23T03:35:17Z.json,path,zigzag,2026-03-23T03:34:33Z,unknown,moved,0.4166666666666667,0.44166666666666665,17.548955041653244,0.016650666657369584,0.0024154589371980784,0.016666666666666663,0.01684079035125928,1.0114183832877075
zigzag_session_2026-03-23T03:35:17Z.json,path,zigzag,2026-03-23T03:34:33Z,unknown,moved,0.4190821256038647,0.455,17.565677374979714,0.016722333326470107,0.002415458937198023,0.013333333333333364,0.013550358654112016,0.8103150672557693
zigzag_session_2026-03-23T03:35:17Z.json,path,zigzag,2026-03-23T03:34:33Z,unknown,moved,0.4214975845410628,0.4683333333333333,17.58223399997223,0.016556624992517754,0.0024154589371980784,0.013333333333333308,0.013550358654111971,0.81842517181102
zigzag_session_2026-03-23T03:35:17Z.json,path,zigzag,2026-03-23T03:34:33Z,unknown,moved,0.4251207729468599,0.48,17.598954291664995,0.016720291692763567,0.0036231884057971175,0.011666666666666659,0.012216325361376618,0.7306287226235272
zigzag_session_2026-03-23T03:35:17Z.json,path,zigzag,2026-03-23T03:34:33Z,unknown,moved,0.428743961352657,0.495,17.615546708315378,0.016592416650382802,0.0036231884057971175,0.015000000000000013,0.015431380178840227,0.9300260778157479
zigzag_session_2026-03-23T03:35:17Z.json,path,zigzag,2026-03-23T03:34:33Z,unknown,moved,0.4335748792270531,0.51,17.632349541643634,0.016802833328256384,0.004830917874396101,0.015000000000000013,0.015758736228173885,0.9378618427210904
zigzag_session_2026-03-23T03:35:17Z.json,path,zigzag,2026-03-23T03:34:33Z,unknown,moved,0.4384057971014493,0.5266666666666666,17.649157874984667,0.016808333341032267,0.004830917874396157,0.016666666666666607,0.017352681213199765,1.032385594759633
zigzag_session_2026-03-23T03:35:17Z.json,path,zigzag,2026-03-23T03:34:33Z,unknown,moved,0.4420289855072464,0.54,17.66550233331509,0.01634445833042264,0.0036231884057971175,0.01333333333333342,0.013816847397350913,0.8453536432977423
zigzag_session_2026-03-23T03:35:17Z.json,path,zigzag,2026-03-23T03:34:33Z,unknown,moved,0.4468599033816425,0.55,17.682291208329843,0.016788875014754012,0.004830917874396101,0.010000000000000009,0.01110575380193348,0.6614948167863407
zigzag_session_2026-03-23T03:35:17Z.json,path,zigzag,2026-03-23T03:34:33Z,unknown,moved,0.4492753623188406,0.56,17.69882429164136,0.01653308331151493,0.0024154589371980784,0.010000000000000009,0.010287586785893485,0.6222424814570678
zigzag_session_2026-03-23T03:35:17Z.json,path,zigzag,2026-03-23T03:34:33Z,unknown,moved,0.45169082125603865,0.5666666666666667,17.71557687499444,0.016752583353081718,0.0024154589371980784,0.006666666666666599,0.007090760630689321,0.4232637128998341
zigzag_session_2026-03-23T03:35:17Z.json,path,zigzag,2026-03-23T03:34:33Z,unknown,moved,0.45410628019323673,0.57,17.732366249983897,0.01678937498945743,0.0024154589371980784,0.0033333333333332993,0.004116497660439145,0.24518468751957845
zigzag_session_2026-03-23T03:35:17Z.json,path,zigzag,2026-03-23T03:34:33Z,unknown,moved,0.4553140096618358,0.5733333333333334,17.748765916650882,0.016399666666984558,0.0012077294685990392,0.0033333333333334103,0.0035453803153447645,0.2161861205680628
zigzag_session_2026-03-23T03:35:17Z.json,path,zigzag,2026-03-23T03:34:33Z,unknown,moved,0.45652173913043476,0.5766666666666667,17.765621791651938,0.01685587500105612,0.0012077294685989837,0.0033333333333332993,0.0035453803153446413,0.21033499092289795
zigzag_session_2026-03-23T03:35:17Z.json,path,zigzag,2026-03-23T03:34:33Z,unknown,moved,0.45652173913043476,0.58,17.782271333329845,0.01664954167790711,0.0,0.0033333333333332993,0.0033333333333332993,0.20020571123326608
zigzag_session_2026-03-23T03:35:17Z.json,path,zigzag,2026-03-23T03:34:33Z,unknown,moved,0.4577294685990338,0.58,17.79050095830462,0.008229624974774197,0.0012077294685990392,0.0,0.0012077294685990392,0.1467538888225191
zigzag_session_2026-03-23T03:35:17Z.json,path,zigzag,2026-03-23T03:34:33Z,unknown,moved,0.45893719806763283,0.58,17.87377970831585,0.08327875001123175,0.0012077294685990392,0.0,0.0012077294685990392,0.01450225259668467
zigzag_session_2026-03-23T03:35:17Z.json,path,zigzag,2026-03-23T03:34:33Z,unknown,moved,0.4613526570048309,0.575,17.89893245830899,0.025152749993139878,0.0024154589371980784,-0.0050000000000000044,0.005552876900966752,0.22076619464993827
zigzag_session_2026-03-23T03:35:17Z.json,path,zigzag,2026-03-23T03:34:33Z,unknown,moved,0.463768115942029,0.5683333333333334,17.91525066664326,0.016318208334269002,0.0024154589371980784,-0.006666666666666599,0.007090760630689321,0.4345305860446941
zigzag_session_2026-03-23T03:35:17Z.json,path,zigzag,2026-03-23T03:34:33Z,unknown,moved,0.46618357487922707,0.5583333333333333,17.932233041647123,0.016982375003863126,0.0024154589371980784,-0.010000000000000009,0.010287586785893485,0.6057802152851577
zigzag_session_2026-03-23T03:35:17Z.json,path,zigzag,2026-03-23T03:34:33Z,unknown,moved,0.4722222222222222,0.5466666666666666,17.94892216665903,0.01668912501190789,0.00603864734299514,-0.011666666666666714,0.013136832679309518,0.7871492765460281
zigzag_session_2026-03-23T03:35:17Z.json,path,zigzag,2026-03-23T03:34:33Z,unknown,moved,0.4782608695652174,0.53,17.965423291665502,0.01650112500647083,0.006038647342995196,-0.016666666666666607,0.017726901576723405,1.0742844242299778
zigzag_session_2026-03-23T03:35:17Z.json,path,zigzag,2026-03-23T03:34:33Z,unknown,moved,0.4867149758454106,0.51,17.98235654164455,0.016933249979047105,0.008454106280193219,-0.020000000000000018,0.021713403993773136,1.2822939495159469
zigzag_session_2026-03-23T03:35:17Z.json,path,zigzag,2026-03-23T03:34:33Z,unknown,moved,0.4975845410628019,0.48833333333333334,17.998857208323898,0.016500666679348797,0.010869565217391297,-0.021666666666666667,0.024240294809666964,1.4690494196822121
zigzag_session_2026-03-23T03:35:17Z.json,path,zigzag,2026-03-23T03:34:33Z,unknown,moved,0.5072463768115942,0.4666666666666667,18.015591791656334,0.01673458333243616,0.009661835748792313,-0.021666666666666667,0.023723311625510585,1.4176218884116687
zigzag_session_2026-03-23T03:35:17Z.json,path,zigzag,2026-03-23T03:34:33Z,unknown,moved,0.5157004830917874,0.44666666666666666,18.03214154165471,0.016549749998375773,0.008454106280193163,-0.020000000000000018,0.02171340399377311,1.3120079757038088
zigzag_session_2026-03-23T03:35:17Z.json,path,zigzag,2026-03-23T03:34:33Z,unknown,moved,0.5217391304347826,0.42833333333333334,18.048710666655097,0.01656912500038743,0.006038647342995196,-0.018333333333333313,0.019302237508749428,1.1649521328554218
zigzag_session_2026-03-23T03:35:17Z.json,path,zigzag,2026-03-23T03:34:33Z,unknown,moved,0.5265700483091788,0.415,18.06561549997423,0.016904833319131285,0.004830917874396157,-0.013333333333333364,0.014181521261378798,0.8389033475609309
zigzag_session_2026-03-23T03:35:17Z.json,path,zigzag,2026-03-23T03:34:33Z,unknown,moved,0.5314009661835749,0.4033333333333333,18.082191124995006,0.016575625020777807,0.004830917874396157,-0.011666666666666659,0.012627306863312983,0.7617997419394114
zigzag_session_2026-03-23T03:35:17Z.json,path,zigzag,2026-03-23T03:34:33Z,unknown,moved,0.535024154589372,0.3933333333333333,18.098802833323134,0.01661170832812786,0.0036231884057971175,-0.010000000000000009,0.010636140946034085,0.6402797795350395
zigzag_session_2026-03-23T03:35:17Z.json,path,zigzag,2026-03-23T03:34:33Z,unknown,moved,0.538647342995169,0.38666666666666666,18.115504416666226,0.016701583343092352,0.0036231884057970065,-0.006666666666666654,0.007587617456642508,0.4543052775760143
zigzag_session_2026-03-23T03:35:17Z.json,path,zigzag,2026-03-23T03:34:33Z,unknown,moved,0.5410628019323671,0.38166666666666665,18.13217791664647,0.016673499980242923,0.0024154589371980784,-0.0050000000000000044,0.005552876900966752,0.33303606966423194
zigzag_session_2026-03-23T03:35:17Z.json,path,zigzag,2026-03-23T03:34:33Z,unknown,moved,0.5422705314009661,0.38,18.14056916665868,0.008391250012209639,0.0012077294685990392,-0.0016666666666666496,0.0020582488302195727,0.2452851276299395
zigzag_session_2026-03-23T03:35:17Z.json,path,zigzag,2026-03-23T03:34:33Z,unknown,moved,0.5434782608695652,0.38,18.1571063749725,0.016537208313820884,0.0012077294685990392,0.0,0.0012077294685990392,0.07303103677962898
zigzag_session_2026-03-23T03:35:17Z.json,path,zigzag,2026-03-23T03:34:33Z,unknown,moved,0.5434782608695652,0.38166666666666665,18.215314458328066,0.05820808335556649,0.0,0.0016666666666666496,0.0016666666666666496,0.028632907503340167
zigzag_session_2026-03-23T03:35:17Z.json,path,zigzag,2026-03-23T03:34:33Z,unknown,moved,0.5434782608695652,0.39,18.232033708307426,0.01671924997936003,0.0,0.00833333333333336,0.00833333333333336,0.498427461974723
zigzag_session_2026-03-23T03:35:17Z.json,path,zigzag,2026-03-23T03:34:33Z,unknown,moved,0.5434782608695652,0.4,18.248913624993293,0.016879916685866192,0.0,0.010000000000000009,0.010000000000000009,0.5924199856017749
zigzag_session_2026-03-23T03:35:17Z.json,path,zigzag,2026-03-23T03:34:33Z,unknown,moved,0.5434782608695652,0.415,18.26554416664294,0.016630541649647057,0.0,0.014999999999999958,0.014999999999999958,0.9019549883583194
zigzag_session_2026-03-23T03:35:17Z.json,path,zigzag,2026-03-23T03:34:33Z,unknown,moved,0.5446859903381642,0.43333333333333335,18.28216883330606,0.01662466666311957,0.0012077294685990392,0.018333333333333368,0.018373070553950283,1.1051692600074443
zigzag_session_2026-03-23T03:35:17Z.json,path,zigzag,2026-03-23T03:34:33Z,unknown,moved,0.5495169082125604,0.455,18.29889574999106,0.016726916685001925,0.004830917874396157,0.021666666666666667,0.022198698429268433,1.3271243497716914
zigzag_session_2026-03-23T03:35:17Z.json,path,zigzag,2026-03-23T03:34:33Z,unknown,moved,0.5567632850241546,0.4766666666666667,18.31568254166632,0.016786791675258428,0.007246376811594235,0.021666666666666667,0.022846321833942005,1.3609701172151045
zigzag_session_2026-03-23T03:35:17Z.json,path,zigzag,2026-03-23T03:34:33Z,unknown,moved,0.5640096618357487,0.49833333333333335,18.33214945832151,0.01646691665519029,0.007246376811594124,0.021666666666666667,0.022846321833941967,1.3874073885435572
zigzag_session_2026-03-23T03:35:17Z.json,path,zigzag,2026-03-23T03:34:33Z,unknown,moved,0.571256038647343,0.5166666666666667,18.348813166638138,0.01666370831662789,0.007246376811594235,0.018333333333333368,0.019713474782663838,1.183018473924723
zigzag_session_2026-03-23T03:35:17Z.json,path,zigzag,2026-03-23T03:34:33Z,unknown,moved,0.5748792270531401,0.53,18.365424624993466,0.016611458355328068,0.0036231884057971175,0.013333333333333308,0.013816847397350807,0.8317660678431102
zigzag_session_2026-03-23T03:35:17Z.json,path,zigzag,2026-03-23T03:34:33Z,unknown,moved,0.5785024154589372,0.5366666666666666,18.382259374979185,0.0168347499857191,0.0036231884057971175,0.006666666666666599,0.007587617456642513,0.45071162108609164
zigzag_session_2026-03-23T03:35:17Z.json,path,zigzag,2026-03-23T03:34:33Z,unknown,moved,0.5809178743961353,0.5416666666666666,18.39895637499285,0.016697000013664365,0.0024154589371980784,0.0050000000000000044,0.005552876900966752,0.3325673412243176
zigzag_session_2026-03-23T03:35:17Z.json,path,zigzag,2026-03-23T03:34:33Z,unknown,moved,0.5821256038647343,0.5433333333333333,18.40733204165008,0.008375666657229885,0.0012077294685990392,0.0016666666666667052,0.0020582488302196174,0.24574149311958762
zigzag_session_2026-03-23T03:35:17Z.json,path,zigzag,2026-03-23T03:34:33Z,unknown,moved,0.5845410628019324,0.545,18.423802916659042,0.01647087500896305,0.0024154589371980784,0.0016666666666667052,0.002934658354062356,0.1781725835734523
zigzag_session_2026-03-23T03:35:17Z.json,path,zigzag,2026-03-23T03:34:33Z,unknown,moved,0.5869565217391305,0.5483333333333333,18.448777166660875,0.024974250001832843,0.0024154589371980784,0.0033333333333332993,0.004116497660439145,0.16482968097688774
zigzag_session_2026-03-23T03:35:17Z.json,path,zigzag,2026-03-23T03:34:33Z,unknown,moved,0.5881642512077294,0.5516666666666666,18.46547312499024,0.016695958329364657,0.0012077294685989282,0.0033333333333332993,0.0035453803153446223,0.2123496145237167
zigzag_session_2026-03-23T03:35:17Z.json,path,zigzag,2026-03-23T03:34:33Z,unknown,moved,0.5893719806763285,0.555,18.482302749995142,0.016829625004902482,0.0012077294685990392,0.0033333333333334103,0.0035453803153447645,0.2106630607819243
zigzag_session_2026-03-23T03:35:17Z.json,path,zigzag,2026-03-23T03:34:33Z,unknown,moved,0.5905797101449275,0.5616666666666666,18.498886499990476,0.016583749995334074,0.0012077294685990392,0.006666666666666599,0.006775179327055931,0.40854326246851064
zigzag_session_2026-03-23T03:35:17Z.json,path,zigzag,2026-03-23T03:34:33Z,unknown,moved,0.5929951690821256,0.57,18.515524166665273,0.016637666674796492,0.0024154589371980784,0.008333333333333304,0.008676340606599883,0.5214878249570419
zigzag_session_2026-03-23T03:35:17Z.json,path,zigzag,2026-03-23T03:34:33Z,unknown,moved,0.5954106280193237,0.5816666666666667,18.532218791660853,0.016694624995579943,0.0024154589371980784,0.011666666666666714,0.011914090522922943,0.7136482865639275
zigzag_session_2026-03-23T03:35:17Z.json,path,zigzag,2026-03-23T03:34:33Z,unknown,moved,0.5966183574879227,0.5933333333333334,18.548913541657384,0.016694749996531755,0.0012077294685990392,0.011666666666666714,0.011729011960963922,0.702556909411675
zigzag_session_2026-03-23T03:35:17Z.json,path,zigzag,2026-03-23T03:34:33Z,unknown,moved,0.5990338164251208,0.6033333333333334,18.565666166658048,0.0167526250006631,0.0024154589371980784,0.010000000000000009,0.010287586785893485,0.6140880480215061
zigzag_session_2026-03-23T03:35:17Z.json,path,zigzag,2026-03-23T03:34:33Z,unknown,moved,0.6002415458937198,0.6116666666666667,18.582150624977658,0.016484458319609985,0.0012077294685990392,0.008333333333333304,0.008420395175629614,0.5108081207383487
zigzag_session_2026-03-23T03:35:17Z.json,path,zigzag,2026-03-23T03:34:33Z,unknown,moved,0.6002415458937198,0.6183333333333333,18.5989102916501,0.01675966667244211,0.0,0.006666666666666599,0.006666666666666599,0.3977803853121129
zigzag_session_2026-03-23T03:35:17Z.json,path,zigzag,2026-03-23T03:34:33Z,unknown,moved,0.6014492753623188,0.6216666666666667,18.615411833307007,0.016501541656907648,0.0012077294685990392,0.0033333333333334103,0.0035453803153447645,0.21485145988530388
zigzag_session_2026-03-23T03:35:17Z.json,path,zigzag,2026-03-23T03:34:33Z,unknown,moved,0.6014492753623188,0.625,18.632224041648442,0.016812208341434598,0.0,0.0033333333333332993,0.0033333333333332993,0.19826861918657757
zigzag_session_2026-03-23T03:35:17Z.json,path,zigzag,2026-03-23T03:34:33Z,unknown,moved,0.6026570048309179,0.625,18.648834416642785,0.016610374994343147,0.0012077294685990392,0.0,0.0012077294685990392,0.0727093439498112
zigzag_session_2026-03-23T03:35:17Z.json,path,zigzag,2026-03-23T03:34:33Z,unknown,moved,0.6038647342995169,0.6183333333333333,18.698582749988418,0.049748333345633,0.0012077294685990392,-0.00666666666666671,0.00677517932705604,0.1361890715008401
zigzag_session_2026-03-23T03:35:17Z.json,path,zigzag,2026-03-23T03:34:33Z,unknown,moved,0.6038647342995169,0.605,18.714998624986038,0.01641587499761954,0.0,-0.013333333333333308,0.013333333333333308,0.8122219092961399
zigzag_session_2026-03-23T03:35:17Z.json,path,zigzag,2026-03-23T03:34:33Z,unknown,moved,0.606280193236715,0.59,18.73238604166545,0.017387416679412127,0.0024154589371980784,-0.015000000000000013,0.01519323671497586,0.8738064426192579
zigzag_session_2026-03-23T03:35:17Z.json,path,zigzag,2026-03-23T03:34:33Z,unknown,moved,0.6099033816425121,0.57,18.74874170831754,0.016355666652088985,0.0036231884057971175,-0.020000000000000018,0.020325537981168013,1.2427214624462883
zigzag_session_2026-03-23T03:35:17Z.json,path,zigzag,2026-03-23T03:34:33Z,unknown,moved,0.6171497584541062,0.5466666666666666,18.765514374972554,0.0167726666550152,0.007246376811594124,-0.023333333333333317,0.024432650722753205,1.456694467569806
zigzag_session_2026-03-23T03:35:17Z.json,path,zigzag,2026-03-23T03:34:33Z,unknown,moved,0.6280193236714976,0.5183333333333333,18.782145458331797,0.016631083359243348,0.010869565217391353,-0.02833333333333332,0.030346749839033852,1.8247007235501294
zigzag_session_2026-03-23T03:35:17Z.json,path,zigzag,2026-03-23T03:34:33Z,unknown,moved,0.6413043478260869,0.49,18.79891629164922,0.01677083331742324,0.01328502415458932,-0.02833333333333332,0.031293284336512184,1.8659349684193423
zigzag_session_2026-03-23T03:35:17Z.json,path,zigzag,2026-03-23T03:34:33Z,unknown,moved,0.6509661835748792,0.4666666666666667,18.81563924998045,0.016722958331229165,0.009661835748792313,-0.023333333333333317,0.025254613726625966,1.510176203660355
zigzag_session_2026-03-23T03:35:17Z.json,path,zigzag,2026-03-23T03:34:33Z,unknown,moved,0.6594202898550725,0.44666666666666666,18.83220091665862,0.016561666678171605,0.008454106280193274,-0.020000000000000018,0.021713403993773157,1.3110639415531518
zigzag_session_2026-03-23T03:35:17Z.json,path,zigzag,2026-03-23T03:34:33Z,unknown,moved,0.6654589371980676,0.425,18.848855874995934,0.016654958337312564,0.006038647342995085,-0.021666666666666667,0.02249243664384777,1.3504949209904262
zigzag_session_2026-03-23T03:35:17Z.json,path,zigzag,2026-03-23T03:34:33Z,unknown,moved,0.6702898550724637,0.4083333333333333,18.865503999986686,0.016648124990751967,0.004830917874396157,-0.016666666666666663,0.01735268121319982,1.042320454876404
zigzag_session_2026-03-23T03:35:17Z.json,path,zigzag,2026-03-23T03:34:33Z,unknown,moved,0.6763285024154589,0.39166666666666666,18.882082791649736,0.01657879166305065,0.006038647342995196,-0.016666666666666663,0.017726901576723457,1.0692517245530995
zigzag_session_2026-03-23T03:35:17Z.json,path,zigzag,2026-03-23T03:34:33Z,unknown,moved,0.6799516908212561,0.37833333333333335,18.89893337499234,0.016850583342602476,0.0036231884057971175,-0.013333333333333308,0.013816847397350807,0.8199625565732417
zigzag_session_2026-03-23T03:35:17Z.json,path,zigzag,2026-03-23T03:34:33Z,unknown,moved,0.6835748792270532,0.37166666666666665,18.91548541665543,0.016552041663089767,0.0036231884057971175,-0.00666666666666671,0.0075876174566426105,0.4584097606256406
zigzag_session_2026-03-23T03:35:17Z.json,path,zigzag,2026-03-23T03:34:33Z,unknown,moved,0.6835748792270532,0.37,18.92383520831936,0.008349791663931683,0.0,-0.0016666666666666496,0.0016666666666666496,0.19960577865266918
zigzag_session_2026-03-23T03:35:17Z.json,path,zigzag,2026-03-23T03:34:33Z,unknown,moved,0.6847826086956522,0.37,18.940597874985542,0.016762666666181758,0.0012077294685990392,0.0,0.0012077294685990392,0.07204876721885796
zigzag_session_2026-03-23T03:35:17Z.json,path,zigzag,2026-03-23T03:34:33Z,unknown,moved,0.6847826086956522,0.37333333333333335,18.982236833311617,0.041638958326075226,0.0,0.003333333333333355,0.003333333333333355,0.08005323541549667
zigzag_session_2026-03-23T03:35:17Z.json,path,zigzag,2026-03-23T03:34:33Z,unknown,moved,0.6847826086956522,0.385,18.998712499975227,0.016475666663609445,0.0,0.011666666666666659,0.011666666666666659,0.7081149980070522
zigzag_session_2026-03-23T03:35:17Z.json,path,zigzag,2026-03-23T03:34:33Z,unknown,moved,0.6871980676328503,0.40166666666666667,19.015484249975998,0.016771750000771135,0.0024154589371980784,0.016666666666666663,0.01684079035125928,1.0041164667065137
zigzag_session_2026-03-23T03:35:17Z.json,path,zigzag,2026-03-23T03:34:33Z,unknown,moved,0.6908212560386473,0.4216666666666667,19.03208145831013,0.01659720833413303,0.0036231884057970065,0.020000000000000018,0.020325537981167992,1.2246359491293157
zigzag_session_2026-03-23T03:35:17Z.json,path,zigzag,2026-03-23T03:34:33Z,unknown,moved,0.6980676328502415,0.445,19.04885883332463,0.01677737501449883,0.007246376811594235,0.023333333333333317,0.024432650722753236,1.4562856645714122
zigzag_session_2026-03-23T03:35:17Z.json,path,zigzag,2026-03-23T03:34:33Z,unknown,moved,0.7065217391304348,0.465,19.06566962497891,0.016810791654279456,0.008454106280193274,0.020000000000000018,0.021713403993773157,1.2916348284077188
zigzag_session_2026-03-23T03:35:17Z.json,path,zigzag,2026-03-23T03:34:33Z,unknown,moved,0.714975845410628,0.48333333333333334,19.082217874994967,0.016548250016057864,0.008454106280193163,0.018333333333333313,0.020188685546808437,1.219989154576346
zigzag_session_2026-03-23T03:35:17Z.json,path,zigzag,2026-03-23T03:34:33Z,unknown,moved,0.7234299516908212,0.5016666666666667,19.09875891666161,0.01654104166664183,0.008454106280193274,0.018333333333333368,0.020188685546808534,1.2205208084036734
zigzag_session_2026-03-23T03:35:17Z.json,path,zigzag,2026-03-23T03:34:33Z,unknown,moved,0.7306763285024155,0.5183333333333333,19.11543141666334,0.01667250000173226,0.007246376811594235,0.016666666666666607,0.01817382058548467,1.0900477183143755
zigzag_session_2026-03-23T03:35:17Z.json,path,zigzag,2026-03-23T03:34:33Z,unknown,moved,0.7355072463768116,0.5333333333333333,19.132187958311988,0.016756541648646817,0.004830917874396157,0.015000000000000013,0.015758736228173902,0.9404527830745139
zigzag_session_2026-03-23T03:35:17Z.json,path,zigzag,2026-03-23T03:34:33Z,unknown,moved,0.7391304347826086,0.5466666666666666,19.148904041649075,0.016716083337087184,0.0036231884057970065,0.013333333333333308,0.013816847397350777,0.8265600929791963
zigzag_session_2026-03-23T03:35:17Z.json,path,zigzag,2026-03-23T03:34:33Z,unknown,moved,0.7427536231884058,0.5566666666666666,19.165408458327875,0.016504416678799316,0.0036231884057971175,0.010000000000000009,0.010636140946034085,0.6444421001377587
zigzag_session_2026-03-23T03:35:17Z.json,path,zigzag,2026-03-23T03:34:33Z,unknown,moved,0.7475845410628019,0.5666666666666667,19.182082416664343,0.016673958336468786,0.004830917874396157,0.010000000000000009,0.011105753801933503,0.6660538294403272
zigzag_session_2026-03-23T03:35:17Z.json,path,zigzag,2026-03-23T03:34:33Z,unknown,moved,0.75,0.5733333333333334,19.19878716664971,0.016704749985365197,0.0024154589371980784,0.00666666666666671,0.007090760630689425,0.42447571121396865
zigzag_session_2026-03-23T03:35:17Z.json,path,zigzag,2026-03-23T03:34:33Z,unknown,moved,0.7524154589371981,0.5766666666666667,19.215535041643307,0.01674787499359809,0.0024154589371980784,0.0033333333333332993,0.004116497660439145,0.2457922370457557
zigzag_session_2026-03-23T03:35:17Z.json,path,zigzag,2026-03-23T03:34:33Z,unknown,moved,0.7548309178743962,0.58,19.232295874971896,0.016760833328589797,0.0024154589371980784,0.0033333333333332993,0.004116497660439145,0.24560220722542644
zigzag_session_2026-03-23T03:35:17Z.json,path,zigzag,2026-03-23T03:34:33Z,unknown,moved,0.7560386473429952,0.58,19.273977583332453,0.04168170836055651,0.0012077294685990392,0.0,0.0012077294685990392,0.028975047235393934
zigzag_session_2026-03-23T03:35:17Z.json,path,zigzag,2026-03-23T03:34:33Z,unknown,moved,0.7584541062801933,0.575,19.298547958314884,0.02457037498243153,0.0024154589371980784,-0.0050000000000000044,0.005552876900966752,0.22599886672210764
zigzag_session_2026-03-23T03:35:17Z.json,path,zigzag,2026-03-23T03:34:33Z,unknown,moved,0.7632850241545893,0.5666666666666667,19.315534124994883,0.01698616667999886,0.004830917874396046,-0.008333333333333304,0.009632352358256168,0.5670704014460322
zigzag_session_2026-03-23T03:35:17Z.json,path,zigzag,2026-03-23T03:34:33Z,unknown,moved,0.7729468599033816,0.555,19.332131083327113,0.016596958332229406,0.009661835748792313,-0.011666666666666603,0.015148009147995349,0.9126979079401337
zigzag_session_2026-03-23T03:35:17Z.json,path,zigzag,2026-03-23T03:34:33Z,unknown,moved,0.782608695652174,0.54,19.348834499978693,0.016703416651580483,0.009661835748792313,-0.015000000000000013,0.017842395299864915,1.0681883636170126
zigzag_session_2026-03-23T03:35:17Z.json,path,zigzag,2026-03-23T03:34:33Z,unknown,moved,0.7958937198067633,0.5166666666666667,19.365395124972565,0.016560624993871897,0.01328502415458932,-0.023333333333333317,0.026850257191179106,1.6213311515184234
zigzag_session_2026-03-23T03:35:17Z.json,path,zigzag,2026-03-23T03:34:33Z,unknown,moved,0.8103864734299517,0.48833333333333334,19.38214958331082,0.016754458338255063,0.01449275362318847,-0.028333333333333377,0.03182479670571711,1.899482278878112
zigzag_session_2026-03-23T03:35:17Z.json,path,zigzag,2026-03-23T03:34:33Z,unknown,moved,0.8260869565217391,0.46,19.398884166643256,0.01673458333243616,0.0157004830917874,-0.02833333333333332,0.03239263723584851,1.9356703774669308
zigzag_session_2026-03-23T03:35:17Z.json,path,zigzag,2026-03-23T03:34:33Z,unknown,moved,0.8393719806763285,0.43,19.41544029166107,0.016556125017814338,0.01328502415458932,-0.030000000000000027,0.03280993548893419,1.9817400178864804
zigzag_session_2026-03-23T03:35:17Z.json,path,zigzag,2026-03-23T03:34:33Z,unknown,moved,0.8526570048309179,0.3983333333333333,19.432108041655738,0.016667749994667247,0.013285024154589431,-0.031666666666666676,0.03434049569481785,2.060295823119791
zigzag_session_2026-03-23T03:35:17Z.json,path,zigzag,2026-03-23T03:34:33Z,unknown,moved,0.8659420289855072,0.36333333333333334,19.448749333329033,0.0166412916732952,0.01328502415458932,-0.034999999999999976,0.037436504468072604,2.2496153064937943
zigzag_session_2026-03-23T03:35:17Z.json,path,zigzag,2026-03-23T03:34:33Z,unknown,moved,0.8768115942028986,0.3333333333333333,19.46530554164201,0.016556208312977105,0.010869565217391353,-0.030000000000000027,0.03190842283810225,1.9272784103043543
zigzag_session_2026-03-23T03:35:17Z.json,path,zigzag,2026-03-23T03:34:33Z,unknown,moved,0.8840579710144928,0.31,19.4822924999753,0.016986958333291113,0.007246376811594235,-0.023333333333333317,0.024432650722753236,1.4383181640511842
zigzag_session_2026-03-23T03:35:17Z.json,path,zigzag,2026-03-23T03:34:33Z,unknown,moved,0.8876811594202898,0.29833333333333334,19.498885458306177,0.016592958330875263,0.0036231884057970065,-0.011666666666666659,0.012216325361376585,0.7362355233933855
zigzag_session_2026-03-23T03:35:17Z.json,path,zigzag,2026-03-23T03:34:33Z,unknown,ended,0.8840579710144928,0.3,19.606149666651618,0.10726420834544115,-0.0036231884057970065,0.0016666666666666496,0.003988141421975852,0.037180542172391404
zigzag_session_2026-03-23T03:35:17Z.json,path,zigzag,2026-03-23T03:34:33Z,unknown,began,0.10024154589371981,0.38333333333333336,20.29075570832356,0.6846060416719411,-0.783816425120773,0.08333333333333337,0.7882338693138939,1.1513685555401667
zigzag_session_2026-03-23T03:35:17Z.json,path,zigzag,2026-03-23T03:34:33Z,unknown,moved,0.11594202898550725,0.395,20.39019129166263,0.09943558333907276,0.01570048309178744,0.011666666666666659,0.019560579756914522,0.19671609598963635
zigzag_session_2026-03-23T03:35:17Z.json,path,zigzag,2026-03-23T03:34:33Z,unknown,moved,0.11714975845410629,0.405,20.398839083325583,0.008647791662951931,0.0012077294685990392,0.010000000000000009,0.010072666502437311,1.1647674799555703
zigzag_session_2026-03-23T03:35:17Z.json,path,zigzag,2026-03-23T03:34:33Z,unknown,moved,0.12439613526570048,0.43,20.415293250000104,0.01645416667452082,0.0072463768115941934,0.024999999999999967,0.026029021819799693,1.5819106694783565
zigzag_session_2026-03-23T03:35:17Z.json,path,zigzag,2026-03-23T03:34:33Z,unknown,moved,0.13043478260869565,0.455,20.431753291661153,0.016460041661048308,0.006038647342995168,0.025000000000000022,0.025718966964733705,1.5625092265468612
zigzag_session_2026-03-23T03:35:17Z.json,path,zigzag,2026-03-23T03:34:33Z,unknown,moved,0.13647342995169082,0.48,20.44886620831676,0.01711291665560566,0.006038647342995168,0.024999999999999967,0.025718966964733653,1.5028979268889806
zigzag_session_2026-03-23T03:35:17Z.json,path,zigzag,2026-03-23T03:34:33Z,unknown,moved,0.14009661835748793,0.505,20.46519654165604,0.016330333339283243,0.0036231884057971175,0.025000000000000022,0.025261185526888948,1.5468873171206001
zigzag_session_2026-03-23T03:35:17Z.json,path,zigzag,2026-03-23T03:34:33Z,unknown,moved,0.14492753623188406,0.5316666666666666,20.48194783332292,0.016751291666878387,0.004830917874396129,0.026666666666666616,0.027100717308223936,1.6178285141920743
zigzag_session_2026-03-23T03:35:17Z.json,path,zigzag,2026-03-23T03:34:33Z,unknown,moved,0.15096618357487923,0.5533333333333333,20.498786249983823,0.01683841666090302,0.006038647342995168,0.021666666666666723,0.022492436643847848,1.3357809761337507
zigzag_session_2026-03-23T03:35:17Z.json,path,zigzag,2026-03-23T03:34:33Z,unknown,moved,0.1570048309178744,0.5733333333333334,20.515327124972828,0.016540874989004806,0.006038647342995168,0.020000000000000018,0.020891751045162856,1.2630378416528873
zigzag_session_2026-03-23T03:35:17Z.json,path,zigzag,2026-03-23T03:34:33Z,unknown,moved,0.16304347826086957,0.5883333333333334,20.53225941665005,0.016932291677221656,0.006038647342995168,0.015000000000000013,0.016169887499084927,0.954973361393109
zigzag_session_2026-03-23T03:35:17Z.json,path,zigzag,2026-03-23T03:34:33Z,unknown,moved,0.16666666666666666,0.5983333333333334,20.548801166645717,0.016541749995667487,0.00362318840579709,0.010000000000000009,0.010636140946034076,0.6429876493611515
zigzag_session_2026-03-23T03:35:17Z.json,path,zigzag,2026-03-23T03:34:33Z,unknown,moved,0.17028985507246377,0.6016666666666667,20.56529395832331,0.016492791677592322,0.0036231884057971175,0.0033333333333332993,0.004923271812018258,0.29851051952030566
zigzag_session_2026-03-23T03:35:17Z.json,path,zigzag,2026-03-23T03:34:33Z,unknown,moved,0.17149758454106281,0.6016666666666667,20.573938499990618,0.008644541667308658,0.0012077294685990392,0.0,0.0012077294685990392,0.13971006388532414
zigzag_session_2026-03-23T03:35:17Z.json,path,zigzag,2026-03-23T03:34:33Z,unknown,moved,0.17270531400966183,0.5983333333333334,20.615546458313474,0.041607958322856575,0.0012077294685990114,-0.0033333333333332993,0.003545380315344651,0.08520918733465133
zigzag_session_2026-03-23T03:35:17Z.json,path,zigzag,2026-03-23T03:34:33Z,unknown,moved,0.17391304347826086,0.5916666666666667,20.63190216664225,0.0163557083287742,0.0012077294685990392,-0.00666666666666671,0.00677517932705604,0.4142394319380612
zigzag_session_2026-03-23T03:35:17Z.json,path,zigzag,2026-03-23T03:34:33Z,unknown,moved,0.17632850241545894,0.58,20.648850041645346,0.01694787500309758,0.0024154589371980784,-0.011666666666666714,0.011914090522922943,0.7029843281677138
zigzag_session_2026-03-23T03:35:17Z.json,path,zigzag,2026-03-23T03:34:33Z,unknown,moved,0.17995169082125603,0.5666666666666667,20.6654189999972,0.016568958351854235,0.00362318840579709,-0.013333333333333308,0.0138168473973508,0.8338995791974185
zigzag_session_2026-03-23T03:35:17Z.json,path,zigzag,2026-03-23T03:34:33Z,unknown,moved,0.18719806763285024,0.55,20.682061416649958,0.016642416652757674,0.007246376811594207,-0.016666666666666607,0.01817382058548466,1.0920181224085164
zigzag_session_2026-03-23T03:35:17Z.json,path,zigzag,2026-03-23T03:34:33Z,unknown,moved,0.1956521739130435,0.5283333333333333,20.698841041652486,0.01677962500252761,0.008454106280193247,-0.021666666666666723,0.02325760859248538,1.3860624769017158
zigzag_session_2026-03-23T03:35:17Z.json,path,zigzag,2026-03-23T03:34:33Z,unknown,moved,0.2041062801932367,0.505,20.71544991666451,0.016608875012025237,0.008454106280193219,-0.023333333333333317,0.02481766220741281,1.494241012076026
zigzag_session_2026-03-23T03:35:17Z.json,path,zigzag,2026-03-23T03:34:33Z,unknown,moved,0.21739130434782608,0.4816666666666667,20.732056249980815,0.01660633331630379,0.013285024154589375,-0.023333333333333317,0.026850257191179134,1.6168684970822578
zigzag_session_2026-03-23T03:35:17Z.json,path,zigzag,2026-03-23T03:34:33Z,unknown,moved,0.22946859903381642,0.4583333333333333,20.748814083315665,0.016757833334850147,0.012077294685990336,-0.023333333333333373,0.02627366535861901,1.56784381570256
zigzag_session_2026-03-23T03:35:17Z.json,path,zigzag,2026-03-23T03:34:33Z,unknown,moved,0.24033816425120774,0.43333333333333335,20.76542787498329,0.016613791667623445,0.010869565217391325,-0.024999999999999967,0.02726073087822705,1.6408494474715307
zigzag_session_2026-03-23T03:35:17Z.json,path,zigzag,2026-03-23T03:34:33Z,unknown,moved,0.25,0.415,20.78216629163944,0.016738416656153277,0.009661835748792258,-0.018333333333333368,0.020723469331840952,1.238078233894525
zigzag_session_2026-03-23T03:35:17Z.json,path,zigzag,2026-03-23T03:34:33Z,unknown,moved,0.2584541062801932,0.4,20.798689583316445,0.016523291677003726,0.008454106280193219,-0.014999999999999958,0.017218359764995073,1.04206595765411
zigzag_session_2026-03-23T03:35:17Z.json,path,zigzag,2026-03-23T03:34:33Z,unknown,moved,0.2644927536231884,0.39166666666666666,20.81545483332593,0.01676525000948459,0.006038647342995196,-0.00833333333333336,0.010291244151097953,0.6138437628592415
zigzag_session_2026-03-23T03:35:17Z.json,path,zigzag,2026-03-23T03:34:33Z,unknown,moved,0.26811594202898553,0.3883333333333333,20.832034666644176,0.01657983331824653,0.0036231884057971175,-0.003333333333333355,0.004923271812018295,0.29694338402064085
zigzag_session_2026-03-23T03:35:17Z.json,path,zigzag,2026-03-23T03:34:33Z,unknown,moved,0.27053140096618356,0.3883333333333333,20.84872962499503,0.016694958350853994,0.002415458937198023,0.0,0.002415458937198023,0.14468193848920055
zigzag_session_2026-03-23T03:35:17Z.json,path,zigzag,2026-03-23T03:34:33Z,unknown,moved,0.27294685990338163,0.3883333333333333,20.865558958321344,0.016829333326313645,0.0024154589371980784,0.0,0.0024154589371980784,0.14352671554858132
zigzag_session_2026-03-23T03:35:17Z.json,path,zigzag,2026-03-23T03:34:33Z,unknown,moved,0.2753623188405797,0.3883333333333333,20.88197212497471,0.016413166653364897,0.0024154589371980784,0.0,0.0024154589371980784,0.14716593014687268
zigzag_session_2026-03-23T03:35:17Z.json,path,zigzag,2026-03-23T03:34:33Z,unknown,moved,0.27657004830917875,0.39,20.898571083322167,0.016598958347458392,0.0012077294685990392,0.0016666666666667052,0.0020582488302196174,0.12399867432252297
zigzag_session_2026-03-23T03:35:17Z.json,path,zigzag,2026-03-23T03:34:33Z,unknown,moved,0.27898550724637683,0.3933333333333333,20.915566083305748,0.016994999983580783,0.0024154589371980784,0.0033333333333332993,0.004116497660439145,0.24221816207214933
zigzag_session_2026-03-23T03:35:17Z.json,path,zigzag,2026-03-23T03:34:33Z,unknown,moved,0.28140096618357485,0.40166666666666667,20.932043749984587,0.016477666678838432,0.002415458937198023,0.00833333333333336,0.00867634060659992,0.5265515303657997
zigzag_session_2026-03-23T03:35:17Z.json,path,zigzag,2026-03-23T03:34:33Z,unknown,moved,0.28502415458937197,0.41333333333333333,20.94887620830559,0.016832458321005106,0.0036231884057971175,0.011666666666666659,0.012216325361376618,0.7257600243769474
zigzag_session_2026-03-23T03:35:17Z.json,path,zigzag,2026-03-23T03:34:33Z,unknown,moved,0.29106280193236717,0.42833333333333334,20.965418624982703,0.01654241667711176,0.006038647342995196,0.015000000000000013,0.016169887499084937,0.9774803654569857
zigzag_session_2026-03-23T03:35:17Z.json,path,zigzag,2026-03-23T03:34:33Z,unknown,moved,0.2971014492753623,0.4483333333333333,20.98209654164384,0.016677916661137715,0.00603864734299514,0.019999999999999962,0.020891751045162797,1.2526595179507047
zigzag_session_2026-03-23T03:35:17Z.json,path,zigzag,2026-03-23T03:34:33Z,unknown,moved,0.30193236714975846,0.465,20.998712666652864,0.016616125009022653,0.004830917874396157,0.01666666666666672,0.017352681213199873,1.044327796268821
zigzag_session_2026-03-23T03:35:17Z.json,path,zigzag,2026-03-23T03:34:33Z,unknown,moved,0.3079710144927536,0.48333333333333334,21.015282916661818,0.016570250008953735,0.00603864734299514,0.018333333333333313,0.01930223750874941,1.1648730404381011
zigzag_session_2026-03-23T03:35:17Z.json,path,zigzag,2026-03-23T03:34:33Z,unknown,moved,0.3115942028985507,0.5033333333333333,21.032152874977328,0.016869958315510303,0.0036231884057971175,0.019999999999999962,0.020325537981167957,1.2048362895171223
zigzag_session_2026-03-23T03:35:17Z.json,path,zigzag,2026-03-23T03:34:33Z,unknown,moved,0.3140096618357488,0.525,21.048766166641144,0.0166132916638162,0.0024154589371980784,0.021666666666666723,0.02180089186986938,1.3122560122959732
zigzag_session_2026-03-23T03:35:17Z.json,path,zigzag,2026-03-23T03:34:33Z,unknown,moved,0.3176328502415459,0.545,21.065338208311005,0.016572041669860482,0.0036231884057971175,0.020000000000000018,0.020325537981168013,1.226495708017317
zigzag_session_2026-03-23T03:35:17Z.json,path,zigzag,2026-03-23T03:34:33Z,unknown,moved,0.32004830917874394,0.5616666666666666,21.081962666648906,0.01662445833790116,0.002415458937198023,0.016666666666666607,0.016840790351259217,1.0130128759061494
zigzag_session_2026-03-23T03:35:17Z.json,path,zigzag,2026-03-23T03:34:33Z,unknown,moved,0.322463768115942,0.5783333333333334,21.09867529166513,0.016712625016225502,0.0024154589371980784,0.01666666666666672,0.016840790351259335,1.007668773451771
zigzag_session_2026-03-23T03:35:17Z.json,path,zigzag,2026-03-23T03:34:33Z,unknown,moved,0.3248792270531401,0.5916666666666667,21.115346249978757,0.016670958313625306,0.0024154589371980784,0.013333333333333308,0.013550358654111971,0.8128122210609307
zigzag_session_2026-03-23T03:35:17Z.json,path,zigzag,2026-03-23T03:34:33Z,unknown,moved,0.3272946859903382,0.5983333333333334,21.131908499985002,0.01656225000624545,0.0024154589371980784,0.00666666666666671,0.007090760630689425,0.42812785871578884
zigzag_session_2026-03-23T03:35:17Z.json,path,zigzag,2026-03-23T03:34:33Z,unknown,moved,0.3285024154589372,0.6016666666666667,21.148864458315074,0.016955958330072463,0.0012077294685990392,0.0033333333333332993,0.0035453803153446604,0.2090934789015555
zigzag_session_2026-03-23T03:35:17Z.json,path,zigzag,2026-03-23T03:34:33Z,unknown,moved,0.3285024154589372,0.6,21.215232291666325,0.06636783335125074,0.0,-0.0016666666666667052,0.0016666666666667052,0.025112567075165727
zigzag_session_2026-03-23T03:35:17Z.json,path,zigzag,2026-03-23T03:34:33Z,unknown,moved,0.3285024154589372,0.5966666666666667,21.231938833312597,0.016706541646271944,0.0,-0.0033333333333332993,0.0033333333333332993,0.19952264232239417
zigzag_session_2026-03-23T03:35:17Z.json,path,zigzag,2026-03-23T03:34:33Z,unknown,moved,0.3285024154589372,0.5933333333333334,21.2487327499839,0.016793916671304032,0.0,-0.0033333333333332993,0.0033333333333332993,0.19848457025090557
zigzag_session_2026-03-23T03:35:17Z.json,path,zigzag,2026-03-23T03:34:33Z,unknown,moved,0.32971014492753625,0.5883333333333334,21.265365374973044,0.01663262498914264,0.0012077294685990392,-0.0050000000000000044,0.005143793392946743,0.30925926582872404
zigzag_session_2026-03-23T03:35:17Z.json,path,zigzag,2026-03-23T03:34:33Z,unknown,moved,0.3321256038647343,0.5783333333333334,21.282126291655004,0.016760916681960225,0.002415458937198023,-0.010000000000000009,0.010287586785893471,0.6137842566192099
zigzag_session_2026-03-23T03:35:17Z.json,path,zigzag,2026-03-23T03:34:33Z,unknown,moved,0.33816425120772947,0.5666666666666667,21.298620874993503,0.01649458333849907,0.006038647342995196,-0.011666666666666714,0.013136832679309544,0.7964331326058786
zigzag_session_2026-03-23T03:35:17Z.json,path,zigzag,2026-03-23T03:34:33Z,unknown,moved,0.34782608695652173,0.55,21.315423083317,0.016802208323497325,0.009661835748792258,-0.016666666666666607,0.01926470471651242,1.1465579015331797
zigzag_session_2026-03-23T03:35:17Z.json,path,zigzag,2026-03-23T03:34:33Z,unknown,moved,0.35990338164251207,0.5283333333333333,21.33204429165926,0.016621208342257887,0.012077294685990336,-0.021666666666666723,0.024805352071210304,1.492391621621455
zigzag_session_2026-03-23T03:35:17Z.json,path,zigzag,2026-03-23T03:34:33Z,unknown,moved,0.3695652173913043,0.505,21.348651083331788,0.016606791672529653,0.009661835748792258,-0.023333333333333317,0.02525461372662595,1.520740081806482
zigzag_session_2026-03-23T03:35:17Z.json,path,zigzag,2026-03-23T03:34:33Z,unknown,moved,0.3780193236714976,0.48333333333333334,21.365446999989217,0.01679591665742919,0.008454106280193274,-0.021666666666666667,0.023257608592485338,1.3847180280093856
zigzag_session_2026-03-23T03:35:17Z.json,path,zigzag,2026-03-23T03:34:33Z,unknown,moved,0.38405797101449274,0.46166666666666667,21.381961916660657,0.016514916671440005,0.00603864734299514,-0.021666666666666667,0.02249243664384779,1.3619467231551328
zigzag_session_2026-03-23T03:35:17Z.json,path,zigzag,2026-03-23T03:34:33Z,unknown,moved,0.39009661835748793,0.44166666666666665,21.398705708328635,0.016743791667977348,0.006038647342995196,-0.020000000000000018,0.020891751045162863,1.247731186545908
zigzag_session_2026-03-23T03:35:17Z.json,path,zigzag,2026-03-23T03:34:33Z,unknown,moved,0.39492753623188404,0.425,21.41547933331458,0.01677362498594448,0.004830917874396101,-0.016666666666666663,0.017352681213199803,1.0345218298215528
zigzag_session_2026-03-23T03:35:17Z.json,path,zigzag,2026-03-23T03:34:33Z,unknown,moved,0.3973429951690821,0.41833333333333333,21.431980666646268,0.01650133333168924,0.0024154589371980784,-0.006666666666666654,0.007090760630689372,0.4297083446628062
zigzag_session_2026-03-23T03:35:17Z.json,path,zigzag,2026-03-23T03:34:33Z,unknown,moved,0.3973429951690821,0.4166666666666667,21.440314791660057,0.008334125013789162,0.0,-0.0016666666666666496,0.0016666666666666496,0.19998100147394948
zigzag_session_2026-03-23T03:35:17Z.json,path,zigzag,2026-03-23T03:34:33Z,unknown,moved,0.3973429951690821,0.41833333333333333,21.49851162498817,0.0581968333281111,0.0,0.0016666666666666496,0.0016666666666666496,0.028638442529511164
zigzag_session_2026-03-23T03:35:17Z.json,path,zigzag,2026-03-23T03:34:33Z,unknown,moved,0.3973429951690821,0.4266666666666667,21.515003208332928,0.01649158334475942,0.0,0.00833333333333336,0.00833333333333336,0.5053082629559319
zigzag_session_2026-03-23T03:35:17Z.json,path,zigzag,2026-03-23T03:34:33Z,unknown,moved,0.3997584541062802,0.43333333333333335,21.53225066664163,0.017247458308702335,0.0024154589371980784,0.006666666666666654,0.007090760630689372,0.411119163402278
zigzag_session_2026-03-23T03:35:17Z.json,path,zigzag,2026-03-23T03:34:33Z,unknown,moved,0.40217391304347827,0.44333333333333336,21.548612583312206,0.016361916670575738,0.0024154589371980784,0.010000000000000009,0.010287586785893485,0.6287519361588026
zigzag_session_2026-03-23T03:35:17Z.json,path,zigzag,2026-03-23T03:34:33Z,unknown,moved,0.4033816425120773,0.455,21.56535333330976,0.016740749997552484,0.0012077294685990392,0.011666666666666659,0.011729011960963867,0.7006264332648574
zigzag_session_2026-03-23T03:35:17Z.json,path,zigzag,2026-03-23T03:34:33Z,unknown,moved,0.4057971014492754,0.4683333333333333,21.582178333308548,0.01682499999878928,0.0024154589371980784,0.013333333333333308,0.013550358654111971,0.8053704995594085
zigzag_session_2026-03-23T03:35:17Z.json,path,zigzag,2026-03-23T03:34:33Z,unknown,moved,0.4106280193236715,0.4866666666666667,21.59844758332474,0.016269250016193837,0.004830917874396101,0.018333333333333368,0.01895913707477933,1.1653356519758487
zigzag_session_2026-03-23T03:35:17Z.json,path,zigzag,2026-03-23T03:34:33Z,unknown,moved,0.4166666666666667,0.5166666666666667,21.615108958329074,0.016661375004332513,0.006038647342995196,0.030000000000000027,0.0306017199146235,1.8366863423136466
zigzag_session_2026-03-23T03:35:17Z.json,path,zigzag,2026-03-23T03:34:33Z,unknown,moved,0.4251207729468599,0.5516666666666666,21.631684749998385,0.016575791669311002,0.008454106280193219,0.03499999999999992,0.03600655375062707,2.1722373488375135
zigzag_session_2026-03-23T03:35:17Z.json,path,zigzag,2026-03-23T03:34:33Z,unknown,moved,0.4323671497584541,0.585,21.648439499986125,0.01675474998774007,0.00724637681159418,0.033333333333333326,0.034111890712869034,2.035953430390169
zigzag_session_2026-03-23T03:35:17Z.json,path,zigzag,2026-03-23T03:34:33Z,unknown,moved,0.4396135265700483,0.615,21.66513683332596,0.016697333339834586,0.007246376811594235,0.030000000000000027,0.030862760357680454,1.8483646298209555
zigzag_session_2026-03-23T03:35:17Z.json,path,zigzag,2026-03-23T03:34:33Z,unknown,moved,0.44323671497584544,0.6333333333333333,21.682128583313897,0.01699174998793751,0.0036231884057971175,0.018333333333333313,0.018687926726499465,1.0998235461189152
zigzag_session_2026-03-23T03:35:17Z.json,path,zigzag,2026-03-23T03:34:33Z,unknown,moved,0.4468599033816425,0.6416666666666667,21.698886833328288,0.016758250014390796,0.003623188405797062,0.008333333333333415,0.009086910292742416,0.5422350355758639
zigzag_session_2026-03-23T03:35:17Z.json,path,zigzag,2026-03-23T03:34:33Z,unknown,moved,0.44806763285024154,0.6433333333333333,21.706897624972044,0.00801079164375551,0.0012077294685990392,0.0016666666666665941,0.0020582488302195276,0.25693451056412786
zigzag_session_2026-03-23T03:35:17Z.json,path,zigzag,2026-03-23T03:34:33Z,unknown,moved,0.4492753623188406,0.6433333333333333,21.756943291664356,0.05004566669231281,0.0012077294685990392,0.0,0.0012077294685990392,0.024132548298823057
zigzag_session_2026-03-23T03:35:17Z.json,path,zigzag,2026-03-23T03:34:33Z,unknown,moved,0.4504830917874396,0.6416666666666667,21.781766624975717,0.02482333331136033,0.0012077294685990392,-0.0016666666666665941,0.0020582488302195276,0.08291589225358287
zigzag_session_2026-03-23T03:35:17Z.json,path,zigzag,2026-03-23T03:34:33Z,unknown,moved,0.4528985507246377,0.6383333333333333,21.798751541646197,0.016984916670480743,0.0024154589371980784,-0.0033333333333334103,0.004116497660439235,0.24236195798320162
zigzag_session_2026-03-23T03:35:17Z.json,path,zigzag,2026-03-23T03:34:33Z,unknown,moved,0.4553140096618358,0.6366666666666667,21.815271958330413,0.01652041668421589,0.0024154589371980784,-0.0016666666666665941,0.002934658354062293,0.1776382769368133
zigzag_session_2026-03-23T03:35:17Z.json,path,zigzag,2026-03-23T03:34:33Z,unknown,moved,0.4577294685990338,0.6316666666666667,21.832016999978805,0.016745041648391634,0.002415458937198023,-0.0050000000000000044,0.005552876900966727,0.331613203332945
zigzag_session_2026-03-23T03:35:17Z.json,path,zigzag,2026-03-23T03:34:33Z,unknown,moved,0.4613526570048309,0.6216666666666667,21.848689708305756,0.01667270832695067,0.0036231884057971175,-0.010000000000000009,0.010636140946034085,0.6379372047696205
zigzag_session_2026-03-23T03:35:17Z.json,path,zigzag,2026-03-23T03:34:33Z,unknown,moved,0.46859903381642515,0.6083333333333333,21.86550349998288,0.016813791677122936,0.007246376811594235,-0.01333333333333342,0.015175234913285221,0.9025468618082645
zigzag_session_2026-03-23T03:35:17Z.json,path,zigzag,2026-03-23T03:34:33Z,unknown,moved,0.4782608695652174,0.5883333333333334,21.882037958304863,0.016534458321984857,0.009661835748792258,-0.019999999999999907,0.022211507603866882,1.3433465536838058
zigzag_session_2026-03-23T03:35:17Z.json,path,zigzag,2026-03-23T03:34:33Z,unknown,moved,0.4891304347826087,0.5633333333333334,21.898581083311,0.016543125006137416,0.010869565217391297,-0.025000000000000022,0.02726073087822709,1.6478586039888772
zigzag_session_2026-03-23T03:35:17Z.json,path,zigzag,2026-03-23T03:34:33Z,unknown,moved,0.501207729468599,0.54,21.915697458316572,0.01711637500557117,0.012077294685990336,-0.023333333333333317,0.026273665358618963,1.5350017366450084
zigzag_session_2026-03-23T03:35:17Z.json,path,zigzag,2026-03-23T03:34:33Z,unknown,moved,0.5108695652173914,0.5166666666666667,21.932008541654795,0.016311083338223398,0.009661835748792313,-0.023333333333333317,0.025254613726625966,1.5483100173637332
zigzag_session_2026-03-23T03:35:17Z.json,path,zigzag,2026-03-23T03:34:33Z,unknown,moved,0.5193236714975845,0.49166666666666664,21.948724958318053,0.016716416663257405,0.008454106280193163,-0.025000000000000078,0.02639075430897733,1.5787327416278194
zigzag_session_2026-03-23T03:35:17Z.json,path,zigzag,2026-03-23T03:34:33Z,unknown,moved,0.5253623188405797,0.4716666666666667,21.96527641665307,0.016551458335015923,0.006038647342995196,-0.019999999999999962,0.02089175104516281,1.2622302290405827
zigzag_session_2026-03-23T03:35:17Z.json,path,zigzag,2026-03-23T03:34:33Z,unknown,moved,0.5301932367149759,0.45,21.981972791661974,0.016696375008905306,0.004830917874396157,-0.021666666666666667,0.022198698429268433,1.3295519786437693
zigzag_session_2026-03-23T03:35:17Z.json,path,zigzag,2026-03-23T03:34:33Z,unknown,moved,0.535024154589372,0.42833333333333334,21.99858074999065,0.01660795832867734,0.004830917874396157,-0.021666666666666667,0.022198698429268433,1.3366301859595489
zigzag_session_2026-03-23T03:35:17Z.json,path,zigzag,2026-03-23T03:34:33Z,unknown,moved,0.538647342995169,0.41,22.01522229166585,0.016641541675198823,0.0036231884057970065,-0.018333333333333368,0.018687926726499497,1.1229684779956677
zigzag_session_2026-03-23T03:35:17Z.json,path,zigzag,2026-03-23T03:34:33Z,unknown,moved,0.5422705314009661,0.39666666666666667,22.032061333331512,0.01683904166566208,0.0036231884057971175,-0.013333333333333308,0.013816847397350807,0.8205245685403768
zigzag_session_2026-03-23T03:35:17Z.json,path,zigzag,2026-03-23T03:34:33Z,unknown,moved,0.5434782608695652,0.39,22.048558874987066,0.016497541655553505,0.0012077294685990392,-0.006666666666666654,0.006775179327055986,0.41067811608011806
zigzag_session_2026-03-23T03:35:17Z.json,path,zigzag,2026-03-23T03:34:33Z,unknown,moved,0.5434782608695652,0.3883333333333333,22.056827166641597,0.008268291654530913,0.0,-0.0016666666666667052,0.0016666666666667052,0.2015732797419397
zigzag_session_2026-03-23T03:35:17Z.json,path,zigzag,2026-03-23T03:34:33Z,unknown,moved,0.5434782608695652,0.39,22.14842908331775,0.09160191667615436,0.0,0.0016666666666667052,0.0016666666666667052,0.01819467023336389
zigzag_session_2026-03-23T03:35:17Z.json,path,zigzag,2026-03-23T03:34:33Z,unknown,moved,0.5434782608695652,0.3933333333333333,22.165184958314057,0.016755874996306375,0.0,0.0033333333333332993,0.0033333333333332993,0.19893519938935397
zigzag_session_2026-03-23T03:35:17Z.json,path,zigzag,2026-03-23T03:34:33Z,unknown,moved,0.5434782608695652,0.3983333333333333,22.18172633330687,0.016541374992812052,0.0,0.0050000000000000044,0.0050000000000000044,0.3022723323890984
zigzag_session_2026-03-23T03:35:17Z.json,path,zigzag,2026-03-23T03:34:33Z,unknown,moved,0.5434782608695652,0.405,22.198715249978704,0.016988916671834886,0.0,0.00666666666666671,0.00666666666666671,0.39241270031767583
zigzag_session_2026-03-23T03:35:17Z.json,path,zigzag,2026-03-23T03:34:33Z,unknown,moved,0.5434782608695652,0.415,22.215280208329204,0.016564958350500092,0.0,0.009999999999999953,0.009999999999999953,0.6036839808714675
zigzag_session_2026-03-23T03:35:17Z.json,path,zigzag,2026-03-23T03:34:33Z,unknown,moved,0.5434782608695652,0.42833333333333334,22.231912374991225,0.01663216666202061,0.0,0.013333333333333364,0.013333333333333364,0.8016594352544519
zigzag_session_2026-03-23T03:35:17Z.json,path,zigzag,2026-03-23T03:34:33Z,unknown,moved,0.5446859903381642,0.44666666666666666,22.248555458325427,0.016643083334201947,0.0012077294685990392,0.018333333333333313,0.018373070553950224,1.1039463172183432
zigzag_session_2026-03-23T03:35:17Z.json,path,zigzag,2026-03-23T03:34:33Z,unknown,moved,0.5483091787439613,0.46166666666666667,22.265317874989705,0.016762416664278135,0.0036231884057971175,0.015000000000000013,0.015431380178840227,0.9205939983418716
zigzag_session_2026-03-23T03:35:17Z.json,path,zigzag,2026-03-23T03:34:33Z,unknown,moved,0.5543478260869565,0.47833333333333333,22.2820468749851,0.01672899999539368,0.006038647342995196,0.016666666666666663,0.017726901576723457,1.0596510001556907
zigzag_session_2026-03-23T03:35:17Z.json,path,zigzag,2026-03-23T03:34:33Z,unknown,moved,0.5579710144927537,0.49333333333333335,22.298618416651152,0.016571541666053236,0.0036231884057971175,0.015000000000000013,0.015431380178840227,0.9311976211876155
zigzag_session_2026-03-23T03:35:17Z.json,path,zigzag,2026-03-23T03:34:33Z,unknown,moved,0.5628019323671497,0.51,22.315433208306786,0.0168147916556336,0.004830917874396046,0.016666666666666663,0.01735268121319979,1.0319890706101005
zigzag_session_2026-03-23T03:35:17Z.json,path,zigzag,2026-03-23T03:34:33Z,unknown,moved,0.5664251207729468,0.5266666666666666,22.331855999975232,0.016422791668446735,0.0036231884057971175,0.016666666666666607,0.017055945356434468,1.0385533532160807
zigzag_session_2026-03-23T03:35:17Z.json,path,zigzag,2026-03-23T03:34:33Z,unknown,moved,0.571256038647343,0.5416666666666666,22.348661749972962,0.016805749997729436,0.004830917874396157,0.015000000000000013,0.015758736228173902,0.9376990750369968
zigzag_session_2026-03-23T03:35:17Z.json,path,zigzag,2026-03-23T03:34:33Z,unknown,moved,0.5748792270531401,0.555,22.36536541665555,0.016703666682587937,0.0036231884057971175,0.01333333333333342,0.013816847397350913,0.8271745156261845
zigzag_session_2026-03-23T03:35:17Z.json,path,zigzag,2026-03-23T03:34:33Z,unknown,moved,0.5809178743961353,0.5683333333333334,22.38187029166147,0.01650487500592135,0.006038647342995196,0.013333333333333308,0.014637043400592896,0.8868315207077702
zigzag_session_2026-03-23T03:35:17Z.json,path,zigzag,2026-03-23T03:34:33Z,unknown,moved,0.5881642512077294,0.58,22.398628416645806,0.016758124984335154,0.007246376811594124,0.011666666666666603,0.013733939274902837,0.8195391362542522
zigzag_session_2026-03-23T03:35:17Z.json,path,zigzag,2026-03-23T03:34:33Z,unknown,moved,0.5942028985507246,0.59,22.415278416650835,0.016650000005029142,0.006038647342995196,0.010000000000000009,0.011681834690367054,0.7016116929032161
zigzag_session_2026-03-23T03:35:17Z.json,path,zigzag,2026-03-23T03:34:33Z,unknown,moved,0.6002415458937198,0.595,22.431890416657552,0.0166120000067167,0.006038647342995196,0.0050000000000000044,0.007839978426823825,0.47194669056428495
zigzag_session_2026-03-23T03:35:17Z.json,path,zigzag,2026-03-23T03:34:33Z,unknown,moved,0.6038647342995169,0.5983333333333334,22.448874833324226,0.016984416666673496,0.0036231884057971175,0.0033333333333334103,0.0049232718120183335,0.289869938346407
zigzag_session_2026-03-23T03:35:17Z.json,path,zigzag,2026-03-23T03:34:33Z,unknown,moved,0.606280193236715,0.5983333333333334,22.465313708322356,0.016438874998129904,0.0024154589371980784,0.0,0.0024154589371980784,0.14693578103567687
zigzag_session_2026-03-23T03:35:17Z.json,path,zigzag,2026-03-23T03:34:33Z,unknown,moved,0.6086956521739131,0.5983333333333334,22.481919874990126,0.016606166667770594,0.0024154589371980784,0.0,0.0024154589371980784,0.14545553983183993
zigzag_session_2026-03-23T03:35:17Z.json,path,zigzag,2026-03-23T03:34:33Z,unknown,moved,0.6111111111111112,0.5983333333333334,22.49864554166561,0.016725666675483808,0.0024154589371980784,0.0,0.0024154589371980784,0.14441630244482967
zigzag_session_2026-03-23T03:35:17Z.json,path,zigzag,2026-03-23T03:34:33Z,unknown,moved,0.6123188405797102,0.5983333333333334,22.52366949999123,0.025023958325618878,0.0012077294685990392,0.0,0.0012077294685990392,0.04826292678734991
zigzag_session_2026-03-23T03:35:17Z.json,path,zigzag,2026-03-23T03:34:33Z,unknown,moved,0.6135265700483091,0.5983333333333334,22.56538029166404,0.041710791672812775,0.0012077294685989282,0.0,0.0012077294685989282,0.02895484406224133
zigzag_session_2026-03-23T03:35:17Z.json,path,zigzag,2026-03-23T03:34:33Z,unknown,moved,0.6147342995169082,0.5966666666666667,22.581536291661905,0.016155999997863546,0.0012077294685990392,-0.0016666666666667052,0.0020582488302196174,0.1273984173367045
zigzag_session_2026-03-23T03:35:17Z.json,path,zigzag,2026-03-23T03:34:33Z,unknown,moved,0.6195652173913043,0.585,22.59857720832224,0.017040916660334915,0.004830917874396157,-0.011666666666666714,0.012627306863313035,0.7409992733961803
zigzag_session_2026-03-23T03:35:17Z.json,path,zigzag,2026-03-23T03:34:33Z,unknown,moved,0.6413043478260869,0.555,22.615457999985665,0.016880791663425043,0.021739130434782594,-0.029999999999999916,0.03704847894395242,2.1947121724287326
zigzag_session_2026-03-23T03:35:17Z.json,path,zigzag,2026-03-23T03:34:33Z,unknown,moved,0.6630434782608695,0.5116666666666667,22.631923166656634,0.016465166670968756,0.021739130434782594,-0.043333333333333335,0.04848058961933393,2.9444335783624043
zigzag_session_2026-03-23T03:35:17Z.json,path,zigzag,2026-03-23T03:34:33Z,unknown,moved,0.678743961352657,0.4766666666666667,22.64870329166297,0.016780125006334856,0.01570048309178751,-0.03500000000000003,0.038360202936318095,2.286049890679378
zigzag_session_2026-03-23T03:35:17Z.json,path,zigzag,2026-03-23T03:34:33Z,unknown,moved,0.6859903381642513,0.45,22.665101833321387,0.016398541658418253,0.007246376811594235,-0.026666666666666672,0.027633694794701666,1.6851312372960803
zigzag_session_2026-03-23T03:35:17Z.json,path,zigzag,2026-03-23T03:34:33Z,unknown,moved,0.6884057971014492,0.425,22.681860999990022,0.01675916666863486,0.0024154589371979673,-0.025000000000000022,0.02511641777557641,1.4986674619438163
zigzag_session_2026-03-23T03:35:17Z.json,path,zigzag,2026-03-23T03:34:33Z,unknown,moved,0.6884057971014492,0.4066666666666667,22.698753124976065,0.0168921249860432,0.0,-0.018333333333333313,0.018333333333333313,1.085318356836744
zigzag_session_2026-03-23T03:35:17Z.json,path,zigzag,2026-03-23T03:34:33Z,unknown,moved,0.6884057971014492,0.39666666666666667,22.715209624991985,0.016456500015920028,0.0,-0.010000000000000009,0.010000000000000009,0.607662625122353
zigzag_session_2026-03-23T03:35:17Z.json,path,zigzag,2026-03-23T03:34:33Z,unknown,moved,0.6896135265700483,0.3933333333333333,22.731935499992687,0.016725875000702217,0.0012077294685990392,-0.003333333333333355,0.0035453803153447125,0.21196979621071327
zigzag_session_2026-03-23T03:35:17Z.json,path,zigzag,2026-03-23T03:34:33Z,unknown,moved,0.6896135265700483,0.39666666666666667,22.798195291659795,0.06625979166710749,0.0,0.003333333333333355,0.003333333333333355,0.050307030092702196
zigzag_session_2026-03-23T03:35:17Z.json,path,zigzag,2026-03-23T03:34:33Z,unknown,moved,0.6896135265700483,0.40166666666666667,22.81507908331696,0.016883791657164693,0.0,0.0050000000000000044,0.0050000000000000044,0.2961420101318437
zigzag_session_2026-03-23T03:35:17Z.json,path,zigzag,2026-03-23T03:34:33Z,unknown,moved,0.6920289855072463,0.4083333333333333,22.832024916657247,0.01694583334028721,0.0024154589371980784,0.006666666666666654,0.007090760630689372,0.41843682091642675
zigzag_session_2026-03-23T03:35:17Z.json,path,zigzag,2026-03-23T03:34:33Z,unknown,moved,0.6944444444444444,0.41833333333333333,22.848588708322495,0.016563791665248573,0.0024154589371980784,0.010000000000000009,0.010287586785893485,0.6210888783078098
zigzag_session_2026-03-23T03:35:17Z.json,path,zigzag,2026-03-23T03:34:33Z,unknown,moved,0.6968599033816425,0.42833333333333334,22.865389208309352,0.016800499986857176,0.0024154589371980784,0.010000000000000009,0.010287586785893485,0.6123381324330429
zigzag_session_2026-03-23T03:35:17Z.json,path,zigzag,2026-03-23T03:34:33Z,unknown,moved,0.6992753623188406,0.43833333333333335,22.881892958306707,0.016503749997355044,0.0024154589371980784,0.010000000000000009,0.010287586785893485,0.6233484382362926
zigzag_session_2026-03-23T03:35:17Z.json,path,zigzag,2026-03-23T03:34:33Z,unknown,moved,0.7028985507246377,0.45,22.898723458318273,0.016830500011565164,0.0036231884057971175,0.011666666666666659,0.012216325361376618,0.7258444700384485
zigzag_session_2026-03-23T03:35:17Z.json,path,zigzag,2026-03-23T03:34:33Z,unknown,moved,0.7065217391304348,0.46166666666666667,22.915356208308367,0.016632749990094453,0.0036231884057971175,0.011666666666666659,0.012216325361376618,0.7344741770694555
zigzag_session_2026-03-23T03:35:17Z.json,path,zigzag,2026-03-23T03:34:33Z,unknown,moved,0.7101449275362319,0.475,22.93195683331578,0.016600625007413328,0.0036231884057971175,0.013333333333333308,0.013816847397350807,0.8323088673577428
zigzag_session_2026-03-23T03:35:17Z.json,path,zigzag,2026-03-23T03:34:33Z,unknown,moved,0.716183574879227,0.49166666666666664,22.948754666664172,0.016797833348391578,0.006038647342995085,0.016666666666666663,0.01772690157672342,1.055308813289352
zigzag_session_2026-03-23T03:35:17Z.json,path,zigzag,2026-03-23T03:34:33Z,unknown,moved,0.7210144927536232,0.5066666666666667,22.96532841664157,0.0165737499773968,0.004830917874396157,0.015000000000000069,0.015758736228173958,0.9508250244914787
zigzag_session_2026-03-23T03:35:17Z.json,path,zigzag,2026-03-23T03:34:33Z,unknown,moved,0.7258454106280193,0.5216666666666666,22.981972916662926,0.01664450002135709,0.004830917874396157,0.014999999999999902,0.015758736228173798,0.9467833943917366
zigzag_session_2026-03-23T03:35:17Z.json,path,zigzag,2026-03-23T03:34:33Z,unknown,moved,0.7294685990338164,0.535,22.99858033331111,0.01660741664818488,0.0036231884057971175,0.01333333333333342,0.013816847397350913,0.831968492755376
zigzag_session_2026-03-23T03:35:17Z.json,path,zigzag,2026-03-23T03:34:33Z,unknown,moved,0.7342995169082126,0.545,23.015292208321625,0.016711875010514632,0.004830917874396157,0.010000000000000009,0.011105753801933503,0.6645426557430618
zigzag_session_2026-03-23T03:35:17Z.json,path,zigzag,2026-03-23T03:34:33Z,unknown,moved,0.7379227053140096,0.555,23.03213608331862,0.01684387499699369,0.0036231884057970065,0.010000000000000009,0.010636140946034047,0.6314545167268455
zigzag_session_2026-03-23T03:35:17Z.json,path,zigzag,2026-03-23T03:34:33Z,unknown,moved,0.7415458937198067,0.5616666666666666,23.048550166655332,0.016414083336712793,0.0036231884057971175,0.006666666666666599,0.007587617456642513,0.46226263757730296
zigzag_session_2026-03-23T03:35:17Z.json,path,zigzag,2026-03-23T03:34:33Z,unknown,moved,0.7439613526570048,0.5683333333333334,23.065263833326753,0.01671366667142138,0.0024154589371980784,0.00666666666666671,0.007090760630689425,0.4242492548217372
zigzag_session_2026-03-23T03:35:17Z.json,path,zigzag,2026-03-23T03:34:33Z,unknown,moved,0.7463768115942029,0.5716666666666667,23.081887791660847,0.016623958334093913,0.0024154589371980784,0.0033333333333332993,0.004116497660439145,0.24762439713270099
zigzag_session_2026-03-23T03:35:17Z.json,path,zigzag,2026-03-23T03:34:33Z,unknown,moved,0.748792270531401,0.5716666666666667,23.09851529164007,0.016627499979222193,0.0024154589371980784,0.0,0.0024154589371980784,0.1452689183711591
zigzag_session_2026-03-23T03:35:17Z.json,path,zigzag,2026-03-23T03:34:33Z,unknown,moved,0.751207729468599,0.5716666666666667,23.131880916655064,0.03336562501499429,0.0024154589371980784,0.0,0.0024154589371980784,0.0723936367477782
zigzag_session_2026-03-23T03:35:17Z.json,path,zigzag,2026-03-23T03:34:33Z,unknown,moved,0.7548309178743962,0.565,23.14862724998966,0.016746333334594965,0.0036231884057971175,-0.00666666666666671,0.0075876174566426105,0.45309127108845576
zigzag_session_2026-03-23T03:35:17Z.json,path,zigzag,2026-03-23T03:34:33Z,unknown,moved,0.7632850241545893,0.5516666666666666,23.165251041646115,0.016623791656456888,0.008454106280193163,-0.013333333333333308,0.01578764361057655,0.9497017249036825
zigzag_session_2026-03-23T03:35:17Z.json,path,zigzag,2026-03-23T03:34:33Z,unknown,moved,0.7777777777777778,0.5316666666666666,23.18196858331794,0.01671754167182371,0.01449275362318847,-0.020000000000000018,0.02469898596263505,1.4774293043494264
zigzag_session_2026-03-23T03:35:17Z.json,path,zigzag,2026-03-23T03:34:33Z,unknown,moved,0.7946859903381642,0.505,23.198665749980137,0.01669716666219756,0.016908212560386437,-0.026666666666666616,0.03157528722115316,1.8910566001979074
zigzag_session_2026-03-23T03:35:17Z.json,path,zigzag,2026-03-23T03:34:33Z,unknown,moved,0.8128019323671497,0.47833333333333333,23.215205666638212,0.016539916658075526,0.018115942028985477,-0.026666666666666672,0.03223815234638415,1.9491121396094848
zigzag_session_2026-03-23T03:35:17Z.json,path,zigzag,2026-03-23T03:34:33Z,unknown,moved,0.8297101449275363,0.45,23.231947333319113,0.01674166668090038,0.01690821256038655,-0.02833333333333332,0.03299493036460284,1.97082709825091
zigzag_session_2026-03-23T03:35:17Z.json,path,zigzag,2026-03-23T03:34:33Z,unknown,moved,0.8442028985507246,0.4166666666666667,23.248573833319824,0.01662650000071153,0.01449275362318836,-0.033333333333333326,0.036347641170969405,2.1861270363223713
zigzag_session_2026-03-23T03:35:17Z.json,path,zigzag,2026-03-23T03:34:33Z,unknown,moved,0.8586956521739131,0.38666666666666666,23.265168541664025,0.016594708344200626,0.01449275362318847,-0.030000000000000027,0.033317261405800505,2.0077039448206953
zigzag_session_2026-03-23T03:35:17Z.json,path,zigzag,2026-03-23T03:34:33Z,unknown,moved,0.8719806763285024,0.3616666666666667,23.281973124976503,0.016804583312477916,0.01328502415458932,-0.024999999999999967,0.0283106316917871,1.684697035645364
zigzag_session_2026-03-23T03:35:17Z.json,path,zigzag,2026-03-23T03:34:33Z,unknown,moved,0.8792270531400966,0.3433333333333333,23.298480499972356,0.016507374995853752,0.007246376811594235,-0.018333333333333368,0.019713474782663838,1.1942222665696622
zigzag_session_2026-03-23T03:35:17Z.json,path,zigzag,2026-03-23T03:34:33Z,unknown,moved,0.8828502415458938,0.33,23.315264291653875,0.016783791681518778,0.0036231884057971175,-0.013333333333333308,0.013816847397350807,0.8232256250275688
zigzag_session_2026-03-23T03:35:17Z.json,path,zigzag,2026-03-23T03:34:33Z,unknown,moved,0.8852657004830918,0.32166666666666666,23.331824666645844,0.016560374991968274,0.0024154589371980784,-0.00833333333333336,0.008676340606599936,0.5239217475937551
zigzag_session_2026-03-23T03:35:17Z.json,path,zigzag,2026-03-23T03:34:33Z,unknown,moved,0.8864734299516909,0.31666666666666665,23.348592541646212,0.016767875000368804,0.0012077294685990392,-0.0050000000000000044,0.005143793392946743,0.3067647744770048
zigzag_session_2026-03-23T03:35:17Z.json,path,zigzag,2026-03-23T03:34:33Z,unknown,moved,0.8864734299516909,0.315,23.356819874985376,0.008227333339164034,0.0,-0.0016666666666666496,0.0016666666666666496,0.2025767764547628
zigzag_session_2026-03-23T03:35:17Z.json,path,zigzag,2026-03-23T03:34:33Z,unknown,moved,0.8864734299516909,0.31166666666666665,23.431550541659817,0.07473066667444073,0.0,-0.003333333333333355,0.003333333333333355,0.044604624602839475
zigzag_session_2026-03-23T03:35:17Z.json,path,zigzag,2026-03-23T03:34:33Z,unknown,ended,0.8828502415458938,0.305,23.43900745830615,0.007456916646333411,-0.0036231884057971175,-0.006666666666666654,0.007587617456642562,1.0175274602772202
zigzag_session_2026-03-23T03:35:17Z.json,path,zigzag,2026-03-23T03:34:33Z,unknown,began,0.0929951690821256,0.38166666666666665,24.157119124982273,0.7181116666761227,-0.7898550724637682,0.07666666666666666,0.7935671447801517,1.105074853404464
zigzag_session_2026-03-23T03:35:17Z.json,path,zigzag,2026-03-23T03:34:33Z,unknown,moved,0.10386473429951691,0.395,24.23182462499244,0.07470550001016818,0.010869565217391311,0.013333333333333364,0.017202477315575847,0.23027055990836573
zigzag_session_2026-03-23T03:35:17Z.json,path,zigzag,2026-03-23T03:34:33Z,unknown,moved,0.1111111111111111,0.41333333333333333,24.24849037497188,0.01666574997943826,0.0072463768115941934,0.018333333333333313,0.01971347478266377,1.182873546464198
zigzag_session_2026-03-23T03:35:17Z.json,path,zigzag,2026-03-23T03:34:33Z,unknown,moved,0.11956521739130435,0.43166666666666664,24.264798124990193,0.016307750018313527,0.008454106280193247,0.018333333333333313,0.02018868554680847,1.2379810534338993
zigzag_session_2026-03-23T03:35:17Z.json,path,zigzag,2026-03-23T03:34:33Z,unknown,moved,0.1292270531400966,0.45166666666666666,24.281827791652177,0.017029666661983356,0.009661835748792258,0.020000000000000018,0.022211507603866983,1.304283169173913
zigzag_session_2026-03-23T03:35:17Z.json,path,zigzag,2026-03-23T03:34:33Z,unknown,moved,0.13647342995169082,0.47,24.298797083320096,0.016969291667919606,0.007246376811594207,0.018333333333333313,0.019713474782663772,1.161714653059564
zigzag_session_2026-03-23T03:35:17Z.json,path,zigzag,2026-03-23T03:34:33Z,unknown,moved,0.14371980676328502,0.48833333333333334,24.31512495831703,0.016327874996932223,0.007246376811594207,0.018333333333333368,0.019713474782663828,1.207350912863291
zigzag_session_2026-03-23T03:35:17Z.json,path,zigzag,2026-03-23T03:34:33Z,unknown,moved,0.15096618357487923,0.5083333333333333,24.331883624981856,0.016758666664827615,0.007246376811594207,0.019999999999999962,0.021272281892068107,1.2693302108999804
zigzag_session_2026-03-23T03:35:17Z.json,path,zigzag,2026-03-23T03:34:33Z,unknown,moved,0.1570048309178744,0.53,24.348643291654298,0.01675966667244211,0.006038647342995168,0.021666666666666723,0.022492436643847848,1.3420575172197262
zigzag_session_2026-03-23T03:35:17Z.json,path,zigzag,2026-03-23T03:34:33Z,unknown,moved,0.16183574879227053,0.55,24.365105458331527,0.016462166677229106,0.004830917874396129,0.020000000000000018,0.020575173571786964,1.2498460242324647
zigzag_session_2026-03-23T03:35:17Z.json,path,zigzag,2026-03-23T03:34:33Z,unknown,moved,0.16666666666666666,0.5683333333333334,24.381952916650334,0.016847458318807185,0.004830917874396129,0.018333333333333313,0.018959137074779284,1.1253410880153232
zigzag_session_2026-03-23T03:35:17Z.json,path,zigzag,2026-03-23T03:34:33Z,unknown,moved,0.17270531400966183,0.5833333333333334,24.398428083310137,0.0164751666598022,0.006038647342995168,0.015000000000000013,0.016169887499084927,0.981470344608888
zigzag_session_2026-03-23T03:35:17Z.json,path,zigzag,2026-03-23T03:34:33Z,unknown,moved,0.1751207729468599,0.5966666666666667,24.415192208311055,0.016764125000918284,0.0024154589371980784,0.013333333333333308,0.013550358654111971,0.8082950141071918
zigzag_session_2026-03-23T03:35:17Z.json,path,zigzag,2026-03-23T03:34:33Z,unknown,moved,0.17632850241545894,0.6016666666666667,24.431840791658033,0.01664858334697783,0.0012077294685990392,0.0050000000000000044,0.005143793392946743,0.3089628279922376
zigzag_session_2026-03-23T03:35:17Z.json,path,zigzag,2026-03-23T03:34:33Z,unknown,moved,0.17632850241545894,0.6033333333333334,24.440323458315106,0.008482666657073423,0.0,0.0016666666666667052,0.0016666666666667052,0.19647909484653925
zigzag_session_2026-03-23T03:35:17Z.json,path,zigzag,2026-03-23T03:34:33Z,unknown,moved,0.17753623188405798,0.5983333333333334,24.498262791661546,0.057939333346439525,0.0012077294685990392,-0.0050000000000000044,0.005143793392946743,0.08877895370646058
zigzag_session_2026-03-23T03:35:17Z.json,path,zigzag,2026-03-23T03:34:33Z,unknown,moved,0.17995169082125603,0.5933333333333334,24.515007166657597,0.016744374996051192,0.0024154589371980506,-0.0050000000000000044,0.00555287690096674,0.3316264060185148
zigzag_session_2026-03-23T03:35:17Z.json,path,zigzag,2026-03-23T03:34:33Z,unknown,moved,0.1823671497584541,0.585,24.53149249998387,0.016485333326272666,0.0024154589371980784,-0.008333333333333415,0.00867634060659999,0.5263066530036437
zigzag_session_2026-03-23T03:35:17Z.json,path,zigzag,2026-03-23T03:34:33Z,unknown,moved,0.18478260869565216,0.5783333333333334,24.548686583322706,0.017194083338836208,0.0024154589371980506,-0.006666666666666599,0.007090760630689311,0.4123953857239623
zigzag_session_2026-03-23T03:35:17Z.json,path,zigzag,2026-03-23T03:34:33Z,unknown,moved,0.18961352657004832,0.5666666666666667,24.565094833320472,0.01640824999776669,0.004830917874396157,-0.011666666666666714,0.012627306863313035,0.769570604118765
zigzag_session_2026-03-23T03:35:17Z.json,path,zigzag,2026-03-23T03:34:33Z,unknown,moved,0.19685990338164253,0.5516666666666666,24.581873999995878,0.016779166675405577,0.007246376811594207,-0.015000000000000013,0.016658630702900242,0.9928163314163859
zigzag_session_2026-03-23T03:35:17Z.json,path,zigzag,2026-03-23T03:34:33Z,unknown,moved,0.20652173913043478,0.53,24.598483124980703,0.01660912498482503,0.009661835748792258,-0.021666666666666612,0.023723311625510512,1.4283300081843793
zigzag_session_2026-03-23T03:35:17Z.json,path,zigzag,2026-03-23T03:34:33Z,unknown,moved,0.21739130434782608,0.505,24.615165791648906,0.016682666668202728,0.010869565217391297,-0.025000000000000022,0.02726073087822709,1.634075140408231
zigzag_session_2026-03-23T03:35:17Z.json,path,zigzag,2026-03-23T03:34:33Z,unknown,moved,0.22705314009661837,0.485,24.631939999992028,0.016774208343122154,0.009661835748792286,-0.020000000000000018,0.022211507603866996,1.3241464008031276
zigzag_session_2026-03-23T03:35:17Z.json,path,zigzag,2026-03-23T03:34:33Z,unknown,moved,0.23309178743961353,0.47,24.648519041656982,0.016579041664954275,0.006038647342995168,-0.015000000000000013,0.016169887499084927,0.9753210002038754
zigzag_session_2026-03-23T03:35:17Z.json,path,zigzag,2026-03-23T03:34:33Z,unknown,moved,0.24033816425120774,0.455,24.66519204166252,0.016673000005539507,0.007246376811594207,-0.014999999999999958,0.016658630702900194,0.9991381693375794
zigzag_session_2026-03-23T03:35:17Z.json,path,zigzag,2026-03-23T03:34:33Z,unknown,moved,0.24516908212560387,0.44166666666666665,24.681746374990325,0.01655433332780376,0.004830917874396129,-0.013333333333333364,0.01418152126137879,0.8566651994109769
zigzag_session_2026-03-23T03:35:17Z.json,path,zigzag,2026-03-23T03:34:33Z,unknown,moved,0.25120772946859904,0.4266666666666667,24.69854124999256,0.01679487500223331,0.006038647342995168,-0.014999999999999958,0.016169887499084875,0.9627870107359937
zigzag_session_2026-03-23T03:35:17Z.json,path,zigzag,2026-03-23T03:34:33Z,unknown,moved,0.25483091787439616,0.4166666666666667,24.715326333331177,0.01678508333861828,0.0036231884057971175,-0.010000000000000009,0.010636140946034085,0.6336662577994465
zigzag_session_2026-03-23T03:35:17Z.json,path,zigzag,2026-03-23T03:34:33Z,unknown,moved,0.2572463768115942,0.4116666666666667,24.731828541640425,0.01650220830924809,0.002415458937198023,-0.0050000000000000044,0.005552876900966727,0.3364929588153854
zigzag_session_2026-03-23T03:35:17Z.json,path,zigzag,2026-03-23T03:34:33Z,unknown,moved,0.25966183574879226,0.41,24.74840958332061,0.01658104168018326,0.0024154589371980784,-0.0016666666666667052,0.002934658354062356,0.17698878096239853
zigzag_session_2026-03-23T03:35:17Z.json,path,zigzag,2026-03-23T03:34:33Z,unknown,moved,0.26207729468599034,0.41,24.75690933331498,0.008499749994371086,0.0024154589371980784,0.0,0.0024154589371980784,0.28417999809379135
zigzag_session_2026-03-23T03:35:17Z.json,path,zigzag,2026-03-23T03:34:33Z,unknown,moved,0.2632850241545894,0.41,24.781848291662754,0.024938958347775042,0.0012077294685990392,0.0,0.0012077294685990392,0.04842742233886397
zigzag_session_2026-03-23T03:35:17Z.json,path,zigzag,2026-03-23T03:34:33Z,unknown,moved,0.26570048309178745,0.41,24.79860191664193,0.016753624979173765,0.0024154589371980784,0.0,0.0024154589371980784,0.1441753017750312
zigzag_session_2026-03-23T03:35:17Z.json,path,zigzag,2026-03-23T03:34:33Z,unknown,moved,0.26811594202898553,0.41,24.815075291640824,0.01647337499889545,0.0024154589371980784,0.0,0.0024154589371980784,0.14662805511074908
zigzag_session_2026-03-23T03:35:17Z.json,path,zigzag,2026-03-23T03:34:33Z,unknown,moved,0.2717391304347826,0.415,24.831813999975566,0.016738708334742114,0.003623188405797062,0.0050000000000000044,0.00617474649065873,0.3688902612540719
zigzag_session_2026-03-23T03:35:17Z.json,path,zigzag,2026-03-23T03:34:33Z,unknown,moved,0.2777777777777778,0.425,24.848388583312044,0.0165745833364781,0.006038647342995196,0.010000000000000009,0.011681834690367054,0.7048041240745485
zigzag_session_2026-03-23T03:35:17Z.json,path,zigzag,2026-03-23T03:34:33Z,unknown,moved,0.286231884057971,0.43666666666666665,24.86504441665602,0.016655833343975246,0.008454106280193219,0.011666666666666659,0.014407741811537063,0.865026775543995
zigzag_session_2026-03-23T03:35:17Z.json,path,zigzag,2026-03-23T03:34:33Z,unknown,moved,0.29347826086956524,0.4533333333333333,24.881790791638196,0.01674637498217635,0.007246376811594235,0.016666666666666663,0.018173820585484723,1.0852390803877046
zigzag_session_2026-03-23T03:35:17Z.json,path,zigzag,2026-03-23T03:34:33Z,unknown,moved,0.3007246376811594,0.4666666666666667,24.898510291648563,0.016719500010367483,0.00724637681159418,0.013333333333333364,0.015175234913285146,0.9076368853060939
zigzag_session_2026-03-23T03:35:17Z.json,path,zigzag,2026-03-23T03:34:33Z,unknown,moved,0.30434782608695654,0.47833333333333333,24.915054624987533,0.01654433333897032,0.0036231884057971175,0.011666666666666659,0.012216325361376618,0.7383993728294242
zigzag_session_2026-03-23T03:35:17Z.json,path,zigzag,2026-03-23T03:34:33Z,unknown,moved,0.30917874396135264,0.4866666666666667,24.931840291654225,0.016785666666692123,0.004830917874396101,0.00833333333333336,0.009632352358256244,0.5738438960765119
zigzag_session_2026-03-23T03:35:17Z.json,path,zigzag,2026-03-23T03:34:33Z,unknown,moved,0.3115942028985507,0.49666666666666665,24.948515999974916,0.01667570832069032,0.0024154589371980784,0.009999999999999953,0.010287586785893432,0.6169205282350225
zigzag_session_2026-03-23T03:35:17Z.json,path,zigzag,2026-03-23T03:34:33Z,unknown,moved,0.31521739130434784,0.5066666666666667,24.965238958306145,0.016722958331229165,0.0036231884057971175,0.010000000000000064,0.010636140946034137,0.6360202982848886
zigzag_session_2026-03-23T03:35:17Z.json,path,zigzag,2026-03-23T03:34:33Z,unknown,moved,0.3188405797101449,0.52,24.981813624995993,0.016574666689848527,0.003623188405797062,0.013333333333333308,0.013816847397350793,0.8336123830359248
zigzag_session_2026-03-23T03:35:17Z.json,path,zigzag,2026-03-23T03:34:33Z,unknown,moved,0.322463768115942,0.5333333333333333,24.99844416664564,0.016630541649647057,0.0036231884057971175,0.013333333333333308,0.013816847397350807,0.8308116288950839
zigzag_session_2026-03-23T03:35:17Z.json,path,zigzag,2026-03-23T03:34:33Z,unknown,moved,0.3248792270531401,0.545,25.015074666647706,0.016630500002065673,0.0024154589371980784,0.011666666666666714,0.011914090522922943,0.7164000193285286
zigzag_session_2026-03-23T03:35:17Z.json,path,zigzag,2026-03-23T03:34:33Z,unknown,moved,0.3285024154589372,0.5566666666666666,25.031846708327066,0.016772041679359972,0.0036231884057971175,0.011666666666666603,0.012216325361376566,0.7283743741473188
zigzag_session_2026-03-23T03:35:17Z.json,path,zigzag,2026-03-23T03:34:33Z,unknown,moved,0.3309178743961353,0.5666666666666667,25.048717458324973,0.016870749997906387,0.0024154589371980784,0.010000000000000009,0.010287586785893485,0.6097883488979533
zigzag_session_2026-03-23T03:35:17Z.json,path,zigzag,2026-03-23T03:34:33Z,unknown,moved,0.3321256038647343,0.5766666666666667,25.065078291663667,0.016360833338694647,0.0012077294685989837,0.010000000000000009,0.010072666502437305,0.6156573014294243
zigzag_session_2026-03-23T03:35:17Z.json,path,zigzag,2026-03-23T03:34:33Z,unknown,moved,0.3333333333333333,0.585,25.08181199998944,0.016733708325773478,0.0012077294685990392,0.008333333333333304,0.008420395175629614,0.5031995904135852
zigzag_session_2026-03-23T03:35:17Z.json,path,zigzag,2026-03-23T03:34:33Z,unknown,moved,0.3333333333333333,0.5933333333333334,25.098389208316803,0.016577208327362314,0.0,0.008333333333333415,0.008333333333333415,0.5026982329454368
zigzag_session_2026-03-23T03:35:17Z.json,path,zigzag,2026-03-23T03:34:33Z,unknown,moved,0.3333333333333333,0.5966666666666667,25.115086124977097,0.016696916660293937,0.0,0.0033333333333332993,0.0033333333333332993,0.19963765772755665
zigzag_session_2026-03-23T03:35:17Z.json,path,zigzag,2026-03-23T03:34:33Z,unknown,moved,0.33454106280193235,0.595,25.181510749971494,0.06642462499439716,0.0012077294685990392,-0.0016666666666667052,0.0020582488302196174,0.030986231843886634
zigzag_session_2026-03-23T03:35:17Z.json,path,zigzag,2026-03-23T03:34:33Z,unknown,moved,0.3357487922705314,0.5883333333333334,25.198217208322603,0.016706458351109177,0.0012077294685990392,-0.006666666666666599,0.006775179327055931,0.4055425264090227
zigzag_session_2026-03-23T03:35:17Z.json,path,zigzag,2026-03-23T03:34:33Z,unknown,moved,0.33695652173913043,0.5783333333333334,25.215262708312366,0.017045499989762902,0.0012077294685990392,-0.010000000000000009,0.010072666502437311,0.5909281926893726
zigzag_session_2026-03-23T03:35:17Z.json,path,zigzag,2026-03-23T03:34:33Z,unknown,moved,0.3393719806763285,0.565,25.231472624989692,0.016209916677325964,0.0024154589371980784,-0.01333333333333342,0.01355035865411208,0.8359301854441974
zigzag_session_2026-03-23T03:35:17Z.json,path,zigzag,2026-03-23T03:34:33Z,unknown,moved,0.34299516908212563,0.54,25.248533208330628,0.01706058334093541,0.0036231884057971175,-0.02499999999999991,0.02526118552688884,1.4806753686010716
zigzag_session_2026-03-23T03:35:17Z.json,path,zigzag,2026-03-23T03:34:33Z,unknown,moved,0.34903381642512077,0.5083333333333333,25.2649667916412,0.01643358331057243,0.00603864734299514,-0.03166666666666673,0.03223729268271212,1.961671540130416
zigzag_session_2026-03-23T03:35:17Z.json,path,zigzag,2026-03-23T03:34:33Z,unknown,moved,0.357487922705314,0.4816666666666667,25.281804666650714,0.01683787500951439,0.008454106280193219,-0.026666666666666616,0.027974685415709518,1.6614142461505488
zigzag_session_2026-03-23T03:35:17Z.json,path,zigzag,2026-03-23T03:34:33Z,unknown,moved,0.36594202898550726,0.4583333333333333,25.298598041641526,0.01679337499081157,0.008454106280193274,-0.023333333333333373,0.02481766220741288,1.4778245719512466
zigzag_session_2026-03-23T03:35:17Z.json,path,zigzag,2026-03-23T03:34:33Z,unknown,moved,0.37318840579710144,0.43833333333333335,25.315058083331678,0.01646004169015214,0.00724637681159418,-0.019999999999999962,0.021272281892068097,1.2923589315569637
zigzag_session_2026-03-23T03:35:17Z.json,path,zigzag,2026-03-23T03:34:33Z,unknown,moved,0.3804347826086957,0.42333333333333334,25.33174737499212,0.016689291660441086,0.007246376811594235,-0.015000000000000013,0.016658630702900253,0.99816283649632
zigzag_session_2026-03-23T03:35:17Z.json,path,zigzag,2026-03-23T03:34:33Z,unknown,moved,0.3864734299516908,0.41,25.34836512498441,0.016617749992292374,0.00603864734299514,-0.013333333333333364,0.014637043400592924,0.8808077752633094
zigzag_session_2026-03-23T03:35:17Z.json,path,zigzag,2026-03-23T03:34:33Z,unknown,moved,0.392512077294686,0.40166666666666667,25.365144166658865,0.016779041674453765,0.006038647342995196,-0.008333333333333304,0.010291244151097908,0.6133392091615348
zigzag_session_2026-03-23T03:35:17Z.json,path,zigzag,2026-03-23T03:34:33Z,unknown,moved,0.3973429951690821,0.3983333333333333,25.381872250000015,0.016728083341149613,0.004830917874396101,-0.003333333333333355,0.005869316708124635,0.3508660608885557
zigzag_session_2026-03-23T03:35:17Z.json,path,zigzag,2026-03-23T03:34:33Z,unknown,moved,0.40096618357487923,0.3983333333333333,25.39836337498855,0.016491124988533556,0.0036231884057971175,0.0,0.0036231884057971175,0.21970535110954265
zigzag_session_2026-03-23T03:35:17Z.json,path,zigzag,2026-03-23T03:34:33Z,unknown,moved,0.4033816425120773,0.3983333333333333,25.41521245831973,0.016849083331180736,0.0024154589371980784,0.0,0.0024154589371980784,0.14335847771184415
zigzag_session_2026-03-23T03:35:17Z.json,path,zigzag,2026-03-23T03:34:33Z,unknown,moved,0.4033816425120773,0.4,25.448369791643927,0.03315733332419768,0.0,0.0016666666666667052,0.0016666666666667052,0.05026540133281463
zigzag_session_2026-03-23T03:35:17Z.json,path,zigzag,2026-03-23T03:34:33Z,unknown,moved,0.4033816425120773,0.4033333333333333,25.465143916662782,0.016774125018855557,0.0,0.0033333333333332993,0.0033333333333332993,0.19871876056642873
zigzag_session_2026-03-23T03:35:17Z.json,path,zigzag,2026-03-23T03:34:33Z,unknown,moved,0.40458937198067635,0.41,25.48190024998621,0.016756333323428407,0.0012077294685990392,0.006666666666666654,0.006775179327055986,0.4043354352221587
zigzag_session_2026-03-23T03:35:17Z.json,path,zigzag,2026-03-23T03:34:33Z,unknown,moved,0.4057971014492754,0.41833333333333333,25.49849495833041,0.016594708344200626,0.0012077294685990392,0.00833333333333336,0.008420395175629668,0.5074144721906098
zigzag_session_2026-03-23T03:35:17Z.json,path,zigzag,2026-03-23T03:34:33Z,unknown,moved,0.4082125603864734,0.42833333333333334,25.515138916642172,0.016643958311760798,0.002415458937198023,0.010000000000000009,0.010287586785893471,0.6180973656142934
zigzag_session_2026-03-23T03:35:17Z.json,path,zigzag,2026-03-23T03:34:33Z,unknown,moved,0.41304347826086957,0.43833333333333335,25.531805249978788,0.016666333336615935,0.004830917874396157,0.010000000000000009,0.011105753801933503,0.66635855515587
zigzag_session_2026-03-23T03:35:17Z.json,path,zigzag,2026-03-23T03:34:33Z,unknown,moved,0.4166666666666667,0.45,25.548615749983583,0.01681050000479445,0.0036231884057971175,0.011666666666666659,0.012216325361376618,0.7267080311645967
zigzag_session_2026-03-23T03:35:17Z.json,path,zigzag,2026-03-23T03:34:33Z,unknown,moved,0.4214975845410628,0.46166666666666667,25.56507233332377,0.016456583340186626,0.004830917874396101,0.011666666666666659,0.012627306863312962,0.7673103585528199
zigzag_session_2026-03-23T03:35:17Z.json,path,zigzag,2026-03-23T03:34:33Z,unknown,moved,0.428743961352657,0.47333333333333333,25.58186633331934,0.01679399999557063,0.007246376811594235,0.011666666666666659,0.013733939274902941,0.81778845293112
zigzag_session_2026-03-23T03:35:17Z.json,path,zigzag,2026-03-23T03:34:33Z,unknown,moved,0.4359903381642512,0.48833333333333334,25.5983876666578,0.016521333338459954,0.00724637681159418,0.015000000000000013,0.016658630702900232,1.008310307747418
zigzag_session_2026-03-23T03:35:17Z.json,path,zigzag,2026-03-23T03:34:33Z,unknown,moved,0.4420289855072464,0.5033333333333333,25.61513845832087,0.01675079166307114,0.006038647342995196,0.014999999999999958,0.016169887499084885,0.9653207934484124
zigzag_session_2026-03-23T03:35:17Z.json,path,zigzag,2026-03-23T03:34:33Z,unknown,moved,0.4492753623188406,0.52,25.631915499980096,0.01677704165922478,0.00724637681159418,0.01666666666666672,0.01817382058548475,1.0832553768793893
zigzag_session_2026-03-23T03:35:17Z.json,path,zigzag,2026-03-23T03:34:33Z,unknown,moved,0.4528985507246377,0.5316666666666666,25.648384749976685,0.016469249996589497,0.0036231884057971175,0.011666666666666603,0.012216325361376566,0.7417657369890165
zigzag_session_2026-03-23T03:35:17Z.json,path,zigzag,2026-03-23T03:34:33Z,unknown,moved,0.45652173913043476,0.5416666666666666,25.6650842083327,0.016699458356015384,0.003623188405797062,0.010000000000000009,0.010636140946034066,0.6369153249933268
zigzag_session_2026-03-23T03:35:17Z.json,path,zigzag,2026-03-23T03:34:33Z,unknown,moved,0.4601449275362319,0.5516666666666666,25.682174208312063,0.017089999979361892,0.0036231884057971175,0.010000000000000009,0.010636140946034085,0.6223605008120789
zigzag_session_2026-03-23T03:35:17Z.json,path,zigzag,2026-03-23T03:34:33Z,unknown,moved,0.46256038647342995,0.5583333333333333,25.698523499973817,0.01634929166175425,0.0024154589371980784,0.00666666666666671,0.007090760630689425,0.43370445505457444
zigzag_session_2026-03-23T03:35:17Z.json,path,zigzag,2026-03-23T03:34:33Z,unknown,moved,0.46497584541062803,0.565,25.71517216664506,0.016648666671244428,0.0024154589371980784,0.006666666666666599,0.007090760630689321,0.4259056157894302
zigzag_session_2026-03-23T03:35:17Z.json,path,zigzag,2026-03-23T03:34:33Z,unknown,moved,0.46859903381642515,0.5683333333333334,25.731499708315823,0.016327541670762002,0.0036231884057971175,0.0033333333333334103,0.0049232718120183335,0.30153172543019857
zigzag_session_2026-03-23T03:35:17Z.json,path,zigzag,2026-03-23T03:34:33Z,unknown,moved,0.46980676328502413,0.57,25.740059374977136,0.008559666661312804,0.0012077294685989837,0.0016666666666665941,0.002058248830219495,0.2404589935169064
zigzag_session_2026-03-23T03:35:17Z.json,path,zigzag,2026-03-23T03:34:33Z,unknown,moved,0.47101449275362317,0.57,25.75684879164328,0.016789416666142642,0.0012077294685990392,0.0,0.0012077294685990392,0.07193397439677184
zigzag_session_2026-03-23T03:35:17Z.json,path,zigzag,2026-03-23T03:34:33Z,unknown,moved,0.4722222222222222,0.57,25.781463874998735,0.02461508335545659,0.0012077294685990392,0.0,0.0012077294685990392,0.04906461014812341
zigzag_session_2026-03-23T03:35:17Z.json,path,zigzag,2026-03-23T03:34:33Z,unknown,moved,0.47342995169082125,0.57,25.79850404165336,0.017040166654624045,0.0012077294685990392,0.0,0.0012077294685990392,0.07087544934728135
zigzag_session_2026-03-23T03:35:17Z.json,path,zigzag,2026-03-23T03:34:33Z,unknown,moved,0.4746376811594203,0.57,25.814868624991504,0.016364583338145167,0.0012077294685990392,0.0,0.0012077294685990392,0.07380141881057685
zigzag_session_2026-03-23T03:35:17Z.json,path,zigzag,2026-03-23T03:34:33Z,unknown,moved,0.4758454106280193,0.5666666666666667,25.83174770831829,0.016879083326784894,0.0012077294685990392,-0.0033333333333332993,0.0035453803153446604,0.2100457854674256
zigzag_session_2026-03-23T03:35:17Z.json,path,zigzag,2026-03-23T03:34:33Z,unknown,moved,0.4782608695652174,0.5633333333333334,25.84836649999488,0.016618791676592082,0.0024154589371980784,-0.0033333333333332993,0.004116497660439145,0.2477013816977632
zigzag_session_2026-03-23T03:35:17Z.json,path,zigzag,2026-03-23T03:34:33Z,unknown,moved,0.4806763285024155,0.5583333333333333,25.865114791638916,0.016748291644034907,0.0024154589371980784,-0.0050000000000000044,0.005552876900966752,0.33154885399577283
zigzag_session_2026-03-23T03:35:17Z.json,path,zigzag,2026-03-23T03:34:33Z,unknown,moved,0.48429951690821255,0.5533333333333333,25.88181841664482,0.016703625005902722,0.003623188405797062,-0.0050000000000000044,0.00617474649065873,0.36966505704460556
zigzag_session_2026-03-23T03:35:17Z.json,path,zigzag,2026-03-23T03:34:33Z,unknown,moved,0.4891304347826087,0.5433333333333333,25.89837570831878,0.016557291673962027,0.004830917874396157,-0.010000000000000009,0.011105753801933503,0.6707470050430044
zigzag_session_2026-03-23T03:35:17Z.json,path,zigzag,2026-03-23T03:34:33Z,unknown,moved,0.4975845410628019,0.5283333333333333,25.915019333333476,0.016643625014694408,0.008454106280193219,-0.015000000000000013,0.017218359764995122,1.034531825235986
zigzag_session_2026-03-23T03:35:17Z.json,path,zigzag,2026-03-23T03:34:33Z,unknown,moved,0.5084541062801933,0.5066666666666667,25.931765749992337,0.016746416658861563,0.010869565217391353,-0.021666666666666612,0.02424029480966694,1.4474914427045444
zigzag_session_2026-03-23T03:35:17Z.json,path,zigzag,2026-03-23T03:34:33Z,unknown,moved,0.5205314009661836,0.4816666666666667,25.948457333317492,0.01669158332515508,0.01207729468599028,-0.025000000000000022,0.02776438450483371,1.663376323502597
zigzag_session_2026-03-23T03:35:17Z.json,path,zigzag,2026-03-23T03:34:33Z,unknown,moved,0.5301932367149759,0.45666666666666667,25.965212333307136,0.016754999989643693,0.009661835748792313,-0.025000000000000022,0.026802072122070007,1.5996462034399543
zigzag_session_2026-03-23T03:35:17Z.json,path,zigzag,2026-03-23T03:34:33Z,unknown,moved,0.538647342995169,0.43166666666666664,25.981606708315667,0.016394375008530915,0.008454106280193163,-0.025000000000000022,0.026390754308977273,1.6097444577938884
zigzag_session_2026-03-23T03:35:17Z.json,path,zigzag,2026-03-23T03:34:33Z,unknown,moved,0.5446859903381642,0.41,25.998473624989856,0.01686691667418927,0.006038647342995196,-0.021666666666666667,0.022492436643847803,1.3335239082710966
zigzag_session_2026-03-23T03:35:17Z.json,path,zigzag,2026-03-23T03:34:33Z,unknown,moved,0.5483091787439613,0.3933333333333333,26.015055916650454,0.016582291660597548,0.0036231884057971175,-0.016666666666666663,0.017055945356434524,1.028563826130405
zigzag_session_2026-03-23T03:35:17Z.json,path,zigzag,2026-03-23T03:34:33Z,unknown,moved,0.5507246376811594,0.38166666666666665,26.03171070831013,0.01665479165967554,0.0024154589371980784,-0.011666666666666659,0.011914090522922888,0.7153551222000091
zigzag_session_2026-03-23T03:35:17Z.json,path,zigzag,2026-03-23T03:34:33Z,unknown,moved,0.5531400966183575,0.37833333333333335,26.04855058330577,0.016839874995639548,0.0024154589371980784,-0.0033333333333332993,0.004116497660439145,0.24444941910228285
zigzag_session_2026-03-23T03:35:17Z.json,path,zigzag,2026-03-23T03:34:33Z,unknown,moved,0.5531400966183575,0.38166666666666665,26.114565916650463,0.06601533334469423,0.0,0.0033333333333332993,0.0033333333333332993,0.050493319725109065
zigzag_session_2026-03-23T03:35:17Z.json,path,zigzag,2026-03-23T03:34:33Z,unknown,moved,0.5531400966183575,0.38666666666666666,26.131702499988023,0.017136583337560296,0.0,0.0050000000000000044,0.0050000000000000044,0.2917734475717168
zigzag_session_2026-03-23T03:35:17Z.json,path,zigzag,2026-03-23T03:34:33Z,unknown,moved,0.5531400966183575,0.39166666666666666,26.14836662498419,0.01666412499616854,0.0,0.0050000000000000044,0.0050000000000000044,0.30004575704692676
zigzag_session_2026-03-23T03:35:17Z.json,path,zigzag,2026-03-23T03:34:33Z,unknown,moved,0.5531400966183575,0.4,26.16501995830913,0.016653333324939013,0.0,0.00833333333333336,0.00833333333333336,0.5004003205084395
zigzag_session_2026-03-23T03:35:17Z.json,path,zigzag,2026-03-23T03:34:33Z,unknown,moved,0.5531400966183575,0.4083333333333333,26.18180454164394,0.016784583334811032,0.0,0.008333333333333304,0.008333333333333304,0.49648735194099614
zigzag_session_2026-03-23T03:35:17Z.json,path,zigzag,2026-03-23T03:34:33Z,unknown,moved,0.5531400966183575,0.42333333333333334,26.19885145832086,0.017046916676918045,0.0,0.015000000000000013,0.015000000000000013,0.8799245215007352
zigzag_session_2026-03-23T03:35:17Z.json,path,zigzag,2026-03-23T03:34:33Z,unknown,moved,0.5543478260869565,0.44666666666666666,26.215261291654315,0.016409833333455026,0.0012077294685990392,0.023333333333333317,0.023364568365663557,1.4238150925049182
zigzag_session_2026-03-23T03:35:17Z.json,path,zigzag,2026-03-23T03:34:33Z,unknown,moved,0.5603864734299517,0.47333333333333333,26.231777374981903,0.016516083327587694,0.006038647342995196,0.026666666666666672,0.027341842894073074,1.6554677251114698
zigzag_session_2026-03-23T03:35:17Z.json,path,zigzag,2026-03-23T03:34:33Z,unknown,moved,0.5676328502415459,0.5,26.248480041656876,0.016702666674973443,0.007246376811594124,0.026666666666666672,0.027633694794701638,1.6544480790068556
zigzag_session_2026-03-23T03:35:17Z.json,path,zigzag,2026-03-23T03:34:33Z,unknown,moved,0.5748792270531401,0.5283333333333333,26.26494549997733,0.016465458320453763,0.007246376811594235,0.02833333333333332,0.02924530312158497,1.7761608910245636
zigzag_session_2026-03-23T03:35:17Z.json,path,zigzag,2026-03-23T03:34:33Z,unknown,moved,0.5821256038647343,0.55,26.281654249993153,0.01670875001582317,0.007246376811594235,0.021666666666666723,0.022846321833942057,1.367326808546816
zigzag_session_2026-03-23T03:35:17Z.json,path,zigzag,2026-03-23T03:34:33Z,unknown,moved,0.5905797101449275,0.57,26.298588749981718,0.01693449998856522,0.008454106280193163,0.019999999999999907,0.02171340399377301,1.2821992977905858
zigzag_session_2026-03-23T03:35:17Z.json,path,zigzag,2026-03-23T03:34:33Z,unknown,moved,0.5966183574879227,0.585,26.315049583325163,0.016460833343444392,0.006038647342995196,0.015000000000000013,0.016169887499084937,0.9823249626377315
zigzag_session_2026-03-23T03:35:17Z.json,path,zigzag,2026-03-23T03:34:33Z,unknown,moved,0.6014492753623188,0.5966666666666667,26.331811208307045,0.01676162498188205,0.004830917874396157,0.011666666666666714,0.012627306863313035,0.7533462225149485
zigzag_session_2026-03-23T03:35:17Z.json,path,zigzag,2026-03-23T03:34:33Z,unknown,moved,0.605072463768116,0.6,26.34842074997141,0.01660954166436568,0.0036231884057971175,0.0033333333333332993,0.004923271812018258,0.29641226178930075
zigzag_session_2026-03-23T03:35:17Z.json,path,zigzag,2026-03-23T03:34:33Z,unknown,moved,0.607487922705314,0.6016666666666667,26.36516229165136,0.01674154167994857,0.0024154589371980784,0.0016666666666667052,0.002934658354062356,0.17529200178602497
zigzag_session_2026-03-23T03:35:17Z.json,path,zigzag,2026-03-23T03:34:33Z,unknown,moved,0.6086956521739131,0.6016666666666667,26.37345058331266,0.008288291661301628,0.0012077294685990392,0.0,0.0012077294685990392,0.1457151265848881
zigzag_session_2026-03-23T03:35:17Z.json,path,zigzag,2026-03-23T03:34:33Z,unknown,moved,0.6086956521739131,0.5983333333333334,26.41505233332282,0.04160175001015887,0.0,-0.0033333333333332993,0.0033333333333332993,0.08012483447257199
zigzag_session_2026-03-23T03:35:17Z.json,path,zigzag,2026-03-23T03:34:33Z,unknown,moved,0.6086956521739131,0.5916666666666667,26.431693791644648,0.016641458321828395,0.0,-0.00666666666666671,0.00666666666666671,0.4006059167255868
zigzag_session_2026-03-23T03:35:17Z.json,path,zigzag,2026-03-23T03:34:33Z,unknown,moved,0.6099033816425121,0.585,26.448153708304744,0.016459916660096496,0.0012077294685990392,-0.00666666666666671,0.00677517932705604,0.4116168670210218
zigzag_session_2026-03-23T03:35:17Z.json,path,zigzag,2026-03-23T03:34:33Z,unknown,moved,0.6099033816425121,0.5816666666666667,26.465330458333483,0.017176750028738752,0.0,-0.0033333333333332993,0.0033333333333332993,0.19406076980547746
zigzag_session_2026-03-23T03:35:17Z.json,path,zigzag,2026-03-23T03:34:33Z,unknown,moved,0.6099033816425121,0.5766666666666667,26.481733791646548,0.01640333331306465,0.0,-0.0050000000000000044,0.0050000000000000044,0.304816094666423
zigzag_session_2026-03-23T03:35:17Z.json,path,zigzag,2026-03-23T03:34:33Z,unknown,moved,0.6123188405797102,0.57,26.49854404164944,0.016810250002890825,0.0024154589371980784,-0.00666666666666671,0.007090760630689425,0.4218117297166931
zigzag_session_2026-03-23T03:35:17Z.json,path,zigzag,2026-03-23T03:34:33Z,unknown,moved,0.6159420289855072,0.56,26.514994333323557,0.01645029167411849,0.0036231884057970065,-0.009999999999999898,0.010636140946033943,0.6465624535258518
zigzag_session_2026-03-23T03:35:17Z.json,path,zigzag,2026-03-23T03:34:33Z,unknown,moved,0.6219806763285024,0.5466666666666666,26.531900833331747,0.01690650000819005,0.006038647342995196,-0.01333333333333342,0.014637043400592997,0.8657642559667786
zigzag_session_2026-03-23T03:35:17Z.json,path,zigzag,2026-03-23T03:34:33Z,unknown,moved,0.6316425120772947,0.5316666666666666,26.54862512499676,0.01672429166501388,0.009661835748792313,-0.015000000000000013,0.017842395299864915,1.0668550667045609
zigzag_session_2026-03-23T03:35:17Z.json,path,zigzag,2026-03-23T03:34:33Z,unknown,moved,0.6388888888888888,0.515,26.565073666657554,0.016448541660793126,0.007246376811594124,-0.016666666666666607,0.01817382058548463,1.1048894765427073
zigzag_session_2026-03-23T03:35:17Z.json,path,zigzag,2026-03-23T03:34:33Z,unknown,moved,0.6461352657004831,0.49666666666666665,26.581887749984162,0.016814083326607943,0.007246376811594235,-0.018333333333333368,0.019713474782663838,1.172438270926591
zigzag_session_2026-03-23T03:35:17Z.json,path,zigzag,2026-03-23T03:34:33Z,unknown,moved,0.6545893719806763,0.48,26.5984769166389,0.01658916665473953,0.008454106280193274,-0.016666666666666663,0.018688223317763007,1.1265317726146165
zigzag_session_2026-03-23T03:35:17Z.json,path,zigzag,2026-03-23T03:34:33Z,unknown,moved,0.6618357487922706,0.465,26.615016874973662,0.01653995833476074,0.007246376811594235,-0.014999999999999958,0.016658630702900204,1.0071748891827652
zigzag_session_2026-03-23T03:35:17Z.json,path,zigzag,2026-03-23T03:34:33Z,unknown,moved,0.6678743961352657,0.45166666666666666,26.631874624988995,0.016857750015333295,0.006038647342995085,-0.013333333333333364,0.014637043400592901,0.8682679116299324
zigzag_session_2026-03-23T03:35:17Z.json,path,zigzag,2026-03-23T03:34:33Z,unknown,moved,0.6739130434782609,0.435,26.648296416649828,0.01642179166083224,0.006038647342995196,-0.016666666666666663,0.017726901576723457,1.079474270703607
zigzag_session_2026-03-23T03:35:17Z.json,path,zigzag,2026-03-23T03:34:33Z,unknown,moved,0.6811594202898551,0.4216666666666667,26.665060749975964,0.016764333326136693,0.007246376811594235,-0.013333333333333308,0.015175234913285124,0.9052095671246252
zigzag_session_2026-03-23T03:35:17Z.json,path,zigzag,2026-03-23T03:34:33Z,unknown,moved,0.6871980676328503,0.4083333333333333,26.68184695832315,0.016786208347184584,0.006038647342995196,-0.013333333333333364,0.014637043400592947,0.8719684098909627
zigzag_session_2026-03-23T03:35:17Z.json,path,zigzag,2026-03-23T03:34:33Z,unknown,moved,0.6944444444444444,0.3983333333333333,26.69853862497257,0.016691666649421677,0.007246376811594124,-0.010000000000000009,0.01234949298131746,0.7398597899596406
zigzag_session_2026-03-23T03:35:17Z.json,path,zigzag,2026-03-23T03:34:33Z,unknown,moved,0.7016908212560387,0.39,26.71523120830534,0.016692583332769573,0.007246376811594235,-0.008333333333333304,0.011043297575455194,0.6615691145765231
zigzag_session_2026-03-23T03:35:17Z.json,path,zigzag,2026-03-23T03:34:33Z,unknown,moved,0.7065217391304348,0.3883333333333333,26.731743291660678,0.01651208335533738,0.004830917874396157,-0.0016666666666667052,0.005110337101105776,0.3094907523861249
zigzag_session_2026-03-23T03:35:17Z.json,path,zigzag,2026-03-23T03:34:33Z,unknown,moved,0.7101449275362319,0.3883333333333333,26.74837258332991,0.01662929166923277,0.0036231884057971175,0.0,0.0036231884057971175,0.2178798999900085
zigzag_session_2026-03-23T03:35:17Z.json,path,zigzag,2026-03-23T03:34:33Z,unknown,moved,0.7125603864734299,0.3883333333333333,26.764952416648157,0.01657983331824653,0.0024154589371979673,0.0,0.0024154589371979673,0.14568656335885435
zigzag_session_2026-03-23T03:35:17Z.json,path,zigzag,2026-03-23T03:34:33Z,unknown,moved,0.7125603864734299,0.3983333333333333,26.78169079165673,0.016738375008571893,0.0,0.010000000000000009,0.010000000000000009,0.597429559015072
zigzag_session_2026-03-23T03:35:17Z.json,path,zigzag,2026-03-23T03:34:33Z,unknown,moved,0.7125603864734299,0.41,26.798555208311882,0.016864416655153036,0.0,0.011666666666666659,0.011666666666666659,0.6917918897065337
zigzag_session_2026-03-23T03:35:17Z.json,path,zigzag,2026-03-23T03:34:33Z,unknown,moved,0.7125603864734299,0.42333333333333334,26.81531129166251,0.016756083350628614,0.0,0.013333333333333364,0.013333333333333364,0.7957309028803056
zigzag_session_2026-03-23T03:35:17Z.json,path,zigzag,2026-03-23T03:34:33Z,unknown,moved,0.7137681159420289,0.43833333333333335,26.831562791659962,0.0162514999974519,0.0012077294685990392,0.015000000000000013,0.015048541805414999,0.9259786362966178
zigzag_session_2026-03-23T03:35:17Z.json,path,zigzag,2026-03-23T03:34:33Z,unknown,moved,0.716183574879227,0.4533333333333333,26.848255458317,0.01669266665703617,0.0024154589371980784,0.014999999999999958,0.015193236714975807,0.9101743314673851
zigzag_session_2026-03-23T03:35:17Z.json,path,zigzag,2026-03-23T03:34:33Z,unknown,moved,0.7185990338164251,0.4666666666666667,26.86505704166484,0.016801583347842097,0.0024154589371980784,0.013333333333333364,0.013550358654112025,0.8064929580492399
zigzag_session_2026-03-23T03:35:17Z.json,path,zigzag,2026-03-23T03:34:33Z,unknown,moved,0.7210144927536232,0.4816666666666667,26.881797291658586,0.016740249993745238,0.0024154589371980784,0.015000000000000013,0.01519323671497586,0.9075872057258764
zigzag_session_2026-03-23T03:35:17Z.json,path,zigzag,2026-03-23T03:34:33Z,unknown,moved,0.7258454106280193,0.49666666666666665,26.898349041643087,0.01655174998450093,0.004830917874396157,0.014999999999999958,0.01575873622817385,0.9520888270382493
zigzag_session_2026-03-23T03:35:17Z.json,path,zigzag,2026-03-23T03:34:33Z,unknown,moved,0.7294685990338164,0.5116666666666667,26.91490883330698,0.01655979166389443,0.0036231884057971175,0.015000000000000069,0.015431380178840281,0.9318583525712801
zigzag_session_2026-03-23T03:35:17Z.json,path,zigzag,2026-03-23T03:34:33Z,unknown,moved,0.7330917874396136,0.5283333333333333,26.931609666644363,0.016700833337381482,0.0036231884057971175,0.016666666666666607,0.017055945356434468,1.0212631317179928
zigzag_session_2026-03-23T03:35:17Z.json,path,zigzag,2026-03-23T03:34:33Z,unknown,moved,0.7379227053140096,0.5416666666666666,26.948414458311163,0.016804791666800156,0.004830917874396046,0.013333333333333308,0.014181521261378708,0.8438974753490085
zigzag_session_2026-03-23T03:35:17Z.json,path,zigzag,2026-03-23T03:34:33Z,unknown,moved,0.7415458937198067,0.5516666666666666,26.965016874979483,0.016602416668320075,0.0036231884057971175,0.010000000000000009,0.010636140946034085,0.640638116638131
zigzag_session_2026-03-23T03:35:17Z.json,path,zigzag,2026-03-23T03:34:33Z,unknown,moved,0.7439613526570048,0.56,26.98173733332078,0.016720458341296762,0.0024154589371980784,0.008333333333333415,0.00867634060659999,0.5189056681042569
zigzag_session_2026-03-23T03:35:17Z.json,path,zigzag,2026-03-23T03:34:33Z,unknown,moved,0.7475845410628019,0.5666666666666667,26.998416583315702,0.01667924999492243,0.0036231884057971175,0.006666666666666599,0.007587617456642513,0.4549135877783695
zigzag_session_2026-03-23T03:35:17Z.json,path,zigzag,2026-03-23T03:34:33Z,unknown,moved,0.751207729468599,0.5716666666666667,27.01496066665277,0.016544083337066695,0.0036231884057971175,0.0050000000000000044,0.006174746490658763,0.37322989523537786
zigzag_session_2026-03-23T03:35:17Z.json,path,zigzag,2026-03-23T03:34:33Z,unknown,moved,0.7536231884057971,0.575,27.031689666648163,0.01672899999539368,0.0024154589371980784,0.0033333333333332993,0.004116497660439145,0.2460695595416714
zigzag_session_2026-03-23T03:35:17Z.json,path,zigzag,2026-03-23T03:34:33Z,unknown,moved,0.7560386473429952,0.5783333333333334,27.04841358331032,0.016723916662158445,0.0024154589371980784,0.0033333333333334103,0.004116497660439235,0.24614435383750266
zigzag_session_2026-03-23T03:35:17Z.json,path,zigzag,2026-03-23T03:34:33Z,unknown,moved,0.7584541062801933,0.5783333333333334,27.06505887498497,0.016645291674649343,0.0024154589371980784,0.0,0.0024154589371980784,0.14511364441133853
zigzag_session_2026-03-23T03:35:17Z.json,path,zigzag,2026-03-23T03:34:33Z,unknown,moved,0.7608695652173914,0.5783333333333334,27.08165049998206,0.01659162499709055,0.0024154589371980784,0.0,0.0024154589371980784,0.1455830238220575
zigzag_session_2026-03-23T03:35:17Z.json,path,zigzag,2026-03-23T03:34:33Z,unknown,moved,0.7620772946859904,0.5766666666666667,27.114980958314845,0.033330458332784474,0.0012077294685990392,-0.0016666666666667052,0.0020582488302196174,0.061752791085836485
zigzag_session_2026-03-23T03:35:17Z.json,path,zigzag,2026-03-23T03:34:33Z,unknown,moved,0.7644927536231884,0.565,27.131683666666504,0.016702708351658657,0.0024154589371979673,-0.011666666666666714,0.01191409052292292,0.7133029130416323
zigzag_session_2026-03-23T03:35:17Z.json,path,zigzag,2026-03-23T03:34:33Z,unknown,moved,0.7741545893719807,0.5466666666666666,27.148293833306525,0.016610166640020907,0.009661835748792313,-0.018333333333333313,0.020723469331840928,1.2476376535506475
zigzag_session_2026-03-23T03:35:17Z.json,path,zigzag,2026-03-23T03:34:33Z,unknown,moved,0.7874396135265701,0.525,27.165037333325017,0.01674350001849234,0.013285024154589431,-0.021666666666666612,0.02541527712287369,1.51791901901059
zigzag_session_2026-03-23T03:35:17Z.json,path,zigzag,2026-03-23T03:34:33Z,unknown,moved,0.8019323671497585,0.49666666666666665,27.181650249985978,0.016612916660960764,0.01449275362318836,-0.028333333333333377,0.031824796705717064,1.9156658252854055
zigzag_session_2026-03-23T03:35:17Z.json,path,zigzag,2026-03-23T03:34:33Z,unknown,moved,0.8188405797101449,0.4666666666666667,27.198343958327314,0.016693708341335878,0.016908212560386437,-0.02999999999999997,0.034436719529990195,2.0628561866460924
zigzag_session_2026-03-23T03:35:17Z.json,path,zigzag,2026-03-23T03:34:33Z,unknown,moved,0.8357487922705314,0.43,27.21519233332947,0.01684837500215508,0.01690821256038655,-0.03666666666666668,0.04037737109361701,2.3965142684948746
zigzag_session_2026-03-23T03:35:17Z.json,path,zigzag,2026-03-23T03:34:33Z,unknown,moved,0.8538647342995169,0.39166666666666666,27.23168674999033,0.016494416660862043,0.018115942028985477,-0.03833333333333333,0.042398488181089745,2.5704751524613108
zigzag_session_2026-03-23T03:35:17Z.json,path,zigzag,2026-03-23T03:34:33Z,unknown,moved,0.8719806763285024,0.355,27.248322333325632,0.016635583335300907,0.018115942028985477,-0.03666666666666668,0.04089782145838587,2.4584543044907963
zigzag_session_2026-03-23T03:35:17Z.json,path,zigzag,2026-03-23T03:34:33Z,unknown,moved,0.8852657004830918,0.32666666666666666,27.264951833320083,0.01662949999445118,0.013285024154589431,-0.02833333333333332,0.03129328433651223,1.8817934602335586
zigzag_session_2026-03-23T03:35:17Z.json,path,zigzag,2026-03-23T03:34:33Z,unknown,moved,0.893719806763285,0.305,27.281606333330274,0.01665450001019053,0.008454106280193163,-0.021666666666666667,0.0232576085924853,1.396475942133025
zigzag_session_2026-03-23T03:35:17Z.json,path,zigzag,2026-03-23T03:34:33Z,unknown,moved,0.8973429951690821,0.29,27.2984007083287,0.016794374998426065,0.0036231884057971175,-0.015000000000000013,0.015431380178840227,0.9188421825930662
zigzag_session_2026-03-23T03:35:17Z.json,path,zigzag,2026-03-23T03:34:33Z,unknown,moved,0.8985507246376812,0.28833333333333333,27.30658845830476,0.008187749976059422,0.0012077294685990392,-0.0016666666666666496,0.0020582488302195727,0.25138149506736174
zigzag_session_2026-03-23T03:35:17Z.json,path,zigzag,2026-03-23T03:34:33Z,unknown,moved,0.8973429951690821,0.28833333333333333,27.36487179165124,0.058283333346480504,-0.0012077294685990392,0.0,0.0012077294685990392,0.020721695195766787
zigzag_session_2026-03-23T03:35:17Z.json,path,zigzag,2026-03-23T03:34:33Z,unknown,moved,0.892512077294686,0.2866666666666667,27.372765291656833,0.007893500005593523,-0.004830917874396157,-0.0016666666666666496,0.005110337101105758,0.6474107933723254
zigzag_session_2026-03-23T03:35:17Z.json,path,zigzag,2026-03-23T03:34:33Z,unknown,ended,0.8780193236714976,0.265,27.381547416647663,0.008782124990830198,-0.01449275362318836,-0.021666666666666667,0.026066920647189684,2.968179190618136
zigzag_session_2026-03-23T03:35:17Z.json,path,zigzag,2026-03-23T03:34:33Z,unknown,began,0.08695652173913043,0.4,28.056771749979816,0.675224333332153,-0.7910628019323671,0.135,0.8024994433649705,1.1884930737088957
zigzag_session_2026-03-23T03:35:17Z.json,path,zigzag,2026-03-23T03:34:33Z,unknown,moved,0.10144927536231885,0.4216666666666667,28.148057874990627,0.09128612501081079,0.014492753623188415,0.021666666666666667,0.026066920647189715,0.2855518365370715
zigzag_session_2026-03-23T03:35:17Z.json,path,zigzag,2026-03-23T03:34:33Z,unknown,moved,0.10628019323671498,0.43333333333333335,28.164900499978103,0.016842624987475574,0.004830917874396129,0.011666666666666659,0.012627306863312975,0.7497232095770598
zigzag_session_2026-03-23T03:35:17Z.json,path,zigzag,2026-03-23T03:34:33Z,unknown,moved,0.11352657004830918,0.45,28.18117533333134,0.016274833353236318,0.007246376811594207,0.016666666666666663,0.018173820585484713,1.116682437910848
zigzag_session_2026-03-23T03:35:17Z.json,path,zigzag,2026-03-23T03:34:33Z,unknown,moved,0.12198067632850242,0.465,28.19820412498666,0.017028791655320674,0.008454106280193233,0.015000000000000013,0.017218359764995125,1.0111322114634729
zigzag_session_2026-03-23T03:35:17Z.json,path,zigzag,2026-03-23T03:34:33Z,unknown,moved,0.13285024154589373,0.48333333333333334,28.21505587498541,0.016851749998750165,0.010869565217391311,0.018333333333333313,0.021313342279572985,1.2647554278430264
zigzag_session_2026-03-23T03:35:17Z.json,path,zigzag,2026-03-23T03:34:33Z,unknown,moved,0.14251207729468598,0.505,28.231480708316667,0.016424833331257105,0.009661835748792258,0.021666666666666667,0.02372331162551056,1.444356307735809
zigzag_session_2026-03-23T03:35:17Z.json,path,zigzag,2026-03-23T03:34:33Z,unknown,moved,0.15217391304347827,0.5283333333333333,28.24834541665041,0.016864708333741874,0.009661835748792286,0.023333333333333317,0.02525461372662596,1.4974829820269158
zigzag_session_2026-03-23T03:35:17Z.json,path,zigzag,2026-03-23T03:34:33Z,unknown,moved,0.1606280193236715,0.55,28.264990791649325,0.01664537499891594,0.008454106280193219,0.021666666666666723,0.02325760859248537,1.3972414916455809
zigzag_session_2026-03-23T03:35:17Z.json,path,zigzag,2026-03-23T03:34:33Z,unknown,moved,0.16666666666666666,0.5666666666666667,28.281607124983566,0.016616333334241062,0.006038647342995168,0.016666666666666607,0.017726901576723395,1.0668359390813253
zigzag_session_2026-03-23T03:35:17Z.json,path,zigzag,2026-03-23T03:34:33Z,unknown,moved,0.17270531400966183,0.5783333333333334,28.29831891664071,0.016711791657144204,0.006038647342995168,0.011666666666666714,0.013136832679309532,0.7860816451534449
zigzag_session_2026-03-23T03:35:17Z.json,path,zigzag,2026-03-23T03:34:33Z,unknown,moved,0.1751207729468599,0.5816666666666667,28.314852624986088,0.016533708345377818,0.0024154589371980784,0.0033333333333332993,0.004116497660439145,0.24897606601304045
zigzag_session_2026-03-23T03:35:17Z.json,path,zigzag,2026-03-23T03:34:33Z,unknown,moved,0.1751207729468599,0.585,28.331528958311537,0.016676333325449377,0.0,0.0033333333333332993,0.0033333333333332993,0.199884067335496
zigzag_session_2026-03-23T03:35:17Z.json,path,zigzag,2026-03-23T03:34:33Z,unknown,moved,0.1751207729468599,0.5833333333333334,28.39798712497577,0.06645816666423343,0.0,-0.0016666666666665941,0.0016666666666665941,0.02507843279949466
zigzag_session_2026-03-23T03:35:17Z.json,path,zigzag,2026-03-23T03:34:33Z,unknown,moved,0.17632850241545894,0.5783333333333334,28.414743749977788,0.016756625002017245,0.0012077294685990392,-0.0050000000000000044,0.005143793392946743,0.30697072902971256
zigzag_session_2026-03-23T03:35:17Z.json,path,zigzag,2026-03-23T03:34:33Z,unknown,moved,0.178743961352657,0.5683333333333334,28.431564249971416,0.01682049999362789,0.0024154589371980506,-0.010000000000000009,0.010287586785893478,0.6116100466568012
zigzag_session_2026-03-23T03:35:17Z.json,path,zigzag,2026-03-23T03:34:33Z,unknown,moved,0.1823671497584541,0.5516666666666666,28.448231916641816,0.01666766667040065,0.0036231884057971175,-0.01666666666666672,0.017055945356434576,1.0232953234374103
zigzag_session_2026-03-23T03:35:17Z.json,path,zigzag,2026-03-23T03:34:33Z,unknown,moved,0.19202898550724637,0.5233333333333333,28.464997124974616,0.016765208332799375,0.009661835748792258,-0.02833333333333332,0.029935411268503014,1.7855675082747118
zigzag_session_2026-03-23T03:35:17Z.json,path,zigzag,2026-03-23T03:34:33Z,unknown,moved,0.2028985507246377,0.49333333333333335,28.4817313333333,0.016734208358684555,0.010869565217391325,-0.02999999999999997,0.03190842283810219,1.906778148937214
zigzag_session_2026-03-23T03:35:17Z.json,path,zigzag,2026-03-23T03:34:33Z,unknown,moved,0.213768115942029,0.4683333333333333,28.498271583317546,0.016540249984245747,0.010869565217391297,-0.025000000000000022,0.02726073087822709,1.648145034336989
zigzag_session_2026-03-23T03:35:17Z.json,path,zigzag,2026-03-23T03:34:33Z,unknown,moved,0.2246376811594203,0.44666666666666666,28.514928416640032,0.01665683332248591,0.010869565217391297,-0.021666666666666667,0.024240294809666964,1.4552763025456799
zigzag_session_2026-03-23T03:35:17Z.json,path,zigzag,2026-03-23T03:34:33Z,unknown,moved,0.23550724637681159,0.42333333333333334,28.531565333309118,0.016636916669085622,0.010869565217391297,-0.023333333333333317,0.02574086036750843,1.547213397740915
zigzag_session_2026-03-23T03:35:17Z.json,path,zigzag,2026-03-23T03:34:33Z,unknown,moved,0.24516908212560387,0.405,28.548375833313912,0.01681050000479445,0.009661835748792286,-0.018333333333333313,0.020723469331840914,1.2327693599792073
zigzag_session_2026-03-23T03:35:17Z.json,path,zigzag,2026-03-23T03:34:33Z,unknown,moved,0.2536231884057971,0.3883333333333333,28.56483679165831,0.016460958344396204,0.008454106280193247,-0.01666666666666672,0.018688223317763045,1.135305911525198
zigzag_session_2026-03-23T03:35:17Z.json,path,zigzag,2026-03-23T03:34:33Z,unknown,moved,0.2584541062801932,0.38166666666666665,28.581496291648364,0.016659499990055338,0.004830917874396101,-0.006666666666666654,0.008232995320878303,0.49419222220312004
zigzag_session_2026-03-23T03:35:17Z.json,path,zigzag,2026-03-23T03:34:33Z,unknown,moved,0.26207729468599034,0.38,28.598148999997647,0.016652708349283785,0.0036231884057971175,-0.0016666666666666496,0.003988141421975953,0.23948905717474353
zigzag_session_2026-03-23T03:35:17Z.json,path,zigzag,2026-03-23T03:34:33Z,unknown,moved,0.2644927536231884,0.38,28.61499491665745,0.01684591665980406,0.0024154589371980784,0.0,0.0024154589371980784,0.14338542603392965
zigzag_session_2026-03-23T03:35:17Z.json,path,zigzag,2026-03-23T03:34:33Z,unknown,moved,0.2669082125603865,0.38166666666666665,28.631730999972206,0.01673608331475407,0.0024154589371980784,0.0016666666666666496,0.0029346583540623243,0.17534917213725928
zigzag_session_2026-03-23T03:35:17Z.json,path,zigzag,2026-03-23T03:34:33Z,unknown,moved,0.2693236714975845,0.39,28.64828512497479,0.01655412500258535,0.002415458937198023,0.00833333333333336,0.00867634060659992,0.5241195536003798
zigzag_session_2026-03-23T03:35:17Z.json,path,zigzag,2026-03-23T03:34:33Z,unknown,moved,0.2717391304347826,0.4,28.66494258333114,0.016657458356348798,0.0024154589371980784,0.010000000000000009,0.010287586785893485,0.6175964283274039
zigzag_session_2026-03-23T03:35:17Z.json,path,zigzag,2026-03-23T03:34:33Z,unknown,moved,0.27294685990338163,0.41,28.681564083322883,0.016621499991742894,0.0012077294685990392,0.009999999999999953,0.010072666502437256,0.6060022565617472
zigzag_session_2026-03-23T03:35:17Z.json,path,zigzag,2026-03-23T03:34:33Z,unknown,moved,0.2753623188405797,0.4216666666666667,28.698216499993578,0.016652416670694947,0.0024154589371980784,0.011666666666666714,0.011914090522922943,0.7154571470631919
zigzag_session_2026-03-23T03:35:17Z.json,path,zigzag,2026-03-23T03:34:33Z,unknown,moved,0.2777777777777778,0.435,28.714982333331136,0.016765833337558433,0.0024154589371980784,0.013333333333333308,0.013550358654111971,0.8082126537520071
zigzag_session_2026-03-23T03:35:17Z.json,path,zigzag,2026-03-23T03:34:33Z,unknown,moved,0.28019323671497587,0.4533333333333333,28.73153666665894,0.01655433332780376,0.0024154589371980784,0.018333333333333313,0.01849176987171321,1.117035008631573
zigzag_session_2026-03-23T03:35:17Z.json,path,zigzag,2026-03-23T03:34:33Z,unknown,moved,0.28381642512077293,0.47333333333333333,28.74819041666342,0.01665375000447966,0.003623188405797062,0.020000000000000018,0.020325537981168002,1.2204781491075987
zigzag_session_2026-03-23T03:35:17Z.json,path,zigzag,2026-03-23T03:34:33Z,unknown,moved,0.28743961352657005,0.49333333333333335,28.764925124996807,0.01673470833338797,0.0036231884057971175,0.020000000000000018,0.020325537981168013,1.2145737814035191
zigzag_session_2026-03-23T03:35:17Z.json,path,zigzag,2026-03-23T03:34:33Z,unknown,moved,0.29106280193236717,0.515,28.781472249975195,0.01654712497838773,0.0036231884057971175,0.021666666666666667,0.021967520084623732,1.327573225760705
zigzag_session_2026-03-23T03:35:17Z.json,path,zigzag,2026-03-23T03:34:33Z,unknown,moved,0.2946859903381642,0.535,28.798406666639494,0.016934416664298624,0.003623188405797062,0.020000000000000018,0.020325537981168002,1.2002502586356334
zigzag_session_2026-03-23T03:35:17Z.json,path,zigzag,2026-03-23T03:34:33Z,unknown,moved,0.29830917874396135,0.555,28.814750916644698,0.01634425000520423,0.0036231884057971175,0.020000000000000018,0.020325537981168013,1.2435895177017047
zigzag_session_2026-03-23T03:35:17Z.json,path,zigzag,2026-03-23T03:34:33Z,unknown,moved,0.30193236714975846,0.575,28.831461458321428,0.016710541676729918,0.0036231884057971175,0.019999999999999907,0.0203255379811679,1.2163302886507867
zigzag_session_2026-03-23T03:35:17Z.json,path,zigzag,2026-03-23T03:34:33Z,unknown,moved,0.3055555555555556,0.5933333333333334,28.84818624999025,0.016724791668821126,0.0036231884057971175,0.018333333333333424,0.018687926726499576,1.117378745072095
zigzag_session_2026-03-23T03:35:17Z.json,path,zigzag,2026-03-23T03:34:33Z,unknown,moved,0.3103864734299517,0.6066666666666667,28.864925833331654,0.016739583341404796,0.004830917874396101,0.013333333333333308,0.014181521261378727,0.847184841590484
zigzag_session_2026-03-23T03:35:17Z.json,path,zigzag,2026-03-23T03:34:33Z,unknown,moved,0.31280193236714976,0.615,28.88174845831236,0.01682262498070486,0.0024154589371980784,0.008333333333333304,0.008676340606599883,0.5157542664448286
zigzag_session_2026-03-23T03:35:17Z.json,path,zigzag,2026-03-23T03:34:33Z,unknown,moved,0.31521739130434784,0.6183333333333333,28.898165999999037,0.016417541686678305,0.0024154589371980784,0.0033333333333332993,0.004116497660439145,0.25073776202312903
zigzag_session_2026-03-23T03:35:17Z.json,path,zigzag,2026-03-23T03:34:33Z,unknown,moved,0.3176328502415459,0.6183333333333333,28.914914666645927,0.016748666646890342,0.0024154589371980784,0.0,0.0024154589371980784,0.144217983922114
zigzag_session_2026-03-23T03:35:17Z.json,path,zigzag,2026-03-23T03:34:33Z,unknown,moved,0.3188405797101449,0.6166666666666667,28.948253624985227,0.03333895833930001,0.0012077294685989837,-0.0016666666666665941,0.002058248830219495,0.061737046768891655
zigzag_session_2026-03-23T03:35:17Z.json,path,zigzag,2026-03-23T03:34:33Z,unknown,moved,0.321256038647343,0.6083333333333333,28.96510316664353,0.01684954165830277,0.0024154589371980784,-0.008333333333333415,0.00867634060659999,0.5149303632437172
zigzag_session_2026-03-23T03:35:17Z.json,path,zigzag,2026-03-23T03:34:33Z,unknown,moved,0.322463768115942,0.6,28.981633166666143,0.016530000022612512,0.0012077294685990392,-0.008333333333333304,0.008420395175629614,0.5094007963769378
zigzag_session_2026-03-23T03:35:17Z.json,path,zigzag,2026-03-23T03:34:33Z,unknown,moved,0.3248792270531401,0.5916666666666667,28.998179791640723,0.01654662497458048,0.0024154589371980784,-0.008333333333333304,0.008676340606599883,0.52435711934783
zigzag_session_2026-03-23T03:35:17Z.json,path,zigzag,2026-03-23T03:34:33Z,unknown,moved,0.3285024154589372,0.5783333333333334,29.014676833321573,0.01649704168085009,0.0036231884057971175,-0.013333333333333308,0.013816847397350807,0.8375348541059653
zigzag_session_2026-03-23T03:35:17Z.json,path,zigzag,2026-03-23T03:34:33Z,unknown,moved,0.33454106280193235,0.565,29.031470166664803,0.016793333343230188,0.00603864734299514,-0.01333333333333342,0.014637043400592974,0.8715984552580522
zigzag_session_2026-03-23T03:35:17Z.json,path,zigzag,2026-03-23T03:34:33Z,unknown,moved,0.3417874396135266,0.5483333333333333,29.0482995416387,0.016829374973895028,0.007246376811594235,-0.016666666666666607,0.01817382058548467,1.079886841530068
zigzag_session_2026-03-23T03:35:17Z.json,path,zigzag,2026-03-23T03:34:33Z,unknown,moved,0.34903381642512077,0.5283333333333333,29.064873666648054,0.016574125009356067,0.00724637681159418,-0.020000000000000018,0.021272281892068153,1.2834633430156936
zigzag_session_2026-03-23T03:35:17Z.json,path,zigzag,2026-03-23T03:34:33Z,unknown,moved,0.357487922705314,0.51,29.08163870833232,0.01676504168426618,0.008454106280193219,-0.018333333333333313,0.020188685546808458,1.204213262753491
zigzag_session_2026-03-23T03:35:17Z.json,path,zigzag,2026-03-23T03:34:33Z,unknown,moved,0.3647342995169082,0.49166666666666664,29.09809095831588,0.01645224998355843,0.007246376811594235,-0.018333333333333368,0.019713474782663838,1.1982236352088325
zigzag_session_2026-03-23T03:35:17Z.json,path,zigzag,2026-03-23T03:34:33Z,unknown,moved,0.3719806763285024,0.475,29.114761666656705,0.016670708340825513,0.00724637681159418,-0.016666666666666663,0.018173820585484703,1.0901648696581274
zigzag_session_2026-03-23T03:35:17Z.json,path,zigzag,2026-03-23T03:34:33Z,unknown,moved,0.37922705314009664,0.45666666666666667,29.131746499973815,0.016984833317110315,0.007246376811594235,-0.018333333333333313,0.019713474782663786,1.160651648126842
zigzag_session_2026-03-23T03:35:17Z.json,path,zigzag,2026-03-23T03:34:33Z,unknown,moved,0.38768115942028986,0.43166666666666664,29.148179666663054,0.016433166689239442,0.008454106280193219,-0.025000000000000022,0.026390754308977294,1.6059445393600342
zigzag_session_2026-03-23T03:35:17Z.json,path,zigzag,2026-03-23T03:34:33Z,unknown,moved,0.39492753623188404,0.4116666666666667,29.16485008332529,0.016670416662236676,0.00724637681159418,-0.019999999999999962,0.021272281892068097,1.2760498026576612
zigzag_session_2026-03-23T03:35:17Z.json,path,zigzag,2026-03-23T03:34:33Z,unknown,moved,0.40217391304347827,0.395,29.18154899997171,0.016698916646419093,0.007246376811594235,-0.016666666666666663,0.018173820585484723,1.088323330806128
zigzag_session_2026-03-23T03:35:17Z.json,path,zigzag,2026-03-23T03:34:33Z,unknown,moved,0.40700483091787437,0.38333333333333336,29.198144916648744,0.01659591667703353,0.004830917874396101,-0.011666666666666659,0.012627306863312962,0.7608682972473236
zigzag_session_2026-03-23T03:35:17Z.json,path,zigzag,2026-03-23T03:34:33Z,unknown,moved,0.4106280193236715,0.37833333333333335,29.21496604164713,0.01682112499838695,0.0036231884057971175,-0.0050000000000000044,0.006174746490658763,0.36708284917036677
zigzag_session_2026-03-23T03:35:17Z.json,path,zigzag,2026-03-23T03:34:33Z,unknown,moved,0.41183574879227053,0.37833333333333335,29.22326533330488,0.008299291657749563,0.0012077294685990392,0.0,0.0012077294685990392,0.14552199373199606
zigzag_session_2026-03-23T03:35:17Z.json,path,zigzag,2026-03-23T03:34:33Z,unknown,moved,0.41183574879227053,0.38166666666666665,29.264807041647146,0.04154170834226534,0.0,0.0033333333333332993,0.0033333333333332993,0.08024064166715796
zigzag_session_2026-03-23T03:35:17Z.json,path,zigzag,2026-03-23T03:34:33Z,unknown,moved,0.41183574879227053,0.39166666666666666,29.28152124999906,0.01671420835191384,0.0,0.010000000000000009,0.010000000000000009,0.5982933675022049
zigzag_session_2026-03-23T03:35:17Z.json,path,zigzag,2026-03-23T03:34:33Z,unknown,moved,0.41304347826086957,0.4033333333333333,29.298296708322596,0.01677545832353644,0.0012077294685990392,0.011666666666666659,0.011729011960963867,0.6991768412376389
zigzag_session_2026-03-23T03:35:17Z.json,path,zigzag,2026-03-23T03:34:33Z,unknown,moved,0.41545893719806765,0.42,29.314869583322434,0.01657287499983795,0.0024154589371980784,0.016666666666666663,0.01684079035125928,1.0161658946576229
zigzag_session_2026-03-23T03:35:17Z.json,path,zigzag,2026-03-23T03:34:33Z,unknown,moved,0.4178743961352657,0.43833333333333335,29.33151837499463,0.01664879167219624,0.0024154589371980784,0.018333333333333368,0.018491769871713266,1.1106974149117879
zigzag_session_2026-03-23T03:35:17Z.json,path,zigzag,2026-03-23T03:34:33Z,unknown,moved,0.42028985507246375,0.4583333333333333,29.34817545831902,0.016657083324389532,0.002415458937198023,0.019999999999999962,0.02014533300487456,1.209415394793486
zigzag_session_2026-03-23T03:35:17Z.json,path,zigzag,2026-03-23T03:34:33Z,unknown,moved,0.4227053140096618,0.48,29.364901583321625,0.01672612500260584,0.0024154589371980784,0.021666666666666667,0.02180089186986933,1.3034036195755363
zigzag_session_2026-03-23T03:35:17Z.json,path,zigzag,2026-03-23T03:34:33Z,unknown,moved,0.4251207729468599,0.505,29.381717916665366,0.016816333343740553,0.0024154589371980784,0.025000000000000022,0.02511641777557642,1.4935727820194145
zigzag_session_2026-03-23T03:35:17Z.json,path,zigzag,2026-03-23T03:34:33Z,unknown,moved,0.428743961352657,0.535,29.398192833323264,0.016474916657898575,0.0036231884057971175,0.030000000000000027,0.030217999507311934,1.8341822380524462
zigzag_session_2026-03-23T03:35:17Z.json,path,zigzag,2026-03-23T03:34:33Z,unknown,moved,0.43478260869565216,0.565,29.414797958306735,0.016605124983470887,0.00603864734299514,0.029999999999999916,0.03060171991462338,1.8429081349935648
zigzag_session_2026-03-23T03:35:17Z.json,path,zigzag,2026-03-23T03:34:33Z,unknown,moved,0.4396135265700483,0.5933333333333334,29.43153679164243,0.016738833335693926,0.004830917874396157,0.028333333333333433,0.028742225823463006,1.7170985126049985
zigzag_session_2026-03-23T03:35:17Z.json,path,zigzag,2026-03-23T03:34:33Z,unknown,moved,0.44323671497584544,0.615,29.448152333323378,0.01661554168094881,0.0036231884057971175,0.021666666666666612,0.02196752008462368,1.3221067664505568
zigzag_session_2026-03-23T03:35:17Z.json,path,zigzag,2026-03-23T03:34:33Z,unknown,moved,0.4468599033816425,0.6316666666666667,29.465059791662497,0.01690745833911933,0.003623188405797062,0.01666666666666672,0.017055945356434562,1.0087823382046532
zigzag_session_2026-03-23T03:35:17Z.json,path,zigzag,2026-03-23T03:34:33Z,unknown,moved,0.4492753623188406,0.6383333333333333,29.481476041662972,0.016416250000474975,0.0024154589371980784,0.006666666666666599,0.007090760630689321,0.4319354682393459
zigzag_session_2026-03-23T03:35:17Z.json,path,zigzag,2026-03-23T03:34:33Z,unknown,moved,0.4504830917874396,0.6383333333333333,29.489697166660335,0.008221124997362494,0.0012077294685990392,0.0,0.0012077294685990392,0.1469056204578453
zigzag_session_2026-03-23T03:35:17Z.json,path,zigzag,2026-03-23T03:34:33Z,unknown,moved,0.45169082125603865,0.6383333333333333,29.50661345833214,0.016916291671805084,0.0012077294685990392,0.0,0.0012077294685990392,0.07139445760514995
zigzag_session_2026-03-23T03:35:17Z.json,path,zigzag,2026-03-23T03:34:33Z,unknown,moved,0.4528985507246377,0.6366666666666667,29.531729833310237,0.025116374978097156,0.0012077294685990392,-0.0016666666666665941,0.0020582488302195276,0.08194848309178504
zigzag_session_2026-03-23T03:35:17Z.json,path,zigzag,2026-03-23T03:34:33Z,unknown,moved,0.45410628019323673,0.6316666666666667,29.54823920832132,0.01650937501108274,0.0012077294685990392,-0.0050000000000000044,0.005143793392946743,0.31156802662085725
zigzag_session_2026-03-23T03:35:17Z.json,path,zigzag,2026-03-23T03:34:33Z,unknown,moved,0.4553140096618358,0.6266666666666667,29.56485649998649,0.01661729166517034,0.0012077294685990392,-0.0050000000000000044,0.005143793392946743,0.30954462956969553
zigzag_session_2026-03-23T03:35:17Z.json,path,zigzag,2026-03-23T03:34:33Z,unknown,moved,0.4577294685990338,0.6216666666666667,29.581552666641073,0.016696166654583067,0.002415458937198023,-0.0050000000000000044,0.005552876900966727,0.33258394072405073
zigzag_session_2026-03-23T03:35:17Z.json,path,zigzag,2026-03-23T03:34:33Z,unknown,moved,0.4601449275362319,0.615,29.598161291651195,0.016608625010121614,0.0024154589371980784,-0.00666666666666671,0.007090760630689425,0.4269324297687605
zigzag_session_2026-03-23T03:35:17Z.json,path,zigzag,2026-03-23T03:34:33Z,unknown,moved,0.46256038647342995,0.605,29.614880083332537,0.016718791681341827,0.0024154589371980784,-0.010000000000000009,0.010287586785893485,0.6153307596609648
zigzag_session_2026-03-23T03:35:17Z.json,path,zigzag,2026-03-23T03:34:33Z,unknown,moved,0.4673913043478261,0.5916666666666667,29.631641541665886,0.016761458333348855,0.004830917874396157,-0.013333333333333308,0.014181521261378744,0.846079200230625
zigzag_session_2026-03-23T03:35:17Z.json,path,zigzag,2026-03-23T03:34:33Z,unknown,moved,0.47705314009661837,0.57,29.648125249979785,0.016483708313899115,0.009661835748792258,-0.021666666666666723,0.023723311625510612,1.4391974896514665
zigzag_session_2026-03-23T03:35:17Z.json,path,zigzag,2026-03-23T03:34:33Z,unknown,moved,0.48792270531400966,0.5466666666666666,29.664909374987474,0.016784125007689,0.010869565217391297,-0.023333333333333317,0.02574086036750843,1.533643270394867
zigzag_session_2026-03-23T03:35:17Z.json,path,zigzag,2026-03-23T03:34:33Z,unknown,moved,0.49879227053140096,0.5266666666666666,29.681472041644156,0.016562666656682268,0.010869565217391297,-0.020000000000000018,0.022762852369927707,1.3743470687278458
zigzag_session_2026-03-23T03:35:17Z.json,path,zigzag,2026-03-23T03:34:33Z,unknown,moved,0.5060386473429952,0.5083333333333333,29.69809374999022,0.016621708346065134,0.007246376811594235,-0.018333333333333313,0.019713474782663786,1.1860077419377033
zigzag_session_2026-03-23T03:35:17Z.json,path,zigzag,2026-03-23T03:34:33Z,unknown,moved,0.5144927536231884,0.49166666666666664,29.71503608333296,0.016942333342740312,0.008454106280193163,-0.016666666666666663,0.01868822331776296,1.1030489685041376
zigzag_session_2026-03-23T03:35:17Z.json,path,zigzag,2026-03-23T03:34:33Z,unknown,moved,0.5217391304347826,0.475,29.73153529164847,0.01649920831550844,0.007246376811594235,-0.016666666666666663,0.018173820585484723,1.1014965226181326
zigzag_session_2026-03-23T03:35:17Z.json,path,zigzag,2026-03-23T03:34:33Z,unknown,moved,0.5301932367149759,0.4583333333333333,29.748129833315033,0.0165945416665636,0.008454106280193274,-0.016666666666666663,0.018688223317763007,1.1261668862730914
zigzag_session_2026-03-23T03:35:17Z.json,path,zigzag,2026-03-23T03:34:33Z,unknown,moved,0.538647342995169,0.43833333333333335,29.764881583309034,0.01675174999400042,0.008454106280193163,-0.019999999999999962,0.021713403993773063,1.2961872044144427
zigzag_session_2026-03-23T03:35:17Z.json,path,zigzag,2026-03-23T03:34:33Z,unknown,moved,0.5458937198067633,0.42,29.781406958325533,0.01652537501649931,0.007246376811594235,-0.018333333333333368,0.019713474782663838,1.192921477605286
zigzag_session_2026-03-23T03:35:17Z.json,path,zigzag,2026-03-23T03:34:33Z,unknown,moved,0.5519323671497585,0.405,29.79834904166637,0.01694208334083669,0.006038647342995196,-0.014999999999999958,0.016169887499084885,0.9544214352971263
zigzag_session_2026-03-23T03:35:17Z.json,path,zigzag,2026-03-23T03:34:33Z,unknown,moved,0.5543478260869565,0.39666666666666667,29.81485508332844,0.016506041662069038,0.0024154589371980784,-0.00833333333333336,0.008676340606599936,0.5256463532706457
zigzag_session_2026-03-23T03:35:17Z.json,path,zigzag,2026-03-23T03:34:33Z,unknown,moved,0.5555555555555556,0.39666666666666667,29.82302079166402,0.008165708335582167,0.0012077294685990392,0.0,0.0012077294685990392,0.1479025969292026
zigzag_session_2026-03-23T03:35:17Z.json,path,zigzag,2026-03-23T03:34:33Z,unknown,moved,0.5555555555555556,0.4,29.881550041638548,0.058529249974526465,0.0,0.003333333333333355,0.003333333333333355,0.05695158121424951
zigzag_session_2026-03-23T03:35:17Z.json,path,zigzag,2026-03-23T03:34:33Z,unknown,moved,0.5555555555555556,0.4066666666666667,29.89772429165896,0.016174250020412728,0.0,0.006666666666666654,0.006666666666666654,0.41217779237077334
zigzag_session_2026-03-23T03:35:17Z.json,path,zigzag,2026-03-23T03:34:33Z,unknown,moved,0.5555555555555556,0.41833333333333333,29.914787124987924,0.01706283332896419,0.0,0.011666666666666659,0.011666666666666659,0.6837473262346454
zigzag_session_2026-03-23T03:35:17Z.json,path,zigzag,2026-03-23T03:34:33Z,unknown,moved,0.5579710144927537,0.43166666666666664,29.931414291640976,0.016627166653051972,0.0024154589371980784,0.013333333333333308,0.013550358654111971,0.814952958423903
zigzag_session_2026-03-23T03:35:17Z.json,path,zigzag,2026-03-23T03:34:33Z,unknown,moved,0.5603864734299517,0.44666666666666666,29.94822029164061,0.01680599999963306,0.0024154589371980784,0.015000000000000013,0.01519323671497586,0.9040364581285011
zigzag_session_2026-03-23T03:35:17Z.json,path,zigzag,2026-03-23T03:34:33Z,unknown,moved,0.5628019323671497,0.4583333333333333,29.964861124986783,0.016640833346173167,0.0024154589371979673,0.011666666666666659,0.011914090522922865,0.7159551613238592
zigzag_session_2026-03-23T03:35:17Z.json,path,zigzag,2026-03-23T03:34:33Z,unknown,moved,0.5652173913043478,0.47333333333333333,29.981440041650785,0.016578916664002463,0.0024154589371980784,0.015000000000000013,0.01519323671497586,0.9164191498691041
zigzag_session_2026-03-23T03:35:17Z.json,path,zigzag,2026-03-23T03:34:33Z,unknown,moved,0.5676328502415459,0.48833333333333334,29.998131416650722,0.01669137499993667,0.0024154589371980784,0.015000000000000013,0.01519323671497586,0.9102447650378418
zigzag_session_2026-03-23T03:35:17Z.json,path,zigzag,2026-03-23T03:34:33Z,unknown,moved,0.5736714975845411,0.5083333333333333,30.01483883333276,0.016707416682038456,0.006038647342995196,0.019999999999999962,0.02089175104516281,1.2504477168886787
zigzag_session_2026-03-23T03:35:17Z.json,path,zigzag,2026-03-23T03:34:33Z,unknown,moved,0.5809178743961353,0.5316666666666666,30.031717041652882,0.016878208320122212,0.007246376811594235,0.023333333333333317,0.024432650722753236,1.4475855647322833
zigzag_session_2026-03-23T03:35:17Z.json,path,zigzag,2026-03-23T03:34:33Z,unknown,moved,0.5893719806763285,0.5533333333333333,30.048328583332477,0.016611541679594666,0.008454106280193163,0.021666666666666723,0.02325760859248535,1.4000873032184966
zigzag_session_2026-03-23T03:35:17Z.json,path,zigzag,2026-03-23T03:34:33Z,unknown,moved,0.5966183574879227,0.5716666666666667,30.064877874974627,0.01654929164214991,0.007246376811594235,0.018333333333333313,0.019713474782663786,1.1911974970853083
zigzag_session_2026-03-23T03:35:17Z.json,path,zigzag,2026-03-23T03:34:33Z,unknown,moved,0.6026570048309179,0.59,30.0814346249972,0.016556750022573397,0.006038647342995196,0.018333333333333313,0.019302237508749428,1.1658228506459811
zigzag_session_2026-03-23T03:35:17Z.json,path,zigzag,2026-03-23T03:34:33Z,unknown,moved,0.607487922705314,0.605,30.098110041639302,0.01667541664210148,0.004830917874396157,0.015000000000000013,0.015758736228173902,0.945028035364755
zigzag_session_2026-03-23T03:35:17Z.json,path,zigzag,2026-03-23T03:34:33Z,unknown,moved,0.6135265700483091,0.62,30.114773958310252,0.01666391667095013,0.006038647342995085,0.015000000000000013,0.016169887499084896,0.9703533579997754
zigzag_session_2026-03-23T03:35:17Z.json,path,zigzag,2026-03-23T03:34:33Z,unknown,moved,0.6183574879227053,0.6316666666666667,30.131729166663717,0.016955208353465423,0.004830917874396157,0.011666666666666714,0.012627306863313035,0.7447450128639781
zigzag_session_2026-03-23T03:35:17Z.json,path,zigzag,2026-03-23T03:34:33Z,unknown,moved,0.6219806763285024,0.64,30.14822966666543,0.01650050000171177,0.0036231884057971175,0.008333333333333304,0.009086910292742336,0.550705147831863
zigzag_session_2026-03-23T03:35:17Z.json,path,zigzag,2026-03-23T03:34:33Z,unknown,moved,0.6243961352657005,0.6433333333333333,30.164778874983313,0.016549208317883313,0.0024154589371980784,0.0033333333333332993,0.004116497660439145,0.24874287527040184
zigzag_session_2026-03-23T03:35:17Z.json,path,zigzag,2026-03-23T03:34:33Z,unknown,moved,0.6268115942028986,0.6433333333333333,30.181567624997115,0.0167887500138022,0.0024154589371980784,0.0,0.0024154589371980784,0.1438736615419436
zigzag_session_2026-03-23T03:35:17Z.json,path,zigzag,2026-03-23T03:34:33Z,unknown,moved,0.6268115942028986,0.6366666666666667,30.214951249974547,0.03338362497743219,0.0,-0.006666666666666599,0.006666666666666599,0.19969870471446288
zigzag_session_2026-03-23T03:35:17Z.json,path,zigzag,2026-03-23T03:34:33Z,unknown,moved,0.6268115942028986,0.6266666666666667,30.231376166659174,0.016424916684627533,0.0,-0.010000000000000009,0.010000000000000009,0.6088310943676959
zigzag_session_2026-03-23T03:35:17Z.json,path,zigzag,2026-03-23T03:34:33Z,unknown,moved,0.6268115942028986,0.615,30.248131333326455,0.01675516666728072,0.0,-0.011666666666666714,0.011666666666666714,0.6963026329931552
zigzag_session_2026-03-23T03:35:17Z.json,path,zigzag,2026-03-23T03:34:33Z,unknown,moved,0.6304347826086957,0.6016666666666667,30.26477262499975,0.0166412916732952,0.0036231884057971175,-0.013333333333333308,0.013816847397350807,0.8302749371025768
zigzag_session_2026-03-23T03:35:17Z.json,path,zigzag,2026-03-23T03:34:33Z,unknown,moved,0.6328502415458938,0.585,30.281514916656306,0.016742291656555608,0.0024154589371980784,-0.01666666666666672,0.016840790351259335,1.0058832265453432
zigzag_session_2026-03-23T03:35:17Z.json,path,zigzag,2026-03-23T03:34:33Z,unknown,moved,0.6376811594202898,0.5683333333333334,30.29822704163962,0.016712124983314425,0.004830917874396046,-0.016666666666666607,0.017352681213199734,1.038328831942368
zigzag_session_2026-03-23T03:35:17Z.json,path,zigzag,2026-03-23T03:34:33Z,unknown,moved,0.644927536231884,0.55,30.314843499974813,0.016616458335192874,0.007246376811594235,-0.018333333333333313,0.019713474782663786,1.1863824640002603
zigzag_session_2026-03-23T03:35:17Z.json,path,zigzag,2026-03-23T03:34:33Z,unknown,moved,0.6533816425120773,0.53,30.331420999980764,0.01657750000595115,0.008454106280193274,-0.020000000000000018,0.021713403993773157,1.3098117319244922
zigzag_session_2026-03-23T03:35:17Z.json,path,zigzag,2026-03-23T03:34:33Z,unknown,moved,0.6618357487922706,0.5066666666666667,30.34815566666657,0.016734666685806587,0.008454106280193274,-0.023333333333333317,0.024817662207412827,1.4830090538021763
zigzag_session_2026-03-23T03:35:17Z.json,path,zigzag,2026-03-23T03:34:33Z,unknown,moved,0.6702898550724637,0.4866666666666667,30.364931333315326,0.01677566664875485,0.008454106280193163,-0.020000000000000018,0.02171340399377311,1.2943392622423597
zigzag_session_2026-03-23T03:35:17Z.json,path,zigzag,2026-03-23T03:34:33Z,unknown,moved,0.677536231884058,0.47,30.38167891665944,0.01674758334411308,0.007246376811594235,-0.01666666666666672,0.018173820585484775,1.0851607788459239
zigzag_session_2026-03-23T03:35:17Z.json,path,zigzag,2026-03-23T03:34:33Z,unknown,moved,0.6835748792270532,0.4533333333333333,30.398134749993915,0.016455833334475756,0.006038647342995196,-0.016666666666666663,0.017726901576723457,1.0772411956545982
zigzag_session_2026-03-23T03:35:17Z.json,path,zigzag,2026-03-23T03:34:33Z,unknown,moved,0.6896135265700483,0.435,30.414771416661097,0.016636666667182,0.006038647342995085,-0.018333333333333313,0.019302237508749393,1.16022265126136
zigzag_session_2026-03-23T03:35:17Z.json,path,zigzag,2026-03-23T03:34:33Z,unknown,moved,0.6932367149758454,0.4216666666666667,30.43148054165067,0.016709124989574775,0.0036231884057971175,-0.013333333333333308,0.013816847397350807,0.8269043056396711
zigzag_session_2026-03-23T03:35:17Z.json,path,zigzag,2026-03-23T03:34:33Z,unknown,moved,0.6968599033816425,0.415,30.448172166652512,0.016691625001840293,0.0036231884057971175,-0.00666666666666671,0.0075876174566426105,0.4545763193101964
zigzag_session_2026-03-23T03:35:17Z.json,path,zigzag,2026-03-23T03:34:33Z,unknown,moved,0.6992753623188406,0.4116666666666667,30.46495354163926,0.016781374986749142,0.0024154589371980784,-0.0033333333333332993,0.004116497660439145,0.2453015717537807
zigzag_session_2026-03-23T03:35:17Z.json,path,zigzag,2026-03-23T03:34:33Z,unknown,moved,0.7004830917874396,0.4116666666666667,30.473154666658957,0.00820112501969561,0.0012077294685990392,0.0,0.0012077294685990392,0.14726387729714976
zigzag_session_2026-03-23T03:35:17Z.json,path,zigzag,2026-03-23T03:34:33Z,unknown,moved,0.7016908212560387,0.4216666666666667,30.514908874989487,0.04175420833053067,0.0012077294685990392,0.010000000000000009,0.010072666502437311,0.24123715680826785
zigzag_session_2026-03-23T03:35:17Z.json,path,zigzag,2026-03-23T03:34:33Z,unknown,moved,0.7028985507246377,0.43333333333333335,30.53132262500003,0.01641375001054257,0.0012077294685990392,0.011666666666666659,0.011729011960963867,0.7145845375633422
zigzag_session_2026-03-23T03:35:17Z.json,path,zigzag,2026-03-23T03:34:33Z,unknown,moved,0.7041062801932367,0.44666666666666666,30.54822466665064,0.016902041650610045,0.0012077294685990392,0.013333333333333308,0.013387919489117779,0.7920888946948352
zigzag_session_2026-03-23T03:35:17Z.json,path,zigzag,2026-03-23T03:34:33Z,unknown,moved,0.7065217391304348,0.4583333333333333,30.564925958315143,0.016701291664503515,0.0024154589371980784,0.011666666666666659,0.011914090522922888,0.7133634189650602
zigzag_session_2026-03-23T03:35:17Z.json,path,zigzag,2026-03-23T03:34:33Z,unknown,moved,0.7089371980676329,0.47,30.581530541647226,0.016604583332082257,0.0024154589371980784,0.011666666666666659,0.011914090522922888,0.7175181866745963
zigzag_session_2026-03-23T03:35:17Z.json,path,zigzag,2026-03-23T03:34:33Z,unknown,moved,0.7137681159420289,0.48333333333333334,30.59808808332309,0.01655754167586565,0.004830917874396046,0.013333333333333364,0.01418152126137876,0.8564992037465206
zigzag_session_2026-03-23T03:35:17Z.json,path,zigzag,2026-03-23T03:34:33Z,unknown,moved,0.7185990338164251,0.49833333333333335,30.61475799998152,0.01666991665842943,0.004830917874396157,0.015000000000000013,0.015758736228173902,0.9453398328902399
zigzag_session_2026-03-23T03:35:17Z.json,path,zigzag,2026-03-23T03:34:33Z,unknown,moved,0.7246376811594203,0.515,30.631556541658938,0.016798541677417234,0.006038647342995196,0.016666666666666663,0.017726901576723457,1.0552643150300507
zigzag_session_2026-03-23T03:35:17Z.json,path,zigzag,2026-03-23T03:34:33Z,unknown,moved,0.7294685990338164,0.53,30.648134874994867,0.01657833333592862,0.004830917874396157,0.015000000000000013,0.015758736228173902,0.9505621529530666
zigzag_session_2026-03-23T03:35:17Z.json,path,zigzag,2026-03-23T03:34:33Z,unknown,moved,0.7330917874396136,0.5433333333333333,30.664788374997443,0.016653500002576038,0.0036231884057971175,0.013333333333333308,0.013816847397350807,0.8296662800740718
zigzag_session_2026-03-23T03:35:17Z.json,path,zigzag,2026-03-23T03:34:33Z,unknown,moved,0.7379227053140096,0.5566666666666666,30.68138404164347,0.016595666646026075,0.004830917874396046,0.013333333333333308,0.014181521261378708,0.8545315812772458
zigzag_session_2026-03-23T03:35:17Z.json,path,zigzag,2026-03-23T03:34:33Z,unknown,moved,0.7415458937198067,0.565,30.698108666663757,0.01672462502028793,0.0036231884057971175,0.008333333333333304,0.009086910292742336,0.5433252035079645
zigzag_session_2026-03-23T03:35:17Z.json,path,zigzag,2026-03-23T03:34:33Z,unknown,moved,0.7439613526570048,0.57,30.714882458327338,0.016773791663581505,0.0024154589371980784,0.0050000000000000044,0.005552876900966752,0.33104482351613473
zigzag_session_2026-03-23T03:35:17Z.json,path,zigzag,2026-03-23T03:34:33Z,unknown,moved,0.7463768115942029,0.57,30.73142916665529,0.01654670832795091,0.0024154589371980784,0.0,0.0024154589371980784,0.14597821447773116
zigzag_session_2026-03-23T03:35:17Z.json,path,zigzag,2026-03-23T03:34:33Z,unknown,moved,0.7475845410628019,0.57,30.747956999985036,0.0165278333297465,0.0012077294685990392,0.0,0.0012077294685990392,0.07307246173794536
zigzag_session_2026-03-23T03:35:17Z.json,path,zigzag,2026-03-23T03:34:33Z,unknown,moved,0.75,0.57,30.76474054166465,0.016783541679615155,0.0024154589371980784,0.0,0.0024154589371980784,0.14391830897836247
zigzag_session_2026-03-23T03:35:17Z.json,path,zigzag,2026-03-23T03:34:33Z,unknown,moved,0.7524154589371981,0.57,30.781548416649457,0.016807874984806404,0.0024154589371980784,0.0,0.0024154589371980784,0.1437099537794962
zigzag_session_2026-03-23T03:35:17Z.json,path,zigzag,2026-03-23T03:34:33Z,unknown,moved,0.7548309178743962,0.57,30.798196791642113,0.01664837499265559,0.0024154589371980784,0.0,0.0024154589371980784,0.14508676902482404
zigzag_session_2026-03-23T03:35:17Z.json,path,zigzag,2026-03-23T03:34:33Z,unknown,moved,0.7572463768115942,0.5666666666666667,30.81480283330893,0.016606041666818783,0.0024154589371980784,-0.0033333333333332993,0.004116497660439145,0.24789156519247385
zigzag_session_2026-03-23T03:35:17Z.json,path,zigzag,2026-03-23T03:34:33Z,unknown,moved,0.7584541062801933,0.5583333333333333,30.831546583329327,0.016743750020395964,0.0012077294685990392,-0.008333333333333304,0.008420395175629614,0.5028978075623757
zigzag_session_2026-03-23T03:35:17Z.json,path,zigzag,2026-03-23T03:34:33Z,unknown,moved,0.7620772946859904,0.5383333333333333,30.848048291663872,0.016501708334544674,0.0036231884057971175,-0.020000000000000018,0.020325537981168013,1.2317232597438736
zigzag_session_2026-03-23T03:35:17Z.json,path,zigzag,2026-03-23T03:34:33Z,unknown,moved,0.783816425120773,0.485,30.864827458310174,0.016779166646301746,0.021739130434782594,-0.053333333333333344,0.057593699625088646,3.4324529244593163
zigzag_session_2026-03-23T03:35:17Z.json,path,zigzag,2026-03-23T03:34:33Z,unknown,moved,0.8128019323671497,0.4166666666666667,30.881609833304537,0.016782374994363636,0.02898550724637672,-0.0683333333333333,0.07422670728770203,4.422896479945841
zigzag_session_2026-03-23T03:35:17Z.json,path,zigzag,2026-03-23T03:34:33Z,unknown,moved,0.8357487922705314,0.37,30.898036291648168,0.016426458343630657,0.022946859903381744,-0.04666666666666669,0.05200323218034826,3.1658213287657633
zigzag_session_2026-03-23T03:35:17Z.json,path,zigzag,2026-03-23T03:34:33Z,unknown,moved,0.8490338164251208,0.3383333333333333,30.91471541664214,0.016679124993970618,0.01328502415458932,-0.031666666666666676,0.034340495694817806,2.058890721619488
zigzag_session_2026-03-23T03:35:17Z.json,path,zigzag,2026-03-23T03:34:33Z,unknown,moved,0.8586956521739131,0.315,30.931564833328594,0.016849416686454788,0.009661835748792313,-0.023333333333333317,0.025254613726625966,1.4988420190788028
zigzag_session_2026-03-23T03:35:17Z.json,path,zigzag,2026-03-23T03:34:33Z,unknown,moved,0.8659420289855072,0.3,30.9480513749877,0.01648654165910557,0.007246376811594124,-0.015000000000000013,0.016658630702900207,1.0104381529706439
zigzag_session_2026-03-23T03:35:17Z.json,path,zigzag,2026-03-23T03:34:33Z,unknown,moved,0.8707729468599034,0.2833333333333333,30.964772708306555,0.016721333318855613,0.004830917874396157,-0.016666666666666663,0.01735268121319982,1.0377570306329744
zigzag_session_2026-03-23T03:35:17Z.json,path,zigzag,2026-03-23T03:34:33Z,unknown,moved,0.8731884057971014,0.27166666666666667,30.981477791647194,0.01670508334063925,0.0024154589371980784,-0.011666666666666659,0.011914090522922888,0.7132015016015463
zigzag_session_2026-03-23T03:35:17Z.json,path,zigzag,2026-03-23T03:34:33Z,unknown,moved,0.8743961352657005,0.2633333333333333,30.998139583331067,0.01666179168387316,0.0012077294685990392,-0.00833333333333336,0.008420395175629668,0.5053715311889124
zigzag_session_2026-03-23T03:35:17Z.json,path,zigzag,2026-03-23T03:34:33Z,unknown,moved,0.8743961352657005,0.255,31.01470791664906,0.016568333317991346,0.0,-0.008333333333333304,0.008333333333333304,0.5029675087647012
zigzag_session_2026-03-23T03:35:17Z.json,path,zigzag,2026-03-23T03:34:33Z,unknown,moved,0.8719806763285024,0.245,31.03137891663937,0.01667099999031052,-0.0024154589371980784,-0.010000000000000009,0.010287586785893485,0.6170947628740215
zigzag_session_2026-03-23T03:35:17Z.json,path,zigzag,2026-03-23T03:34:33Z,unknown,ended,0.8671497584541062,0.23833333333333334,31.039672916638665,0.00829399999929592,-0.004830917874396157,-0.006666666666666654,0.008232995320878334,0.9926447216755769
zigzag_session_2026-03-23T03:35:17Z.json,path,zigzag,2026-03-23T03:34:33Z,unknown,began,0.09178743961352658,0.3883333333333333,31.581588291650405,0.5419153750117403,-0.7753623188405797,0.14999999999999997,0.7897383905305863,1.4573094378683702
zigzag_session_2026-03-23T03:35:17Z.json,path,zigzag,2026-03-23T03:34:33Z,unknown,moved,0.10265700483091787,0.405,31.673030458332505,0.09144216668209992,0.010869565217391297,0.01666666666666672,0.019897869880791317,0.2176005950292775
zigzag_session_2026-03-23T03:35:17Z.json,path,zigzag,2026-03-23T03:34:33Z,unknown,moved,0.10386473429951691,0.41333333333333333,31.681475124991266,0.00844466665876098,0.0012077294685990392,0.008333333333333304,0.008420395175629614,0.9971258210522513
zigzag_session_2026-03-23T03:35:17Z.json,path,zigzag,2026-03-23T03:34:33Z,unknown,moved,0.10869565217391304,0.43333333333333335,31.698021541640628,0.016546416649362072,0.004830917874396129,0.020000000000000018,0.020575173571786964,1.24348213923286
zigzag_session_2026-03-23T03:35:17Z.json,path,zigzag,2026-03-23T03:34:33Z,unknown,moved,0.11352657004830918,0.455,31.71460949999164,0.016587958351010457,0.004830917874396143,0.021666666666666667,0.02219869842926843,1.338241751005855
zigzag_session_2026-03-23T03:35:17Z.json,path,zigzag,2026-03-23T03:34:33Z,unknown,moved,0.12077294685990338,0.47333333333333333,31.731412166642258,0.016802666650619358,0.0072463768115941934,0.018333333333333313,0.01971347478266377,1.173234891375835
zigzag_session_2026-03-23T03:35:17Z.json,path,zigzag,2026-03-23T03:34:33Z,unknown,moved,0.1316425120772947,0.49666666666666665,31.748060874990188,0.01664870834792964,0.010869565217391311,0.023333333333333317,0.025740860367508438,1.5461175623699033
zigzag_session_2026-03-23T03:35:17Z.json,path,zigzag,2026-03-23T03:34:33Z,unknown,moved,0.14251207729468598,0.525,31.764565624995157,0.016504750004969537,0.010869565217391297,0.028333333333333377,0.030346749839033883,1.8386676459744349
zigzag_session_2026-03-23T03:35:17Z.json,path,zigzag,2026-03-23T03:34:33Z,unknown,moved,0.15338164251207728,0.55,31.781532958324533,0.016967333329375833,0.010869565217391297,0.025000000000000022,0.02726073087822709,1.6066597118729389
zigzag_session_2026-03-23T03:35:17Z.json,path,zigzag,2026-03-23T03:34:33Z,unknown,moved,0.16183574879227053,0.5716666666666667,31.798055708321044,0.016522749996511266,0.008454106280193247,0.021666666666666612,0.02325760859248528,1.4076112388915925
zigzag_session_2026-03-23T03:35:17Z.json,path,zigzag,2026-03-23T03:34:33Z,unknown,moved,0.16666666666666666,0.59,31.81465383330942,0.016598124988377094,0.004830917874396129,0.018333333333333313,0.018959137074779284,1.1422457107688668
zigzag_session_2026-03-23T03:35:17Z.json,path,zigzag,2026-03-23T03:34:33Z,unknown,moved,0.17028985507246377,0.595,31.8314196249994,0.01676579168997705,0.0036231884057971175,0.0050000000000000044,0.006174746490658763,0.3682943582288547
zigzag_session_2026-03-23T03:35:17Z.json,path,zigzag,2026-03-23T03:34:33Z,unknown,moved,0.17149758454106281,0.5966666666666667,31.8394398749806,0.008020249981200323,0.0012077294685990392,0.0016666666666667052,0.0020582488302196174,0.25663150588126393
zigzag_session_2026-03-23T03:35:17Z.json,path,zigzag,2026-03-23T03:34:33Z,unknown,moved,0.17270531400966183,0.5966666666666667,31.872903166658944,0.03346329167834483,0.0012077294685990114,0.0,0.0012077294685990114,0.0360911735823219
zigzag_session_2026-03-23T03:35:17Z.json,path,zigzag,2026-03-23T03:34:33Z,unknown,moved,0.1751207729468599,0.5883333333333334,31.897999708307907,0.025096541648963466,0.0024154589371980784,-0.008333333333333304,0.008676340606599883,0.34571857461317707
zigzag_session_2026-03-23T03:35:17Z.json,path,zigzag,2026-03-23T03:34:33Z,unknown,moved,0.17753623188405798,0.5766666666666667,31.91463104163995,0.01663133333204314,0.0024154589371980784,-0.011666666666666714,0.011914090522922943,0.7163641233723809
zigzag_session_2026-03-23T03:35:17Z.json,path,zigzag,2026-03-23T03:34:33Z,unknown,moved,0.18357487922705315,0.56,31.931392458325718,0.016761416685767472,0.006038647342995168,-0.016666666666666607,0.017726901576723395,1.0576016281353915
zigzag_session_2026-03-23T03:35:17Z.json,path,zigzag,2026-03-23T03:34:33Z,unknown,moved,0.1932367149758454,0.5333333333333333,31.948258833319414,0.01686637499369681,0.009661835748792258,-0.026666666666666727,0.02836304252275758,1.6816323918659006
zigzag_session_2026-03-23T03:35:17Z.json,path,zigzag,2026-03-23T03:34:33Z,unknown,moved,0.2041062801932367,0.5,31.964887791662477,0.01662895834306255,0.010869565217391297,-0.033333333333333326,0.03506078377797954,2.1084173196336486
zigzag_session_2026-03-23T03:35:17Z.json,path,zigzag,2026-03-23T03:34:33Z,unknown,moved,0.21618357487922704,0.47,31.981336916651344,0.01644912498886697,0.012077294685990336,-0.030000000000000027,0.032339774998169854,1.966048347256035
zigzag_session_2026-03-23T03:35:17Z.json,path,zigzag,2026-03-23T03:34:33Z,unknown,moved,0.22705314009661837,0.44166666666666665,31.99797137497808,0.016634458326734602,0.010869565217391325,-0.02833333333333332,0.03034674983903384,1.8243305097744655
zigzag_session_2026-03-23T03:35:17Z.json,path,zigzag,2026-03-23T03:34:33Z,unknown,moved,0.23792270531400966,0.41333333333333333,32.014748208312085,0.01677683333400637,0.010869565217391297,-0.02833333333333332,0.03034674983903383,1.8088485016729265
zigzag_session_2026-03-23T03:35:17Z.json,path,zigzag,2026-03-23T03:34:33Z,unknown,moved,0.24879227053140096,0.38666666666666666,32.03164741664659,0.01689920833450742,0.010869565217391297,-0.026666666666666672,0.028796849812544323,1.7040354342364343
zigzag_session_2026-03-23T03:35:17Z.json,path,zigzag,2026-03-23T03:34:33Z,unknown,moved,0.2584541062801932,0.3616666666666667,32.04807374998927,0.016426333342678845,0.009661835748792258,-0.024999999999999967,0.026802072122069937,1.6316527591968977
zigzag_session_2026-03-23T03:35:17Z.json,path,zigzag,2026-03-23T03:34:33Z,unknown,moved,0.26811594202898553,0.345,32.06479404165293,0.016720291663659737,0.009661835748792313,-0.01666666666666672,0.019264704716512544,1.1521751596225378
zigzag_session_2026-03-23T03:35:17Z.json,path,zigzag,2026-03-23T03:34:33Z,unknown,moved,0.27657004830917875,0.3333333333333333,32.08115837498917,0.016364333336241543,0.008454106280193219,-0.011666666666666659,0.014407741811537063,0.8804356105133057
zigzag_session_2026-03-23T03:35:17Z.json,path,zigzag,2026-03-23T03:34:33Z,unknown,moved,0.2826086956521739,0.33,32.09787291663815,0.01671454164898023,0.00603864734299514,-0.0033333333333332993,0.006897562819153817,0.41266837966655484
zigzag_session_2026-03-23T03:35:17Z.json,path,zigzag,2026-03-23T03:34:33Z,unknown,moved,0.28743961352657005,0.33,32.11468566666008,0.01681275002192706,0.004830917874396157,0.0,0.004830917874396157,0.2873365670753274
zigzag_session_2026-03-23T03:35:17Z.json,path,zigzag,2026-03-23T03:34:33Z,unknown,moved,0.2898550724637681,0.33,32.13115004164865,0.016464374988572672,0.0024154589371980784,0.0,0.0024154589371980784,0.14670820719733127
zigzag_session_2026-03-23T03:35:17Z.json,path,zigzag,2026-03-23T03:34:33Z,unknown,moved,0.2922705314009662,0.33666666666666667,32.148028999974485,0.016878958325833082,0.0024154589371980784,0.006666666666666654,0.007090760630689372,0.4200946820182044
zigzag_session_2026-03-23T03:35:17Z.json,path,zigzag,2026-03-23T03:34:33Z,unknown,moved,0.29589371980676327,0.3466666666666667,32.164717833307805,0.016688833333319053,0.003623188405797062,0.010000000000000009,0.010636140946034066,0.6373208200718944
zigzag_session_2026-03-23T03:35:17Z.json,path,zigzag,2026-03-23T03:34:33Z,unknown,moved,0.29830917874396135,0.3616666666666667,32.18132499998319,0.016607166675385088,0.0024154589371980784,0.015000000000000013,0.01519323671497586,0.914860253525068
zigzag_session_2026-03-23T03:35:17Z.json,path,zigzag,2026-03-23T03:34:33Z,unknown,moved,0.3031400966183575,0.38166666666666665,32.19811833332642,0.016793333343230188,0.004830917874396157,0.019999999999999962,0.02057517357178692,1.2251989019250478
zigzag_session_2026-03-23T03:35:17Z.json,path,zigzag,2026-03-23T03:34:33Z,unknown,moved,0.30917874396135264,0.4083333333333333,32.21479904165608,0.016680708329658955,0.00603864734299514,0.026666666666666672,0.027341842894073064,1.6391296073115906
zigzag_session_2026-03-23T03:35:17Z.json,path,zigzag,2026-03-23T03:34:33Z,unknown,moved,0.31280193236714976,0.435,32.23140670830617,0.016607666650088504,0.0036231884057971175,0.026666666666666672,0.026911681577616326,1.6204372441129717
zigzag_session_2026-03-23T03:35:17Z.json,path,zigzag,2026-03-23T03:34:33Z,unknown,moved,0.31521739130434784,0.46,32.24794899998233,0.016542291676159948,0.0024154589371980784,0.025000000000000022,0.02511641777557642,1.5183154950515798
zigzag_session_2026-03-23T03:35:17Z.json,path,zigzag,2026-03-23T03:34:33Z,unknown,moved,0.3176328502415459,0.4816666666666667,32.26465870832908,0.01670970834675245,0.0024154589371980784,0.021666666666666667,0.02180089186986933,1.304684164287425
zigzag_session_2026-03-23T03:35:17Z.json,path,zigzag,2026-03-23T03:34:33Z,unknown,moved,0.32004830917874394,0.5033333333333333,32.281425374996616,0.0167666666675359,0.002415458937198023,0.021666666666666612,0.021800891869869266,1.3002520001236009
zigzag_session_2026-03-23T03:35:17Z.json,path,zigzag,2026-03-23T03:34:33Z,unknown,moved,0.321256038647343,0.5266666666666666,32.297901041660225,0.016475666663609445,0.0012077294685990392,0.023333333333333317,0.023364568365663557,1.4181258241446426
zigzag_session_2026-03-23T03:35:17Z.json,path,zigzag,2026-03-23T03:34:33Z,unknown,moved,0.322463768115942,0.5466666666666666,32.31475541664986,0.01685437498963438,0.0012077294685990392,0.020000000000000018,0.020036432079322986,1.1887970981804787
zigzag_session_2026-03-23T03:35:17Z.json,path,zigzag,2026-03-23T03:34:33Z,unknown,moved,0.32367149758454106,0.5633333333333334,32.3312941249751,0.016538708325242624,0.0012077294685990392,0.01666666666666672,0.016710367687370078,1.0103792484123717
zigzag_session_2026-03-23T03:35:17Z.json,path,zigzag,2026-03-23T03:34:33Z,unknown,moved,0.3248792270531401,0.575,32.348109624988865,0.016815500013763085,0.0012077294685990392,0.011666666666666603,0.011729011960963811,0.697511935497838
zigzag_session_2026-03-23T03:35:17Z.json,path,zigzag,2026-03-23T03:34:33Z,unknown,moved,0.3248792270531401,0.5783333333333334,32.36476237498573,0.016652749996865168,0.0,0.0033333333333334103,0.0033333333333334103,0.2001671395992194
zigzag_session_2026-03-23T03:35:17Z.json,path,zigzag,2026-03-23T03:34:33Z,unknown,moved,0.32608695652173914,0.5783333333333334,32.38977179164067,0.025009416654938832,0.0012077294685990392,0.0,0.0012077294685990392,0.04829098916069832
zigzag_session_2026-03-23T03:35:17Z.json,path,zigzag,2026-03-23T03:34:33Z,unknown,moved,0.3272946859903382,0.5783333333333334,32.414359833317576,0.02458804167690687,0.0012077294685990392,0.0,0.0012077294685990392,0.04911857090812323
zigzag_session_2026-03-23T03:35:17Z.json,path,zigzag,2026-03-23T03:34:33Z,unknown,moved,0.3285024154589372,0.5783333333333334,32.43125366664026,0.01689383332268335,0.0012077294685990392,0.0,0.0012077294685990392,0.07148936807476494
zigzag_session_2026-03-23T03:35:17Z.json,path,zigzag,2026-03-23T03:34:33Z,unknown,moved,0.32971014492753625,0.5766666666666667,32.464599083323264,0.03334541668300517,0.0012077294685990392,-0.0016666666666667052,0.0020582488302196174,0.06172508953137853
zigzag_session_2026-03-23T03:35:17Z.json,path,zigzag,2026-03-23T03:34:33Z,unknown,moved,0.3321256038647343,0.5733333333333334,32.48140745831188,0.01680837498861365,0.002415458937198023,-0.0033333333333332993,0.0041164976604391125,0.2449075334901628
zigzag_session_2026-03-23T03:35:17Z.json,path,zigzag,2026-03-23T03:34:33Z,unknown,moved,0.33454106280193235,0.5683333333333334,32.49793029166176,0.016522833349881694,0.0024154589371980784,-0.0050000000000000044,0.005552876900966752,0.33607292305024133
zigzag_session_2026-03-23T03:35:17Z.json,path,zigzag,2026-03-23T03:34:33Z,unknown,moved,0.33695652173913043,0.56,32.51470708331908,0.016776791657321155,0.0024154589371980784,-0.008333333333333304,0.008676340606599883,0.5171632803113252
zigzag_session_2026-03-23T03:35:17Z.json,path,zigzag,2026-03-23T03:34:33Z,unknown,moved,0.3442028985507246,0.5433333333333333,32.531574708322296,0.016867625003214926,0.00724637681159418,-0.01666666666666672,0.01817382058548475,1.0774380259236773
zigzag_session_2026-03-23T03:35:17Z.json,path,zigzag,2026-03-23T03:34:33Z,unknown,moved,0.357487922705314,0.515,32.548007833305746,0.016433124983450398,0.013285024154589375,-0.02833333333333332,0.03129328433651221,1.904280796746042
zigzag_session_2026-03-23T03:35:17Z.json,path,zigzag,2026-03-23T03:34:33Z,unknown,moved,0.37077294685990336,0.48,32.564627749990905,0.016619916685158387,0.013285024154589375,-0.03500000000000003,0.03743650446807267,2.252508552073762
zigzag_session_2026-03-23T03:35:17Z.json,path,zigzag,2026-03-23T03:34:33Z,unknown,moved,0.3828502415458937,0.4533333333333333,32.581399708316894,0.016771958325989544,0.012077294685990336,-0.026666666666666672,0.029274086801185817,1.745418527294048
zigzag_session_2026-03-23T03:35:17Z.json,path,zigzag,2026-03-23T03:34:33Z,unknown,moved,0.391304347826087,0.4266666666666667,32.598053166642785,0.016653458325890824,0.008454106280193274,-0.026666666666666616,0.027974685415709535,1.679812377001467
zigzag_session_2026-03-23T03:35:17Z.json,path,zigzag,2026-03-23T03:34:33Z,unknown,moved,0.3973429951690821,0.4066666666666667,32.614869833312696,0.016816666669910774,0.00603864734299514,-0.020000000000000018,0.02089175104516285,1.2423241451615035
zigzag_session_2026-03-23T03:35:17Z.json,path,zigzag,2026-03-23T03:34:33Z,unknown,moved,0.40458937198067635,0.395,32.631303666654276,0.016433833341579884,0.007246376811594235,-0.011666666666666659,0.013733939274902941,0.8357112421332742
zigzag_session_2026-03-23T03:35:17Z.json,path,zigzag,2026-03-23T03:34:33Z,unknown,moved,0.4082125603864734,0.3883333333333333,32.647966083313804,0.01666241665952839,0.003623188405797062,-0.00666666666666671,0.007587617456642584,0.4553731677513664
zigzag_session_2026-03-23T03:35:17Z.json,path,zigzag,2026-03-23T03:34:33Z,unknown,moved,0.4106280193236715,0.3883333333333333,32.66474266664591,0.016776583332102746,0.0024154589371980784,0.0,0.0024154589371980784,0.143978001323785
zigzag_session_2026-03-23T03:35:17Z.json,path,zigzag,2026-03-23T03:34:33Z,unknown,moved,0.4106280193236715,0.39,32.7144722083176,0.04972954167169519,0.0,0.0016666666666667052,0.0016666666666667052,0.033514619492568745
zigzag_session_2026-03-23T03:35:17Z.json,path,zigzag,2026-03-23T03:34:33Z,unknown,moved,0.4106280193236715,0.395,32.73090154165402,0.016429333336418495,0.0,0.0050000000000000044,0.0050000000000000044,0.3043337120025819
zigzag_session_2026-03-23T03:35:17Z.json,path,zigzag,2026-03-23T03:34:33Z,unknown,moved,0.4106280193236715,0.40166666666666667,32.7478753333271,0.016973791673080996,0.0,0.006666666666666654,0.006666666666666654,0.39276237125258384
zigzag_session_2026-03-23T03:35:17Z.json,path,zigzag,2026-03-23T03:34:33Z,unknown,moved,0.4106280193236715,0.4116666666666667,32.764635333325714,0.01675999999861233,0.0,0.010000000000000009,0.010000000000000009,0.5966587112665857
zigzag_session_2026-03-23T03:35:17Z.json,path,zigzag,2026-03-23T03:34:33Z,unknown,moved,0.41183574879227053,0.42333333333333334,32.781486166641116,0.01685083331540227,0.0012077294685990392,0.011666666666666659,0.011729011960963867,0.6960493728368393
zigzag_session_2026-03-23T03:35:17Z.json,path,zigzag,2026-03-23T03:34:33Z,unknown,moved,0.4142512077294686,0.43666666666666665,32.79791416664375,0.01642800000263378,0.0024154589371980784,0.013333333333333308,0.013550358654111971,0.8248331295312602
zigzag_session_2026-03-23T03:35:17Z.json,path,zigzag,2026-03-23T03:34:33Z,unknown,moved,0.42028985507246375,0.4533333333333333,32.81465329165803,0.016739125014282763,0.00603864734299514,0.016666666666666663,0.01772690157672344,1.0590100475143025
zigzag_session_2026-03-23T03:35:17Z.json,path,zigzag,2026-03-23T03:34:33Z,unknown,moved,0.427536231884058,0.4716666666666667,32.83130616665585,0.01665287499781698,0.007246376811594235,0.018333333333333368,0.019713474782663838,1.1837880717442526
zigzag_session_2026-03-23T03:35:17Z.json,path,zigzag,2026-03-23T03:34:33Z,unknown,moved,0.4359903381642512,0.49166666666666664,32.84792766664759,0.016621499991742894,0.008454106280193219,0.019999999999999962,0.021713403993773084,1.3063444336888794
zigzag_session_2026-03-23T03:35:17Z.json,path,zigzag,2026-03-23T03:34:33Z,unknown,moved,0.44323671497584544,0.5166666666666667,32.86492087499937,0.016993208351777866,0.007246376811594235,0.025000000000000078,0.026029021819799807,1.5317308704142731
zigzag_session_2026-03-23T03:35:17Z.json,path,zigzag,2026-03-23T03:34:33Z,unknown,moved,0.4504830917874396,0.5366666666666666,32.881308708310826,0.016387833311455324,0.00724637681159418,0.019999999999999907,0.021272281892068045,1.298053347735629
zigzag_session_2026-03-23T03:35:17Z.json,path,zigzag,2026-03-23T03:34:33Z,unknown,moved,0.45652173913043476,0.555,32.89793795833248,0.016629250021651387,0.00603864734299514,0.018333333333333424,0.019302237508749515,1.160740110565292
zigzag_session_2026-03-23T03:35:17Z.json,path,zigzag,2026-03-23T03:34:33Z,unknown,moved,0.4601449275362319,0.5666666666666667,32.914759874984156,0.016821916651679203,0.0036231884057971175,0.011666666666666603,0.012216325361376566,0.7262148311831699
zigzag_session_2026-03-23T03:35:17Z.json,path,zigzag,2026-03-23T03:34:33Z,unknown,moved,0.46256038647342995,0.5733333333333334,32.93146137497388,0.016701499989721924,0.0024154589371980784,0.00666666666666671,0.007090760630689425,0.4245583112327077
zigzag_session_2026-03-23T03:35:17Z.json,path,zigzag,2026-03-23T03:34:33Z,unknown,moved,0.46497584541062803,0.5766666666666667,32.948179125000024,0.01671775002614595,0.0024154589371980784,0.0033333333333332993,0.004116497660439145,0.24623514850988282
zigzag_session_2026-03-23T03:35:17Z.json,path,zigzag,2026-03-23T03:34:33Z,unknown,moved,0.46618357487922707,0.5766666666666667,32.96460737497546,0.016428249975433573,0.0012077294685990392,0.0,0.0012077294685990392,0.07351540610868779
zigzag_session_2026-03-23T03:35:17Z.json,path,zigzag,2026-03-23T03:34:33Z,unknown,moved,0.4673913043478261,0.5766666666666667,33.00623195830849,0.041624583333032206,0.0012077294685990392,0.0,0.0012077294685990392,0.029014812206915618
zigzag_session_2026-03-23T03:35:17Z.json,path,zigzag,2026-03-23T03:34:33Z,unknown,moved,0.46859903381642515,0.5716666666666667,33.03095391666284,0.024721958354348317,0.0012077294685990392,-0.0050000000000000044,0.005143793392946743,0.2080657737230597
zigzag_session_2026-03-23T03:35:17Z.json,path,zigzag,2026-03-23T03:34:33Z,unknown,moved,0.47101449275362317,0.5666666666666667,33.04796033332241,0.017006416659569368,0.002415458937198023,-0.0050000000000000044,0.005552876900966727,0.326516573839332
zigzag_session_2026-03-23T03:35:17Z.json,path,zigzag,2026-03-23T03:34:33Z,unknown,moved,0.47342995169082125,0.5583333333333333,33.06459195833304,0.01663162501063198,0.0024154589371980784,-0.008333333333333304,0.008676340606599883,0.5216772625076276
zigzag_session_2026-03-23T03:35:17Z.json,path,zigzag,2026-03-23T03:34:33Z,unknown,moved,0.47705314009661837,0.5483333333333333,33.0813127499714,0.016720791638363153,0.0036231884057971175,-0.010000000000000009,0.010636140946034085,0.6361027142776648
zigzag_session_2026-03-23T03:35:17Z.json,path,zigzag,2026-03-23T03:34:33Z,unknown,moved,0.4830917874396135,0.5316666666666666,33.09796716665733,0.016654416685923934,0.00603864734299514,-0.01666666666666672,0.01772690157672349,1.0643964247457556
zigzag_session_2026-03-23T03:35:17Z.json,path,zigzag,2026-03-23T03:34:33Z,unknown,moved,0.4927536231884058,0.51,33.11481241666479,0.01684525000746362,0.009661835748792313,-0.021666666666666612,0.023723311625510533,1.4083086695062081
zigzag_session_2026-03-23T03:35:17Z.json,path,zigzag,2026-03-23T03:34:33Z,unknown,moved,0.5036231884057971,0.48833333333333334,33.131481541640824,0.016669124976033345,0.010869565217391297,-0.021666666666666667,0.024240294809666964,1.4542031956997954
zigzag_session_2026-03-23T03:35:17Z.json,path,zigzag,2026-03-23T03:34:33Z,unknown,moved,0.5120772946859904,0.4716666666666667,33.14797062499565,0.016489083354827017,0.008454106280193274,-0.016666666666666663,0.018688223317763007,1.133369449084155
zigzag_session_2026-03-23T03:35:17Z.json,path,zigzag,2026-03-23T03:34:33Z,unknown,moved,0.5193236714975845,0.46,33.16464195831213,0.01667133331648074,0.007246376811594124,-0.011666666666666659,0.013733939274902884,0.8238056917334834
zigzag_session_2026-03-23T03:35:17Z.json,path,zigzag,2026-03-23T03:34:33Z,unknown,moved,0.5253623188405797,0.45166666666666666,33.18130383332027,0.01666187500813976,0.006038647342995196,-0.00833333333333336,0.010291244151097953,0.6176522237785611
zigzag_session_2026-03-23T03:35:17Z.json,path,zigzag,2026-03-23T03:34:33Z,unknown,moved,0.5301932367149759,0.44333333333333336,33.1980774999829,0.016773666662629694,0.004830917874396157,-0.008333333333333304,0.009632352358256224,0.5742544282053897
zigzag_session_2026-03-23T03:35:17Z.json,path,zigzag,2026-03-23T03:34:33Z,unknown,moved,0.533816425120773,0.43333333333333335,33.21464233333245,0.01656483334954828,0.0036231884057971175,-0.010000000000000009,0.010636140946034085,0.642091636033521
zigzag_session_2026-03-23T03:35:17Z.json,path,zigzag,2026-03-23T03:34:33Z,unknown,moved,0.538647342995169,0.4266666666666667,33.23122637497727,0.01658404164481908,0.004830917874396046,-0.006666666666666654,0.00823299532087827,0.49644082529485745
zigzag_session_2026-03-23T03:35:17Z.json,path,zigzag,2026-03-23T03:34:33Z,unknown,moved,0.5422705314009661,0.42333333333333334,33.24803695830633,0.016810583329061046,0.0036231884057971175,-0.003333333333333355,0.004923271812018295,0.29286739880746804
zigzag_session_2026-03-23T03:35:17Z.json,path,zigzag,2026-03-23T03:34:33Z,unknown,moved,0.5446859903381642,0.4216666666666667,33.2647008333297,0.016663875023368746,0.0024154589371980784,-0.0016666666666666496,0.0029346583540623243,0.17610899925418774
zigzag_session_2026-03-23T03:35:17Z.json,path,zigzag,2026-03-23T03:34:33Z,unknown,moved,0.5446859903381642,0.42333333333333334,33.314470708312,0.04976987498230301,0.0,0.0016666666666666496,0.0016666666666666496,0.03348745937696804
zigzag_session_2026-03-23T03:35:17Z.json,path,zigzag,2026-03-23T03:34:33Z,unknown,moved,0.5446859903381642,0.43166666666666664,33.33083841664484,0.016367708332836628,0.0,0.008333333333333304,0.008333333333333304,0.5091325654071626
zigzag_session_2026-03-23T03:35:17Z.json,path,zigzag,2026-03-23T03:34:33Z,unknown,moved,0.5446859903381642,0.44333333333333336,33.34796883331728,0.01713041667244397,0.0,0.011666666666666714,0.011666666666666714,0.6810497893745773
zigzag_session_2026-03-23T03:35:17Z.json,path,zigzag,2026-03-23T03:34:33Z,unknown,moved,0.5446859903381642,0.4533333333333333,33.36481166665908,0.016842833341797814,0.0,0.009999999999999953,0.009999999999999953,0.5937243334934375
zigzag_session_2026-03-23T03:35:17Z.json,path,zigzag,2026-03-23T03:34:33Z,unknown,moved,0.5446859903381642,0.465,33.38131324999267,0.016501583333592862,0.0,0.011666666666666714,0.011666666666666714,0.7070028633504801
zigzag_session_2026-03-23T03:35:17Z.json,path,zigzag,2026-03-23T03:34:33Z,unknown,moved,0.5471014492753623,0.48,33.39788191666594,0.016568666673265398,0.0024154589371980784,0.014999999999999958,0.015193236714975807,0.9169860806899486
zigzag_session_2026-03-23T03:35:17Z.json,path,zigzag,2026-03-23T03:34:33Z,unknown,moved,0.5531400966183575,0.49666666666666665,33.414607624989,0.01672570832306519,0.006038647342995196,0.016666666666666663,0.017726901576723457,1.0598595428259139
zigzag_session_2026-03-23T03:35:17Z.json,path,zigzag,2026-03-23T03:34:33Z,unknown,moved,0.5603864734299517,0.5166666666666667,33.4312315833231,0.016623958334093913,0.007246376811594235,0.020000000000000073,0.021272281892068222,1.2796159292844898
zigzag_session_2026-03-23T03:35:17Z.json,path,zigzag,2026-03-23T03:34:33Z,unknown,moved,0.5688405797101449,0.5333333333333333,33.44811587498407,0.01688429166097194,0.008454106280193163,0.016666666666666607,0.01868822331776291,1.106840825366738
zigzag_session_2026-03-23T03:35:17Z.json,path,zigzag,2026-03-23T03:34:33Z,unknown,moved,0.5772946859903382,0.5483333333333333,33.46454799998901,0.016432125004939735,0.008454106280193274,0.015000000000000013,0.01721835976499515,1.0478474183843576
zigzag_session_2026-03-23T03:35:17Z.json,path,zigzag,2026-03-23T03:34:33Z,unknown,moved,0.5869565217391305,0.5616666666666666,33.4813248749997,0.016776875010691583,0.009661835748792313,0.013333333333333308,0.01646599064175667,0.9814694709988127
zigzag_session_2026-03-23T03:35:17Z.json,path,zigzag,2026-03-23T03:34:33Z,unknown,moved,0.5942028985507246,0.5733333333333334,33.49794770832523,0.01662283332552761,0.007246376811594124,0.011666666666666714,0.01373393927490293,0.8262092873067424
zigzag_session_2026-03-23T03:35:17Z.json,path,zigzag,2026-03-23T03:34:33Z,unknown,moved,0.6014492753623188,0.5816666666666667,33.51443520831526,0.01648749999003485,0.007246376811594235,0.008333333333333304,0.011043297575455194,0.6697981854210665
zigzag_session_2026-03-23T03:35:17Z.json,path,zigzag,2026-03-23T03:34:33Z,unknown,moved,0.607487922705314,0.59,33.53149637498427,0.017061166669009253,0.006038647342995196,0.008333333333333304,0.010291244151097908,0.6031969765462425
zigzag_session_2026-03-23T03:35:17Z.json,path,zigzag,2026-03-23T03:34:33Z,unknown,moved,0.6135265700483091,0.5966666666666667,33.547956666647224,0.01646029166295193,0.006038647342995085,0.00666666666666671,0.008994982277776127,0.5464655464168731
zigzag_session_2026-03-23T03:35:17Z.json,path,zigzag,2026-03-23T03:34:33Z,unknown,moved,0.6183574879227053,0.6016666666666667,33.564594583323924,0.016637916676700115,0.004830917874396157,0.0050000000000000044,0.006952536767911431,0.41787303681162347
zigzag_session_2026-03-23T03:35:17Z.json,path,zigzag,2026-03-23T03:34:33Z,unknown,moved,0.6207729468599034,0.605,33.58126812498085,0.016673541656928137,0.0024154589371980784,0.0033333333333332993,0.004116497660439145,0.24688801846299233
zigzag_session_2026-03-23T03:35:17Z.json,path,zigzag,2026-03-23T03:34:33Z,unknown,moved,0.6231884057971014,0.6066666666666667,33.59795629166183,0.01668816668097861,0.0024154589371980784,0.0016666666666667052,0.002934658354062356,0.17585265117272095
zigzag_session_2026-03-23T03:35:17Z.json,path,zigzag,2026-03-23T03:34:33Z,unknown,moved,0.6243961352657005,0.6066666666666667,33.60621204166091,0.008255749999079853,0.0012077294685990392,0.0,0.0012077294685990392,0.14628949141309353
zigzag_session_2026-03-23T03:35:17Z.json,path,zigzag,2026-03-23T03:34:33Z,unknown,moved,0.6243961352657005,0.605,33.647897958318936,0.041685916658025235,0.0,-0.0016666666666667052,0.0016666666666667052,0.03998152854210641
zigzag_session_2026-03-23T03:35:17Z.json,path,zigzag,2026-03-23T03:34:33Z,unknown,moved,0.6256038647342995,0.5983333333333334,33.664482416643295,0.01658445832435973,0.0012077294685990392,-0.006666666666666599,0.006775179327055931,0.40852581341799704
zigzag_session_2026-03-23T03:35:17Z.json,path,zigzag,2026-03-23T03:34:33Z,unknown,moved,0.6280193236714976,0.5883333333333334,33.681205166649306,0.016722750006010756,0.0024154589371980784,-0.010000000000000009,0.010287586785893485,0.6151851090398265
zigzag_session_2026-03-23T03:35:17Z.json,path,zigzag,2026-03-23T03:34:33Z,unknown,moved,0.6364734299516909,0.575,33.698115958308335,0.0169107916590292,0.008454106280193274,-0.01333333333333342,0.015787643610576704,0.9335839462102998
zigzag_session_2026-03-23T03:35:17Z.json,path,zigzag,2026-03-23T03:34:33Z,unknown,moved,0.644927536231884,0.5583333333333333,33.714719416660955,0.016603458352619782,0.008454106280193163,-0.016666666666666607,0.01868822331776291,1.1255620919971883
zigzag_session_2026-03-23T03:35:17Z.json,path,zigzag,2026-03-23T03:34:33Z,unknown,moved,0.6545893719806763,0.5383333333333333,33.73132633330533,0.016606916644377634,0.009661835748792313,-0.020000000000000018,0.022211507603867007,1.337485342975262
zigzag_session_2026-03-23T03:35:17Z.json,path,zigzag,2026-03-23T03:34:33Z,unknown,moved,0.6642512077294686,0.5116666666666667,33.74787020831718,0.016543875011848286,0.009661835748792202,-0.026666666666666616,0.028363042522757453,1.714413491545638
zigzag_session_2026-03-23T03:35:17Z.json,path,zigzag,2026-03-23T03:34:33Z,unknown,moved,0.6727053140096618,0.4866666666666667,33.76456562499516,0.016695416677976027,0.008454106280193274,-0.025000000000000022,0.026390754308977308,1.5807185180224348
zigzag_session_2026-03-23T03:35:17Z.json,path,zigzag,2026-03-23T03:34:33Z,unknown,moved,0.6799516908212561,0.465,33.78143037497648,0.016864749981323257,0.007246376811594235,-0.021666666666666667,0.022846321833942005,1.3546789522075926
zigzag_session_2026-03-23T03:35:17Z.json,path,zigzag,2026-03-23T03:34:33Z,unknown,moved,0.6859903381642513,0.4483333333333333,33.798030708305305,0.01660033332882449,0.006038647342995196,-0.01666666666666672,0.01772690157672351,1.0678641943859566
zigzag_session_2026-03-23T03:35:17Z.json,path,zigzag,2026-03-23T03:34:33Z,unknown,moved,0.6896135265700483,0.43333333333333335,33.81483070831746,0.01680000001215376,0.0036231884057970065,-0.014999999999999958,0.015431380178840149,0.918534533790268
zigzag_session_2026-03-23T03:35:17Z.json,path,zigzag,2026-03-23T03:34:33Z,unknown,moved,0.6908212560386473,0.4266666666666667,33.83123416666058,0.016403458343120292,0.0012077294685990392,-0.006666666666666654,0.006775179327055986,0.4130335923886158
zigzag_session_2026-03-23T03:35:17Z.json,path,zigzag,2026-03-23T03:34:33Z,unknown,moved,0.6908212560386473,0.42333333333333334,33.8479144583107,0.016680291650118306,0.0,-0.003333333333333355,0.003333333333333355,0.1998366337503285
zigzag_session_2026-03-23T03:35:17Z.json,path,zigzag,2026-03-23T03:34:33Z,unknown,moved,0.6920289855072463,0.4216666666666667,33.86453283330775,0.016618374997051433,0.0012077294685990392,-0.0016666666666666496,0.0020582488302195727,0.12385379620960316
zigzag_session_2026-03-23T03:35:17Z.json,path,zigzag,2026-03-23T03:34:33Z,unknown,moved,0.6920289855072463,0.42,33.87275595832034,0.008223125012591481,0.0,-0.0016666666666667052,0.0016666666666667052,0.20268044862684906
zigzag_session_2026-03-23T03:35:17Z.json,path,zigzag,2026-03-23T03:34:33Z,unknown,moved,0.6944444444444444,0.41833333333333333,33.89782337498036,0.02506741666002199,0.0024154589371980784,-0.0016666666666666496,0.0029346583540623243,0.11707063371801592
zigzag_session_2026-03-23T03:35:17Z.json,path,zigzag,2026-03-23T03:34:33Z,unknown,moved,0.6968599033816425,0.41833333333333333,33.91453533331514,0.01671195833478123,0.0024154589371980784,0.0,0.0024154589371980784,0.14453476300087356
zigzag_session_2026-03-23T03:35:17Z.json,path,zigzag,2026-03-23T03:34:33Z,unknown,moved,0.6992753623188406,0.41833333333333333,33.93131483331672,0.016779500001575798,0.0024154589371980784,0.0,0.0024154589371980784,0.14395297458036518
zigzag_session_2026-03-23T03:35:17Z.json,path,zigzag,2026-03-23T03:34:33Z,unknown,moved,0.7016908212560387,0.41833333333333333,33.94805324997287,0.016738416656153277,0.0024154589371980784,0.0,0.0024154589371980784,0.1443062977112666
zigzag_session_2026-03-23T03:35:17Z.json,path,zigzag,2026-03-23T03:34:33Z,unknown,moved,0.7041062801932367,0.425,33.96449429166387,0.016441041690995917,0.0024154589371980784,0.006666666666666654,0.007090760630689372,0.4312841463429103
zigzag_session_2026-03-23T03:35:17Z.json,path,zigzag,2026-03-23T03:34:33Z,unknown,moved,0.7053140096618358,0.44166666666666665,33.981297166639706,0.016802874975837767,0.0012077294685990392,0.016666666666666663,0.016710367687370022,0.9944945559256515
zigzag_session_2026-03-23T03:35:17Z.json,path,zigzag,2026-03-23T03:34:33Z,unknown,moved,0.7077294685990339,0.4583333333333333,33.99786829165532,0.016571125015616417,0.0024154589371980784,0.016666666666666663,0.01684079035125928,1.0162732062783144
zigzag_session_2026-03-23T03:35:17Z.json,path,zigzag,2026-03-23T03:34:33Z,unknown,moved,0.7101449275362319,0.4766666666666667,34.01457058332744,0.016702291672118008,0.0024154589371980784,0.018333333333333368,0.018491769871713266,1.1071396808728065
zigzag_session_2026-03-23T03:35:17Z.json,path,zigzag,2026-03-23T03:34:33Z,unknown,moved,0.714975845410628,0.49333333333333335,34.031359708314994,0.016789124987553805,0.004830917874396046,0.016666666666666663,0.01735268121319979,1.0335667419275134
zigzag_session_2026-03-23T03:35:17Z.json,path,zigzag,2026-03-23T03:34:33Z,unknown,moved,0.7210144927536232,0.51,34.0479399166652,0.016580208350205794,0.006038647342995196,0.016666666666666663,0.017726901576723457,1.069160362903608
zigzag_session_2026-03-23T03:35:17Z.json,path,zigzag,2026-03-23T03:34:33Z,unknown,moved,0.7294685990338164,0.5316666666666666,34.06449154164875,0.016551624983549118,0.008454106280193274,0.021666666666666612,0.023257608592485286,1.4051556034891641
zigzag_session_2026-03-23T03:35:17Z.json,path,zigzag,2026-03-23T03:34:33Z,unknown,moved,0.7379227053140096,0.5533333333333333,34.081251708325,0.016760166676249355,0.008454106280193163,0.021666666666666723,0.02325760859248535,1.3876716766452835
zigzag_session_2026-03-23T03:35:17Z.json,path,zigzag,2026-03-23T03:34:33Z,unknown,moved,0.7463768115942029,0.575,34.097885874973144,0.016634166648145765,0.008454106280193274,0.021666666666666612,0.023257608592485286,1.3981829739019624
zigzag_session_2026-03-23T03:35:17Z.json,path,zigzag,2026-03-23T03:34:33Z,unknown,moved,0.7548309178743962,0.5966666666666667,34.11470654164441,0.016820666671264917,0.008454106280193274,0.021666666666666723,0.02325760859248539,1.3826805469141619
zigzag_session_2026-03-23T03:35:17Z.json,path,zigzag,2026-03-23T03:34:33Z,unknown,moved,0.7608695652173914,0.6133333333333333,34.13137070831726,0.016664166672853753,0.006038647342995196,0.016666666666666607,0.017726901576723405,1.0637736602575434
zigzag_session_2026-03-23T03:35:17Z.json,path,zigzag,2026-03-23T03:34:33Z,unknown,moved,0.7657004830917874,0.625,34.14785683332593,0.01648612500866875,0.004830917874396046,0.011666666666666714,0.012627306863312994,0.7659354066934038
zigzag_session_2026-03-23T03:35:17Z.json,path,zigzag,2026-03-23T03:34:33Z,unknown,moved,0.7705314009661836,0.6283333333333333,34.16465195833007,0.016795125004136935,0.004830917874396157,0.0033333333333332993,0.005869316708124649,0.3494654970819766
zigzag_session_2026-03-23T03:35:17Z.json,path,zigzag,2026-03-23T03:34:33Z,unknown,moved,0.7729468599033816,0.6283333333333333,34.18114741664613,0.01649545831605792,0.0024154589371980784,0.0,0.0024154589371980784,0.146431756603373
zigzag_session_2026-03-23T03:35:17Z.json,path,zigzag,2026-03-23T03:34:33Z,unknown,moved,0.7729468599033816,0.6266666666666667,34.19793879165081,0.016791375004686415,0.0,-0.0016666666666665941,0.0016666666666665941,0.09925730717117766
zigzag_session_2026-03-23T03:35:17Z.json,path,zigzag,2026-03-23T03:34:33Z,unknown,moved,0.7741545893719807,0.6183333333333333,34.21460912498878,0.016670333337970078,0.0012077294685990392,-0.008333333333333415,0.008420395175629723,0.5051125856284204
zigzag_session_2026-03-23T03:35:17Z.json,path,zigzag,2026-03-23T03:34:33Z,unknown,moved,0.7801932367149759,0.6016666666666667,34.231487291661324,0.01687816667254083,0.006038647342995196,-0.016666666666666607,0.017726901576723405,1.0502859653331535
zigzag_session_2026-03-23T03:35:17Z.json,path,zigzag,2026-03-23T03:34:33Z,unknown,moved,0.7946859903381642,0.5733333333333334,34.24795287498273,0.016465583321405575,0.01449275362318836,-0.02833333333333332,0.031824796705717015,1.932807121648959
zigzag_session_2026-03-23T03:35:17Z.json,path,zigzag,2026-03-23T03:34:33Z,unknown,moved,0.8128019323671497,0.5283333333333333,34.26465637498768,0.01670350000495091,0.018115942028985477,-0.04500000000000004,0.048509662497254774,2.9041615519427983
zigzag_session_2026-03-23T03:35:17Z.json,path,zigzag,2026-03-23T03:34:33Z,unknown,moved,0.8321256038647343,0.47,34.28131608333206,0.016659708344377577,0.019323671497584627,-0.05833333333333335,0.06145064733527503,3.688578819329318
zigzag_session_2026-03-23T03:35:17Z.json,path,zigzag,2026-03-23T03:34:33Z,unknown,moved,0.8490338164251208,0.41,34.29801920830505,0.016703124972991645,0.016908212560386437,-0.06,0.062336888372673926,3.7320494502358357
zigzag_session_2026-03-23T03:35:17Z.json,path,zigzag,2026-03-23T03:34:33Z,unknown,moved,0.8659420289855072,0.3516666666666667,34.314487499999814,0.016468291694764048,0.016908212560386437,-0.05833333333333329,0.06073438424619931,3.6879589803178727
zigzag_session_2026-03-23T03:35:17Z.json,path,zigzag,2026-03-23T03:34:33Z,unknown,moved,0.8768115942028986,0.305,34.33117895832402,0.016691458324203268,0.010869565217391353,-0.04666666666666669,0.047915813942715234,2.870678703563932
zigzag_session_2026-03-23T03:35:17Z.json,path,zigzag,2026-03-23T03:34:33Z,unknown,moved,0.8840579710144928,0.27166666666666667,34.34799670832581,0.016817750001791865,0.007246376811594235,-0.033333333333333326,0.03411189071286905,2.028326661368766
zigzag_session_2026-03-23T03:35:17Z.json,path,zigzag,2026-03-23T03:34:33Z,unknown,moved,0.8876811594202898,0.25833333333333336,34.3646540416521,0.016657333326293156,0.0036231884057970065,-0.013333333333333308,0.013816847397350777,0.829475350387643
zigzag_session_2026-03-23T03:35:17Z.json,path,zigzag,2026-03-23T03:34:33Z,unknown,moved,0.8900966183574879,0.25833333333333336,34.381314666650724,0.016660624998621643,0.0024154589371980784,0.0,0.0024154589371980784,0.14498009152705332
zigzag_session_2026-03-23T03:35:17Z.json,path,zigzag,2026-03-23T03:34:33Z,unknown,moved,0.8913043478260869,0.25833333333333336,34.414322583324974,0.03300791667425074,0.0012077294685990392,0.0,0.0012077294685990392,0.03658908499187957
zigzag_session_2026-03-23T03:35:17Z.json,path,zigzag,2026-03-23T03:34:33Z,unknown,moved,0.892512077294686,0.25833333333333336,34.430934541655006,0.016611958330031484,0.0012077294685990392,0.0,0.0012077294685990392,0.072702413803656
zigzag_session_2026-03-23T03:35:17Z.json,path,zigzag,2026-03-23T03:34:33Z,unknown,moved,0.892512077294686,0.25666666666666665,34.46446749998722,0.03353295833221637,0.0,-0.0016666666666667052,0.0016666666666667052,0.04970234508255349
zigzag_session_2026-03-23T03:35:17Z.json,path,zigzag,2026-03-23T03:34:33Z,unknown,moved,0.892512077294686,0.255,34.472769166663056,0.008301666675833985,0.0,-0.0016666666666666496,0.0016666666666666496,0.2007628987945624
zigzag_session_2026-03-23T03:35:17Z.json,path,zigzag,2026-03-23T03:34:33Z,unknown,ended,0.8900966183574879,0.24833333333333332,34.480131249991246,0.007362083328189328,-0.0024154589371980784,-0.006666666666666682,0.007090760630689399,0.9631459350017083
zigzag_session_2026-03-23T03:35:17Z.json,path,zigzag,2026-03-23T03:34:33Z,unknown,began,0.0966183574879227,0.39166666666666666,35.431344916665694,0.9512136666744482,-0.7934782608695652,0.14333333333333334,0.8063201565861009,0.847675117416141
zigzag_session_2026-03-23T03:35:17Z.json,path,zigzag,2026-03-23T03:34:33Z,unknown,moved,0.10990338164251208,0.41333333333333333,35.4976034166466,0.06625849998090416,0.013285024154589375,0.021666666666666667,0.025415277122873708,0.3835776108755623
zigzag_session_2026-03-23T03:35:17Z.json,path,zigzag,2026-03-23T03:34:33Z,unknown,moved,0.11352657004830918,0.4266666666666667,35.51438020833302,0.016776791686424986,0.0036231884057971037,0.013333333333333364,0.013816847397350857,0.8235691099705803
zigzag_session_2026-03-23T03:35:17Z.json,path,zigzag,2026-03-23T03:34:33Z,unknown,moved,0.12198067632850242,0.445,35.530760374997044,0.01638016666402109,0.008454106280193233,0.018333333333333313,0.020188685546808464,1.2325079445713307
zigzag_session_2026-03-23T03:35:17Z.json,path,zigzag,2026-03-23T03:34:33Z,unknown,moved,0.13285024154589373,0.46166666666666667,35.54766470831237,0.01690433331532404,0.010869565217391311,0.016666666666666663,0.01989786988079128,1.1770869344343533
zigzag_session_2026-03-23T03:35:17Z.json,path,zigzag,2026-03-23T03:34:33Z,unknown,moved,0.14009661835748793,0.47833333333333333,35.564319249999244,0.016654541686875746,0.007246376811594207,0.016666666666666663,0.018173820585484713,1.0912230986101648
zigzag_session_2026-03-23T03:35:17Z.json,path,zigzag,2026-03-23T03:34:33Z,unknown,moved,0.1473429951690821,0.49666666666666665,35.5811427916633,0.016823541664052755,0.00724637681159418,0.018333333333333313,0.019713474782663765,1.1717791162122537
zigzag_session_2026-03-23T03:35:17Z.json,path,zigzag,2026-03-23T03:34:33Z,unknown,moved,0.15458937198067632,0.5183333333333333,35.597592458332656,0.01644966666935943,0.007246376811594207,0.021666666666666667,0.022846321833941995,1.3888622969179993
zigzag_session_2026-03-23T03:35:17Z.json,path,zigzag,2026-03-23T03:34:33Z,unknown,moved,0.1606280193236715,0.5383333333333333,35.61443529164535,0.016842833312693983,0.006038647342995168,0.020000000000000018,0.020891751045162856,1.240394098623378
zigzag_session_2026-03-23T03:35:17Z.json,path,zigzag,2026-03-23T03:34:33Z,unknown,moved,0.1678743961352657,0.5566666666666666,35.63107729164767,0.016642000002320856,0.007246376811594207,0.018333333333333313,0.019713474782663772,1.1845616380191428
zigzag_session_2026-03-23T03:35:17Z.json,path,zigzag,2026-03-23T03:34:33Z,unknown,moved,0.1751207729468599,0.5716666666666667,35.64785316665075,0.01677587500307709,0.007246376811594207,0.015000000000000013,0.016658630702900242,0.993011136518641
zigzag_session_2026-03-23T03:35:17Z.json,path,zigzag,2026-03-23T03:34:33Z,unknown,moved,0.178743961352657,0.58,35.66451937498641,0.016666208335664123,0.00362318840579709,0.008333333333333304,0.009086910292742325,0.5452296113026014
zigzag_session_2026-03-23T03:35:17Z.json,path,zigzag,2026-03-23T03:34:33Z,unknown,moved,0.18115942028985507,0.585,35.68120683330926,0.016687458322849125,0.0024154589371980784,0.0050000000000000044,0.005552876900966752,0.3327574992869666
zigzag_session_2026-03-23T03:35:17Z.json,path,zigzag,2026-03-23T03:34:33Z,unknown,moved,0.1823671497584541,0.5883333333333334,35.6893866249884,0.00817979167914018,0.0012077294685990392,0.0033333333333334103,0.0035453803153447645,0.4334316146933265
zigzag_session_2026-03-23T03:35:17Z.json,path,zigzag,2026-03-23T03:34:33Z,unknown,moved,0.1823671497584541,0.58,35.747683916648384,0.058297291659982875,0.0,-0.008333333333333415,0.008333333333333415,0.14294546274872116
zigzag_session_2026-03-23T03:35:17Z.json,path,zigzag,2026-03-23T03:34:33Z,unknown,moved,0.1823671497584541,0.5733333333333334,35.763991541665746,0.016307625017361715,0.0,-0.006666666666666599,0.006666666666666599,0.40880671830318716
zigzag_session_2026-03-23T03:35:17Z.json,path,zigzag,2026-03-23T03:34:33Z,unknown,moved,0.1823671497584541,0.5666666666666667,35.78105558332754,0.01706404166179709,0.0,-0.00666666666666671,0.00666666666666671,0.390685090835896
zigzag_session_2026-03-23T03:35:17Z.json,path,zigzag,2026-03-23T03:34:33Z,unknown,moved,0.18478260869565216,0.5583333333333333,35.797717833309434,0.016662249981891364,0.0024154589371980506,-0.008333333333333304,0.008676340606599876,0.520718427345009
zigzag_session_2026-03-23T03:35:17Z.json,path,zigzag,2026-03-23T03:34:33Z,unknown,moved,0.18719806763285024,0.5416666666666666,35.81442949999473,0.016711666685296223,0.0024154589371980784,-0.01666666666666672,0.016840790351259335,1.007726558241897
zigzag_session_2026-03-23T03:35:17Z.json,path,zigzag,2026-03-23T03:34:33Z,unknown,moved,0.1932367149758454,0.5183333333333333,35.83118454166106,0.016755041666328907,0.006038647342995168,-0.023333333333333317,0.024102068504124417,1.438496482677221
zigzag_session_2026-03-23T03:35:17Z.json,path,zigzag,2026-03-23T03:34:33Z,unknown,moved,0.2028985507246377,0.4866666666666667,35.847809708327986,0.016625166666926816,0.009661835748792286,-0.03166666666666662,0.033107836652587486,1.9914288569780403
zigzag_session_2026-03-23T03:35:17Z.json,path,zigzag,2026-03-23T03:34:33Z,unknown,moved,0.213768115942029,0.455,35.8644129166496,0.01660320832161233,0.010869565217391297,-0.031666666666666676,0.03348022141194561,2.016491075906368
zigzag_session_2026-03-23T03:35:17Z.json,path,zigzag,2026-03-23T03:34:33Z,unknown,moved,0.22705314009661837,0.42333333333333334,35.88105037499918,0.016637458349578083,0.013285024154589375,-0.031666666666666676,0.03434049569481783,2.0640469820132523
zigzag_session_2026-03-23T03:35:17Z.json,path,zigzag,2026-03-23T03:34:33Z,unknown,moved,0.23671497584541062,0.40166666666666667,35.89767379165278,0.016623416653601453,0.009661835748792258,-0.021666666666666667,0.02372331162551056,1.427102028413089
zigzag_session_2026-03-23T03:35:17Z.json,path,zigzag,2026-03-23T03:34:33Z,unknown,moved,0.24396135265700483,0.39,35.914481124986196,0.016807333333417773,0.007246376811594207,-0.011666666666666659,0.013733939274902927,0.8171396974436116
zigzag_session_2026-03-23T03:35:17Z.json,path,zigzag,2026-03-23T03:34:33Z,unknown,moved,0.24758454106280192,0.38666666666666666,35.931060124974465,0.01657899998826906,0.00362318840579709,-0.003333333333333355,0.0049232718120182754,0.29695830963881265
zigzag_session_2026-03-23T03:35:17Z.json,path,zigzag,2026-03-23T03:34:33Z,unknown,moved,0.25,0.38666666666666666,35.94769966666354,0.016639541689073667,0.0024154589371980784,0.0,0.0024154589371980784,0.14516379010511968
zigzag_session_2026-03-23T03:35:17Z.json,path,zigzag,2026-03-23T03:34:33Z,unknown,moved,0.25120772946859904,0.38666666666666666,35.98098841664614,0.033288749982602894,0.0012077294685990392,0.0,0.0012077294685990392,0.036280409124109896
zigzag_session_2026-03-23T03:35:17Z.json,path,zigzag,2026-03-23T03:34:33Z,unknown,moved,0.25120772946859904,0.3883333333333333,35.99772020831006,0.01673179166391492,0.0,0.0016666666666666496,0.0016666666666666496,0.09961077092903997
zigzag_session_2026-03-23T03:35:17Z.json,path,zigzag,2026-03-23T03:34:33Z,unknown,moved,0.2524154589371981,0.3933333333333333,36.014478666649666,0.016758458339609206,0.0012077294685990392,0.0050000000000000044,0.005143793392946743,0.3069371471234443
zigzag_session_2026-03-23T03:35:17Z.json,path,zigzag,2026-03-23T03:34:33Z,unknown,moved,0.2536231884057971,0.40166666666666667,36.03107474997523,0.016596083325566724,0.0012077294685990392,0.00833333333333336,0.008420395175629668,0.5073724330280879
zigzag_session_2026-03-23T03:35:17Z.json,path,zigzag,2026-03-23T03:34:33Z,unknown,moved,0.2560386473429952,0.41333333333333333,36.04773937497521,0.016664624999975786,0.0024154589371980784,0.011666666666666659,0.011914090522922888,0.7149330106702191
zigzag_session_2026-03-23T03:35:17Z.json,path,zigzag,2026-03-23T03:34:33Z,unknown,moved,0.2584541062801932,0.4266666666666667,36.06450333332759,0.01676395835238509,0.002415458937198023,0.013333333333333364,0.013550358654112016,0.8083030492726165
zigzag_session_2026-03-23T03:35:17Z.json,path,zigzag,2026-03-23T03:34:33Z,unknown,moved,0.2644927536231884,0.445,36.081248041649815,0.016744708322221413,0.006038647342995196,0.018333333333333313,0.019302237508749428,1.152736562340354
zigzag_session_2026-03-23T03:35:17Z.json,path,zigzag,2026-03-23T03:34:33Z,unknown,moved,0.2693236714975845,0.4583333333333333,36.09784204166499,0.01659400001517497,0.004830917874396101,0.013333333333333308,0.014181521261378727,0.8546174067982363
zigzag_session_2026-03-23T03:35:17Z.json,path,zigzag,2026-03-23T03:34:33Z,unknown,moved,0.2741545893719807,0.47,36.11437537497841,0.016533333313418552,0.004830917874396157,0.011666666666666659,0.012627306863312983,0.7637483999106571
zigzag_session_2026-03-23T03:35:17Z.json,path,zigzag,2026-03-23T03:34:33Z,unknown,moved,0.27898550724637683,0.48,36.13112066665781,0.016745291679399088,0.004830917874396157,0.010000000000000009,0.011105753801933503,0.6632165037528948
zigzag_session_2026-03-23T03:35:17Z.json,path,zigzag,2026-03-23T03:34:33Z,unknown,moved,0.2826086956521739,0.49,36.1476988333161,0.016578166658291593,0.003623188405797062,0.010000000000000009,0.010636140946034066,0.6415752215106599
zigzag_session_2026-03-23T03:35:17Z.json,path,zigzag,2026-03-23T03:34:33Z,unknown,moved,0.286231884057971,0.5016666666666667,36.16456845830544,0.016869624989340082,0.0036231884057971175,0.011666666666666714,0.012216325361376672,0.7241610509478527
zigzag_session_2026-03-23T03:35:17Z.json,path,zigzag,2026-03-23T03:34:33Z,unknown,moved,0.2898550724637681,0.5116666666666667,36.18113870831439,0.016570250008953735,0.0036231884057971175,0.010000000000000009,0.010636140946034085,0.6418817422963954
zigzag_session_2026-03-23T03:35:17Z.json,path,zigzag,2026-03-23T03:34:33Z,unknown,moved,0.2922705314009662,0.5233333333333333,36.19768466666574,0.01654595835134387,0.0024154589371980784,0.011666666666666603,0.011914090522922836,0.7200604685406553
zigzag_session_2026-03-23T03:35:17Z.json,path,zigzag,2026-03-23T03:34:33Z,unknown,moved,0.29589371980676327,0.5366666666666666,36.21446662498056,0.016781958314822987,0.003623188405797062,0.013333333333333308,0.013816847397350793,0.823315559373473
zigzag_session_2026-03-23T03:35:17Z.json,path,zigzag,2026-03-23T03:34:33Z,unknown,moved,0.29830917874396135,0.55,36.23102987499442,0.016563250013859943,0.0024154589371980784,0.01333333333333342,0.01355035865411208,0.8180978155116473
zigzag_session_2026-03-23T03:35:17Z.json,path,zigzag,2026-03-23T03:34:33Z,unknown,moved,0.3007246376811594,0.5616666666666666,36.247867124999175,0.016837250004755333,0.0024154589371980784,0.011666666666666603,0.011914090522922836,0.7076031133087617
zigzag_session_2026-03-23T03:35:17Z.json,path,zigzag,2026-03-23T03:34:33Z,unknown,moved,0.3031400966183575,0.5716666666666667,36.26441816665465,0.016551041655475274,0.0024154589371980784,0.010000000000000009,0.010287586785893485,0.6215673309293034
zigzag_session_2026-03-23T03:35:17Z.json,path,zigzag,2026-03-23T03:34:33Z,unknown,moved,0.3055555555555556,0.58,36.28084599997965,0.016427833324996755,0.0024154589371980784,0.008333333333333304,0.008676340606599883,0.5281488090944944
zigzag_session_2026-03-23T03:35:17Z.json,path,zigzag,2026-03-23T03:34:33Z,unknown,moved,0.3055555555555556,0.5833333333333334,36.29766716665472,0.016821166675072163,0.0,0.0033333333333334103,0.0033333333333334103,0.198163028624714
zigzag_session_2026-03-23T03:35:17Z.json,path,zigzag,2026-03-23T03:34:33Z,unknown,moved,0.3079710144927536,0.5883333333333334,36.31431795831304,0.016650791658321396,0.002415458937198023,0.0050000000000000044,0.005552876900966727,0.333490263701163
zigzag_session_2026-03-23T03:35:17Z.json,path,zigzag,2026-03-23T03:34:33Z,unknown,moved,0.30917874396135264,0.5883333333333334,36.372813791647786,0.05849583333474584,0.0012077294685990392,0.0,0.0012077294685990392,0.020646418723325753
zigzag_session_2026-03-23T03:35:17Z.json,path,zigzag,2026-03-23T03:34:33Z,unknown,moved,0.3115942028985507,0.58,36.397599208314205,0.024785416666418314,0.0024154589371980784,-0.008333333333333415,0.00867634060659999,0.35005829126752336
zigzag_session_2026-03-23T03:35:17Z.json,path,zigzag,2026-03-23T03:34:33Z,unknown,moved,0.3140096618357488,0.5716666666666667,36.41448074998334,0.016881541669135913,0.0024154589371980784,-0.008333333333333304,0.008676340606599883,0.5139542807552115
zigzag_session_2026-03-23T03:35:17Z.json,path,zigzag,2026-03-23T03:34:33Z,unknown,moved,0.3188405797101449,0.5583333333333333,36.43097695830511,0.01649620832176879,0.004830917874396101,-0.013333333333333308,0.014181521261378727,0.8596836912313027
zigzag_session_2026-03-23T03:35:17Z.json,path,zigzag,2026-03-23T03:34:33Z,unknown,moved,0.32608695652173914,0.5366666666666666,36.44786787498742,0.016890916682314128,0.007246376811594235,-0.021666666666666723,0.022846321833942057,1.3525803402880805
zigzag_session_2026-03-23T03:35:17Z.json,path,zigzag,2026-03-23T03:34:33Z,unknown,moved,0.33454106280193235,0.5083333333333333,36.46445224998752,0.016584375000093132,0.008454106280193219,-0.02833333333333332,0.029567713654839456,1.782865718766816
zigzag_session_2026-03-23T03:35:17Z.json,path,zigzag,2026-03-23T03:34:33Z,unknown,moved,0.3442028985507246,0.4816666666666667,36.4811696249817,0.016717374994186684,0.009661835748792258,-0.026666666666666616,0.02836304252275747,1.696620583830922
zigzag_session_2026-03-23T03:35:17Z.json,path,zigzag,2026-03-23T03:34:33Z,unknown,moved,0.35628019323671495,0.46,36.49787758331513,0.016707958333427086,0.012077294685990336,-0.021666666666666667,0.024805352071210256,1.48464292142643
zigzag_session_2026-03-23T03:35:17Z.json,path,zigzag,2026-03-23T03:34:33Z,unknown,moved,0.3635265700483092,0.44166666666666665,36.51433829165762,0.01646070834249258,0.007246376811594235,-0.018333333333333368,0.019713474782663838,1.1976079262503174
zigzag_session_2026-03-23T03:35:17Z.json,path,zigzag,2026-03-23T03:34:33Z,unknown,moved,0.37077294685990336,0.4266666666666667,36.531064708309714,0.016726416652090847,0.00724637681159418,-0.014999999999999958,0.01665863070290018,0.9959473717174088
zigzag_session_2026-03-23T03:35:17Z.json,path,zigzag,2026-03-23T03:34:33Z,unknown,moved,0.3743961352657005,0.42,36.547645333310356,0.016580625000642613,0.0036231884057971175,-0.00666666666666671,0.0075876174566426105,0.4576195080914343
zigzag_session_2026-03-23T03:35:17Z.json,path,zigzag,2026-03-23T03:34:33Z,unknown,moved,0.37681159420289856,0.42,36.56425395832048,0.016608625010121614,0.0024154589371980784,0.0,0.0024154589371980784,0.1454340100836795
zigzag_session_2026-03-23T03:35:17Z.json,path,zigzag,2026-03-23T03:34:33Z,unknown,moved,0.37922705314009664,0.42,36.581163541646674,0.016909583326196298,0.0024154589371980784,0.0,0.0024154589371980784,0.14284556222364472
zigzag_session_2026-03-23T03:35:17Z.json,path,zigzag,2026-03-23T03:34:33Z,unknown,moved,0.3804347826086957,0.42,36.59760133331292,0.016437791666248813,0.0012077294685990392,0.0,0.0012077294685990392,0.07347273241568276
zigzag_session_2026-03-23T03:35:17Z.json,path,zigzag,2026-03-23T03:34:33Z,unknown,moved,0.3828502415458937,0.425,36.61431258331868,0.016711250005755574,0.002415458937198023,0.0050000000000000044,0.005552876900966727,0.33228375489890005
zigzag_session_2026-03-23T03:35:17Z.json,path,zigzag,2026-03-23T03:34:33Z,unknown,moved,0.3864734299516908,0.43333333333333335,36.631061083317036,0.016748499998357147,0.0036231884057971175,0.00833333333333336,0.009086910292742388,0.5425506937118977
zigzag_session_2026-03-23T03:35:17Z.json,path,zigzag,2026-03-23T03:34:33Z,unknown,moved,0.392512077294686,0.44666666666666666,36.64783120830543,0.016770124988397583,0.006038647342995196,0.013333333333333308,0.014637043400592896,0.872804669656281
zigzag_session_2026-03-23T03:35:17Z.json,path,zigzag,2026-03-23T03:34:33Z,unknown,moved,0.40096618357487923,0.4583333333333333,36.66458195832092,0.016750750015489757,0.008454106280193219,0.011666666666666659,0.014407741811537063,0.8601251763780089
zigzag_session_2026-03-23T03:35:17Z.json,path,zigzag,2026-03-23T03:34:33Z,unknown,moved,0.40942028985507245,0.47333333333333333,36.681178708327934,0.016596750007010996,0.008454106280193219,0.015000000000000013,0.017218359764995122,1.0374537037505258
zigzag_session_2026-03-23T03:35:17Z.json,path,zigzag,2026-03-23T03:34:33Z,unknown,moved,0.4166666666666667,0.4866666666666667,36.697910874994704,0.016732166666770354,0.007246376811594235,0.013333333333333364,0.015175234913285172,0.9069497821476278
zigzag_session_2026-03-23T03:35:17Z.json,path,zigzag,2026-03-23T03:34:33Z,unknown,moved,0.4251207729468599,0.5033333333333333,36.71432458332856,0.016413708333857358,0.008454106280193219,0.016666666666666607,0.018688223317762934,1.1385741075472764
zigzag_session_2026-03-23T03:35:17Z.json,path,zigzag,2026-03-23T03:34:33Z,unknown,moved,0.4335748792270531,0.5233333333333333,36.731011874973774,0.0166872916452121,0.008454106280193219,0.020000000000000018,0.021713403993773136,1.301194013709416
zigzag_session_2026-03-23T03:35:17Z.json,path,zigzag,2026-03-23T03:34:33Z,unknown,moved,0.4420289855072464,0.5416666666666666,36.74773737497162,0.016725499997846782,0.008454106280193274,0.018333333333333313,0.020188685546808482,1.2070602104216643
zigzag_session_2026-03-23T03:35:17Z.json,path,zigzag,2026-03-23T03:34:33Z,unknown,moved,0.45169082125603865,0.56,36.76455174997682,0.01681437500519678,0.009661835748792258,0.018333333333333424,0.020723469331841,1.2324852589189932
zigzag_session_2026-03-23T03:35:17Z.json,path,zigzag,2026-03-23T03:34:33Z,unknown,moved,0.4577294685990338,0.575,36.78103770830785,0.016485958331031725,0.00603864734299514,0.014999999999999902,0.016169887499084813,0.9808278763296417
zigzag_session_2026-03-23T03:35:17Z.json,path,zigzag,2026-03-23T03:34:33Z,unknown,moved,0.46256038647342995,0.5883333333333334,36.79748845830909,0.01645075000124052,0.004830917874396157,0.01333333333333342,0.01418152126137885,0.8620592532443473
zigzag_session_2026-03-23T03:35:17Z.json,path,zigzag,2026-03-23T03:34:33Z,unknown,moved,0.46618357487922707,0.5933333333333334,36.81438437497127,0.016895916662178934,0.0036231884057971175,0.0050000000000000044,0.006174746490658763,0.3654579159046618
zigzag_session_2026-03-23T03:35:17Z.json,path,zigzag,2026-03-23T03:34:33Z,unknown,moved,0.4673913043478261,0.5966666666666667,36.83126987499418,0.016885500022908673,0.0012077294685990392,0.0033333333333332993,0.0035453803153446604,0.20996596550499652
zigzag_session_2026-03-23T03:35:17Z.json,path,zigzag,2026-03-23T03:34:33Z,unknown,moved,0.46859903381642515,0.5916666666666667,36.89722774998518,0.0659578749909997,0.0012077294685990392,-0.0050000000000000044,0.005143793392946743,0.07798603872014738
zigzag_session_2026-03-23T03:35:17Z.json,path,zigzag,2026-03-23T03:34:33Z,unknown,moved,0.46980676328502413,0.585,36.914190499985125,0.016962749999947846,0.0012077294685989837,-0.00666666666666671,0.00677517932705603,0.39941514949385337
zigzag_session_2026-03-23T03:35:17Z.json,path,zigzag,2026-03-23T03:34:33Z,unknown,moved,0.47101449275362317,0.575,36.93101274999208,0.016822250006953254,0.0012077294685990392,-0.010000000000000009,0.010072666502437311,0.5987704675815606
zigzag_session_2026-03-23T03:35:17Z.json,path,zigzag,2026-03-23T03:34:33Z,unknown,moved,0.4782608695652174,0.5583333333333333,36.94765095831826,0.016638208326185122,0.007246376811594235,-0.016666666666666607,0.01817382058548467,1.0922943281628954
zigzag_session_2026-03-23T03:35:17Z.json,path,zigzag,2026-03-23T03:34:33Z,unknown,moved,0.4939613526570048,0.5266666666666666,36.96438429164118,0.016733333322918043,0.0157004830917874,-0.03166666666666673,0.03534519694517607,2.1122627669627034
zigzag_session_2026-03-23T03:35:17Z.json,path,zigzag,2026-03-23T03:34:33Z,unknown,moved,0.5108695652173914,0.49,36.98111083332333,0.01672654168214649,0.01690821256038655,-0.036666666666666625,0.040377371093616964,2.4139700758773586
zigzag_session_2026-03-23T03:35:17Z.json,path,zigzag,2026-03-23T03:34:33Z,unknown,moved,0.5229468599033816,0.46,36.99779083332396,0.0166800000006333,0.01207729468599028,-0.02999999999999997,0.032339774998169785,1.9388354314713383
zigzag_session_2026-03-23T03:35:17Z.json,path,zigzag,2026-03-23T03:34:33Z,unknown,moved,0.532608695652174,0.435,37.01438824998331,0.01659741665935144,0.009661835748792313,-0.025000000000000022,0.026802072122070007,1.6148339631498607
zigzag_session_2026-03-23T03:35:17Z.json,path,zigzag,2026-03-23T03:34:33Z,unknown,moved,0.5398550724637681,0.4166666666666667,37.03112649999093,0.01673825000762008,0.007246376811594124,-0.018333333333333313,0.019713474782663745,1.1777500499567872
zigzag_session_2026-03-23T03:35:17Z.json,path,zigzag,2026-03-23T03:34:33Z,unknown,moved,0.5458937198067633,0.40166666666666667,37.04770004164311,0.016573541652178392,0.006038647342995196,-0.015000000000000013,0.016169887499084937,0.9756446653609249
zigzag_session_2026-03-23T03:35:17Z.json,path,zigzag,2026-03-23T03:34:33Z,unknown,moved,0.5495169082125604,0.3883333333333333,37.06442799998331,0.0167279583401978,0.0036231884057971175,-0.013333333333333364,0.01381684739735086,0.8259733265923164
zigzag_session_2026-03-23T03:35:17Z.json,path,zigzag,2026-03-23T03:34:33Z,unknown,moved,0.5543478260869565,0.38,37.0811779583164,0.016749958333093673,0.004830917874396157,-0.008333333333333304,0.009632352358256224,0.5750672429569652
zigzag_session_2026-03-23T03:35:17Z.json,path,zigzag,2026-03-23T03:34:33Z,unknown,moved,0.5567632850241546,0.375,37.09767316665966,0.016495208343258128,0.0024154589371980784,-0.0050000000000000044,0.005552876900966752,0.3366357541786556
zigzag_session_2026-03-23T03:35:17Z.json,path,zigzag,2026-03-23T03:34:33Z,unknown,moved,0.5579710144927537,0.375,37.105962041649036,0.008288874989375472,0.0012077294685990392,0.0,0.0012077294685990392,0.1457048719092862
zigzag_session_2026-03-23T03:35:17Z.json,path,zigzag,2026-03-23T03:34:33Z,unknown,moved,0.5579710144927537,0.38,37.16439358331263,0.058431541663594544,0.0,0.0050000000000000044,0.0050000000000000044,0.08557022213766485
zigzag_session_2026-03-23T03:35:17Z.json,path,zigzag,2026-03-23T03:34:33Z,unknown,moved,0.5579710144927537,0.3883333333333333,37.180580166663276,0.016186583350645378,0.0,0.008333333333333304,0.008333333333333304,0.5148296680535145
zigzag_session_2026-03-23T03:35:17Z.json,path,zigzag,2026-03-23T03:34:33Z,unknown,moved,0.5579710144927537,0.39666666666666667,37.19764349999605,0.017063333332771435,0.0,0.00833333333333336,0.00833333333333336,0.4883766360778146
zigzag_session_2026-03-23T03:35:17Z.json,path,zigzag,2026-03-23T03:34:33Z,unknown,moved,0.5591787439613527,0.41,37.21429454165627,0.01665104166022502,0.0012077294685990392,0.013333333333333308,0.013387919489117779,0.8040289467954438
zigzag_session_2026-03-23T03:35:17Z.json,path,zigzag,2026-03-23T03:34:33Z,unknown,moved,0.5628019323671497,0.425,37.231019999977434,0.016725458321161568,0.0036231884057970065,0.015000000000000013,0.015431380178840201,0.922628240286602
zigzag_session_2026-03-23T03:35:17Z.json,path,zigzag,2026-03-23T03:34:33Z,unknown,moved,0.5652173913043478,0.44166666666666665,37.24787595833186,0.016855958354426548,0.0024154589371980784,0.016666666666666663,0.01684079035125928,0.9991001399713778
zigzag_session_2026-03-23T03:35:17Z.json,path,zigzag,2026-03-23T03:34:33Z,unknown,moved,0.5688405797101449,0.45666666666666667,37.264433749980526,0.016557791648665443,0.0036231884057971175,0.015000000000000013,0.015431380178840227,0.9319709117178072
zigzag_session_2026-03-23T03:35:17Z.json,path,zigzag,2026-03-23T03:34:33Z,unknown,moved,0.572463768115942,0.47333333333333333,37.28099108333117,0.01655733335064724,0.0036231884057971175,0.016666666666666663,0.017055945356434524,1.030114269926672
zigzag_session_2026-03-23T03:35:17Z.json,path,zigzag,2026-03-23T03:34:33Z,unknown,moved,0.5760869565217391,0.49166666666666664,37.29763566664769,0.016644583316519856,0.0036231884057971175,0.018333333333333313,0.018687926726499465,1.1227632660501377
zigzag_session_2026-03-23T03:35:17Z.json,path,zigzag,2026-03-23T03:34:33Z,unknown,moved,0.5797101449275363,0.51,37.314195416664006,0.016559750016313046,0.0036231884057971175,0.018333333333333368,0.01868792672649952,1.1285150263796255
zigzag_session_2026-03-23T03:35:17Z.json,path,zigzag,2026-03-23T03:34:33Z,unknown,moved,0.5857487922705314,0.53,37.33102174999658,0.016826333332573995,0.006038647342995196,0.020000000000000018,0.020891751045162863,1.241610434800947
zigzag_session_2026-03-23T03:35:17Z.json,path,zigzag,2026-03-23T03:34:33Z,unknown,moved,0.5893719806763285,0.5483333333333333,37.34763154166285,0.016609791666269302,0.0036231884057970065,0.018333333333333313,0.018687926726499444,1.1251150587547922
zigzag_session_2026-03-23T03:35:17Z.json,path,zigzag,2026-03-23T03:34:33Z,unknown,moved,0.5942028985507246,0.565,37.364207958307816,0.01657641664496623,0.004830917874396157,0.016666666666666607,0.017352681213199765,1.04682945565737
zigzag_session_2026-03-23T03:35:17Z.json,path,zigzag,2026-03-23T03:34:33Z,unknown,moved,0.5978260869565217,0.58,37.38093070831383,0.016722750006010756,0.0036231884057971175,0.015000000000000013,0.015431380178840227,0.9227776635597397
zigzag_session_2026-03-23T03:35:17Z.json,path,zigzag,2026-03-23T03:34:33Z,unknown,moved,0.6014492753623188,0.5933333333333334,37.39766770831193,0.016736999998101965,0.0036231884057971175,0.01333333333333342,0.013816847397350913,0.8255271194908163
zigzag_session_2026-03-23T03:35:17Z.json,path,zigzag,2026-03-23T03:34:33Z,unknown,moved,0.605072463768116,0.6016666666666667,37.41451549998601,0.016847791674081236,0.0036231884057971175,0.008333333333333304,0.009086910292742336,0.5393531964620446
zigzag_session_2026-03-23T03:35:17Z.json,path,zigzag,2026-03-23T03:34:33Z,unknown,moved,0.607487922705314,0.605,37.43097941664746,0.01646391666145064,0.0024154589371980784,0.0033333333333332993,0.004116497660439145,0.25003149281468967
zigzag_session_2026-03-23T03:35:17Z.json,path,zigzag,2026-03-23T03:34:33Z,unknown,moved,0.6086956521739131,0.605,37.44766574999085,0.01668633334338665,0.0012077294685990392,0.0,0.0012077294685990392,0.0723783616055892
zigzag_session_2026-03-23T03:35:17Z.json,path,zigzag,2026-03-23T03:34:33Z,unknown,moved,0.6086956521739131,0.6016666666666667,37.4810270833259,0.03336133333505131,0.0,-0.0033333333333332993,0.0033333333333332993,0.09991607049563303
zigzag_session_2026-03-23T03:35:17Z.json,path,zigzag,2026-03-23T03:34:33Z,unknown,moved,0.6099033816425121,0.595,37.49785041666473,0.016823333338834345,0.0012077294685990392,-0.00666666666666671,0.00677517932705604,0.40272514314487684
zigzag_session_2026-03-23T03:35:17Z.json,path,zigzag,2026-03-23T03:34:33Z,unknown,moved,0.6099033816425121,0.5833333333333334,37.51446437498089,0.01661395831615664,0.0,-0.011666666666666603,0.011666666666666603,0.7022207739212319
zigzag_session_2026-03-23T03:35:17Z.json,path,zigzag,2026-03-23T03:34:33Z,unknown,moved,0.6099033816425121,0.575,37.53116270832834,0.01669833334744908,0.0,-0.008333333333333415,0.008333333333333415,0.4990518011551408
zigzag_session_2026-03-23T03:35:17Z.json,path,zigzag,2026-03-23T03:34:33Z,unknown,moved,0.6123188405797102,0.5633333333333334,37.547675249981694,0.016512541653355584,0.0024154589371980784,-0.011666666666666603,0.011914090522922836,0.7215176665732572
zigzag_session_2026-03-23T03:35:17Z.json,path,zigzag,2026-03-23T03:34:33Z,unknown,moved,0.6171497584541062,0.55,37.56444883332006,0.016773583338363096,0.004830917874396046,-0.013333333333333308,0.014181521261378708,0.8454676007686416
zigzag_session_2026-03-23T03:35:17Z.json,path,zigzag,2026-03-23T03:34:33Z,unknown,moved,0.6256038647342995,0.5316666666666666,37.581159916648176,0.016711083328118548,0.008454106280193274,-0.018333333333333424,0.020188685546808582,1.2081015425755506
zigzag_session_2026-03-23T03:35:17Z.json,path,zigzag,2026-03-23T03:34:33Z,unknown,moved,0.6352657004830918,0.5083333333333333,37.59758279164089,0.016422874992713332,0.009661835748792313,-0.023333333333333317,0.025254613726625966,1.5377705631828282
zigzag_session_2026-03-23T03:35:17Z.json,path,zigzag,2026-03-23T03:34:33Z,unknown,moved,0.644927536231884,0.485,37.61443312498159,0.016850333340698853,0.009661835748792202,-0.023333333333333317,0.025254613726625925,1.4987604824189498
zigzag_session_2026-03-23T03:35:17Z.json,path,zigzag,2026-03-23T03:34:33Z,unknown,moved,0.6545893719806763,0.4633333333333333,37.63089933330775,0.016466208326164633,0.009661835748792313,-0.021666666666666667,0.023723311625510585,1.440727042655867
zigzag_session_2026-03-23T03:35:17Z.json,path,zigzag,2026-03-23T03:34:33Z,unknown,moved,0.6630434782608695,0.44666666666666666,37.647607333317865,0.0167080000101123,0.008454106280193163,-0.016666666666666663,0.01868822331776296,1.118519470101278
zigzag_session_2026-03-23T03:35:17Z.json,path,zigzag,2026-03-23T03:34:33Z,unknown,moved,0.6702898550724637,0.43166666666666664,37.664413416641764,0.016806083323899657,0.007246376811594235,-0.015000000000000013,0.016658630702900253,0.9912262352769777
zigzag_session_2026-03-23T03:35:17Z.json,path,zigzag,2026-03-23T03:34:33Z,unknown,moved,0.6763285024154589,0.4216666666666667,37.68103766665445,0.01662425001268275,0.006038647342995196,-0.009999999999999953,0.011681834690367007,0.7026984484385677
zigzag_session_2026-03-23T03:35:17Z.json,path,zigzag,2026-03-23T03:34:33Z,unknown,moved,0.678743961352657,0.4166666666666667,37.69767924997723,0.016641583322780207,0.0024154589371980784,-0.0050000000000000044,0.005552876900966752,0.33367479483551127
zigzag_session_2026-03-23T03:35:17Z.json,path,zigzag,2026-03-23T03:34:33Z,unknown,moved,0.6811594202898551,0.41333333333333333,37.71421137498692,0.01653212500968948,0.0024154589371980784,-0.003333333333333355,0.00411649766043919,0.24899991126527957
zigzag_session_2026-03-23T03:35:17Z.json,path,zigzag,2026-03-23T03:34:33Z,unknown,moved,0.6835748792270532,0.4116666666666667,37.7309828333091,0.016771458322182298,0.0024154589371980784,-0.0016666666666666496,0.0029346583540623243,0.17497931889327006
zigzag_session_2026-03-23T03:35:17Z.json,path,zigzag,2026-03-23T03:34:33Z,unknown,moved,0.6859903381642513,0.4116666666666667,37.74776120833121,0.016778375022113323,0.0024154589371980784,0.0,0.0024154589371980784,0.14396262653651418
zigzag_session_2026-03-23T03:35:17Z.json,path,zigzag,2026-03-23T03:34:33Z,unknown,moved,0.6884057971014492,0.4116666666666667,37.76432991665206,0.01656870832084678,0.0024154589371979673,0.0,0.0024154589371979673,0.14578438405840197
zigzag_session_2026-03-23T03:35:17Z.json,path,zigzag,2026-03-23T03:34:33Z,unknown,moved,0.6884057971014492,0.415,37.79749754164368,0.03316762499161996,0.0,0.0033333333333332993,0.0033333333333332993,0.10049960870503963
zigzag_session_2026-03-23T03:35:17Z.json,path,zigzag,2026-03-23T03:34:33Z,unknown,moved,0.6896135265700483,0.42333333333333334,37.81414037497598,0.016642833332298324,0.0012077294685990392,0.00833333333333336,0.008420395175629668,0.5059472150867738
zigzag_session_2026-03-23T03:35:17Z.json,path,zigzag,2026-03-23T03:34:33Z,unknown,moved,0.6896135265700483,0.43333333333333335,37.83105695832637,0.01691658335039392,0.0,0.010000000000000009,0.010000000000000009,0.5911359163295317
zigzag_session_2026-03-23T03:35:17Z.json,path,zigzag,2026-03-23T03:34:33Z,unknown,moved,0.6896135265700483,0.44333333333333336,37.847650874988176,0.016593916661804542,0.0,0.010000000000000009,0.010000000000000009,0.6026304822307416
zigzag_session_2026-03-23T03:35:17Z.json,path,zigzag,2026-03-23T03:34:33Z,unknown,moved,0.6896135265700483,0.45166666666666666,37.864246541663306,0.016595666675129905,0.0,0.008333333333333304,0.008333333333333304,0.5021391123636841
zigzag_session_2026-03-23T03:35:17Z.json,path,zigzag,2026-03-23T03:34:33Z,unknown,moved,0.6920289855072463,0.46166666666666667,37.88098104164237,0.01673449997906573,0.0024154589371980784,0.010000000000000009,0.010287586785893485,0.6147531625541781
zigzag_session_2026-03-23T03:35:17Z.json,path,zigzag,2026-03-23T03:34:33Z,unknown,moved,0.6944444444444444,0.4716666666666667,37.89771187497536,0.01673083333298564,0.0024154589371980784,0.010000000000000009,0.010287586785893485,0.6148878887945776
zigzag_session_2026-03-23T03:35:17Z.json,path,zigzag,2026-03-23T03:34:33Z,unknown,moved,0.6968599033816425,0.48333333333333334,37.91435087498394,0.016639000008581206,0.0024154589371980784,0.011666666666666659,0.011914090522922888,0.7160340475255996
zigzag_session_2026-03-23T03:35:17Z.json,path,zigzag,2026-03-23T03:34:33Z,unknown,moved,0.7016908212560387,0.49833333333333335,37.930850666656625,0.016499791672686115,0.004830917874396157,0.015000000000000013,0.015758736228173902,0.9550869817502629
zigzag_session_2026-03-23T03:35:17Z.json,path,zigzag,2026-03-23T03:34:33Z,unknown,moved,0.7077294685990339,0.5183333333333333,37.9477551249729,0.01690445831627585,0.006038647342995196,0.019999999999999962,0.02089175104516281,1.2358722565542333
zigzag_session_2026-03-23T03:35:17Z.json,path,zigzag,2026-03-23T03:34:33Z,unknown,moved,0.7137681159420289,0.5366666666666666,37.96438395831501,0.016628833342110738,0.006038647342995085,0.018333333333333313,0.019302237508749393,1.160769195988545
zigzag_session_2026-03-23T03:35:17Z.json,path,zigzag,2026-03-23T03:34:33Z,unknown,moved,0.7198067632850241,0.55,37.98106229165569,0.016678333340678364,0.006038647342995196,0.01333333333333342,0.014637043400592997,0.8776082778543182
zigzag_session_2026-03-23T03:35:17Z.json,path,zigzag,2026-03-23T03:34:33Z,unknown,moved,0.7270531400966184,0.56,37.99772920832038,0.01666691666468978,0.007246376811594235,0.010000000000000009,0.012349492981317526,0.7409584645899702
zigzag_session_2026-03-23T03:35:17Z.json,path,zigzag,2026-03-23T03:34:33Z,unknown,moved,0.7355072463768116,0.5683333333333334,38.01449879165739,0.016769583337008953,0.008454106280193274,0.008333333333333304,0.011870819577486945,0.7078780276722273
zigzag_session_2026-03-23T03:35:17Z.json,path,zigzag,2026-03-23T03:34:33Z,unknown,moved,0.7427536231884058,0.5733333333333334,38.031119166640565,0.01662037498317659,0.007246376811594124,0.0050000000000000044,0.008803975062186914,0.5297097731608607
zigzag_session_2026-03-23T03:35:17Z.json,path,zigzag,2026-03-23T03:34:33Z,unknown,moved,0.748792270531401,0.5783333333333334,38.047617583331885,0.016498416691320017,0.006038647342995196,0.0050000000000000044,0.007839978426823825,0.4751958065738828
zigzag_session_2026-03-23T03:35:17Z.json,path,zigzag,2026-03-23T03:34:33Z,unknown,moved,0.7536231884057971,0.5816666666666667,38.06437787497998,0.016760291648097336,0.004830917874396157,0.0033333333333332993,0.005869316708124649,0.35019180043868425
zigzag_session_2026-03-23T03:35:17Z.json,path,zigzag,2026-03-23T03:34:33Z,unknown,moved,0.7560386473429952,0.5816666666666667,38.081132958322996,0.01675508334301412,0.0024154589371980784,0.0,0.0024154589371980784,0.1441627527448368
zigzag_session_2026-03-23T03:35:17Z.json,path,zigzag,2026-03-23T03:34:33Z,unknown,moved,0.7584541062801933,0.5816666666666667,38.09767924997141,0.01654629164841026,0.0024154589371980784,0.0,0.0024154589371980784,0.1459818905966251
zigzag_session_2026-03-23T03:35:17Z.json,path,zigzag,2026-03-23T03:34:33Z,unknown,moved,0.7584541062801933,0.5733333333333334,38.11435583332786,0.01667658335645683,0.0,-0.008333333333333304,0.008333333333333304,0.49970267621435827
zigzag_session_2026-03-23T03:35:17Z.json,path,zigzag,2026-03-23T03:34:33Z,unknown,moved,0.7632850241545893,0.5516666666666666,38.130870791646885,0.01651495831902139,0.004830917874396046,-0.021666666666666723,0.02219869842926846,1.3441570968847512
zigzag_session_2026-03-23T03:35:17Z.json,path,zigzag,2026-03-23T03:34:33Z,unknown,moved,0.7777777777777778,0.5216666666666666,38.147629583312664,0.016758791665779427,0.01449275362318847,-0.030000000000000027,0.033317261405800505,1.9880467560100175
zigzag_session_2026-03-23T03:35:17Z.json,path,zigzag,2026-03-23T03:34:33Z,unknown,moved,0.7958937198067633,0.485,38.16439816664206,0.01676858332939446,0.018115942028985477,-0.036666666666666625,0.04089782145838582,2.4389550777789353
zigzag_session_2026-03-23T03:35:17Z.json,path,zigzag,2026-03-23T03:34:33Z,unknown,moved,0.8128019323671497,0.455,38.18080687499605,0.01640870835399255,0.016908212560386437,-0.02999999999999997,0.034436719529990195,2.098685575187951
zigzag_session_2026-03-23T03:35:17Z.json,path,zigzag,2026-03-23T03:34:33Z,unknown,moved,0.8272946859903382,0.4266666666666667,38.19769891665783,0.016892041661776602,0.01449275362318847,-0.02833333333333332,0.031824796705717064,1.8840112606240118
zigzag_session_2026-03-23T03:35:17Z.json,path,zigzag,2026-03-23T03:34:33Z,unknown,moved,0.8381642512077294,0.4033333333333333,38.214201083319495,0.016502166661666706,0.010869565217391242,-0.023333333333333373,0.02574086036750846,1.5598473155226666
zigzag_session_2026-03-23T03:35:17Z.json,path,zigzag,2026-03-23T03:34:33Z,unknown,moved,0.8478260869565217,0.38166666666666665,38.23093137497199,0.01673029165249318,0.009661835748792313,-0.021666666666666667,0.023723311625510585,1.4179855389415936
zigzag_session_2026-03-23T03:35:17Z.json,path,zigzag,2026-03-23T03:34:33Z,unknown,moved,0.8586956521739131,0.35833333333333334,38.24770749997697,0.016776125004980713,0.010869565217391353,-0.023333333333333317,0.025740860367508455,1.534374616299424
zigzag_session_2026-03-23T03:35:17Z.json,path,zigzag,2026-03-23T03:34:33Z,unknown,moved,0.8695652173913043,0.33166666666666667,38.26433416665532,0.016626666678348556,0.010869565217391242,-0.026666666666666672,0.028796849812544302,1.7319677100428015
zigzag_session_2026-03-23T03:35:17Z.json,path,zigzag,2026-03-23T03:34:33Z,unknown,moved,0.8768115942028986,0.2966666666666667,38.28093991664355,0.016605749988229945,0.007246376811594235,-0.034999999999999976,0.03574227156876866,2.152403329816634
zigzag_session_2026-03-23T03:35:17Z.json,path,zigzag,2026-03-23T03:34:33Z,unknown,moved,0.8780193236714976,0.2733333333333333,38.289315833331784,0.00837591668823734,0.0012077294685990392,-0.023333333333333373,0.023364568365663613,2.7894938829173745
zigzag_session_2026-03-23T03:35:17Z.json,path,zigzag,2026-03-23T03:34:33Z,unknown,ended,0.8804347826086957,0.24,38.29746704164427,0.008151208312483504,0.0024154589371980784,-0.033333333333333326,0.033420735374740045,4.100095850029557
zigzag_session_2026-03-23T03:35:17Z.json,path,zigzag,2026-03-23T03:34:33Z,unknown,began,0.08695652173913043,0.39166666666666666,38.8061552499712,0.5086882083269302,-0.7934782608695652,0.15166666666666667,0.8078431334426056,1.5880909370783187
zigzag_session_2026-03-23T03:35:17Z.json,path,zigzag,2026-03-23T03:34:33Z,unknown,moved,0.09541062801932366,0.4166666666666667,38.897527749999426,0.09137250002822839,0.008454106280193233,0.025000000000000022,0.026390754308977298,0.2888260067397106
zigzag_session_2026-03-23T03:35:17Z.json,path,zigzag,2026-03-23T03:34:33Z,unknown,moved,0.10386473429951691,0.43666666666666665,38.914391583326505,0.016863833327079192,0.008454106280193247,0.019999999999999962,0.021713403993773094,1.2875722602705446
zigzag_session_2026-03-23T03:35:17Z.json,path,zigzag,2026-03-23T03:34:33Z,unknown,moved,0.11231884057971014,0.46166666666666667,38.93064954163856,0.016257958312053233,0.008454106280193233,0.025000000000000022,0.026390754308977298,1.6232514441503931
zigzag_session_2026-03-23T03:35:17Z.json,path,zigzag,2026-03-23T03:34:33Z,unknown,moved,0.12077294685990338,0.48333333333333334,38.94767762499396,0.01702808335539885,0.008454106280193233,0.021666666666666667,0.023257608592485324,1.3658383099887381
zigzag_session_2026-03-23T03:35:17Z.json,path,zigzag,2026-03-23T03:34:33Z,unknown,moved,0.13043478260869565,0.5066666666666667,38.96431183331879,0.01663420832483098,0.009661835748792272,0.023333333333333373,0.025254613726626005,1.5182335842774541
zigzag_session_2026-03-23T03:35:17Z.json,path,zigzag,2026-03-23T03:34:33Z,unknown,moved,0.14009661835748793,0.5333333333333333,38.98101499999757,0.01670316667878069,0.009661835748792286,0.026666666666666616,0.02836304252275748,1.6980637904301836
zigzag_session_2026-03-23T03:35:17Z.json,path,zigzag,2026-03-23T03:34:33Z,unknown,moved,0.14855072463768115,0.555,38.997831624990795,0.01681662499322556,0.008454106280193219,0.021666666666666723,0.02325760859248537,1.3830128579221161
zigzag_session_2026-03-23T03:35:17Z.json,path,zigzag,2026-03-23T03:34:33Z,unknown,moved,0.15458937198067632,0.5733333333333334,39.01427054166561,0.01643891667481512,0.006038647342995168,0.018333333333333313,0.019302237508749417,1.1741794116105586
zigzag_session_2026-03-23T03:35:17Z.json,path,zigzag,2026-03-23T03:34:33Z,unknown,moved,0.15942028985507245,0.5883333333333334,39.03087049999158,0.016599958325969055,0.004830917874396129,0.015000000000000013,0.015758736228173895,0.9493238427906685
zigzag_session_2026-03-23T03:35:17Z.json,path,zigzag,2026-03-23T03:34:33Z,unknown,moved,0.16183574879227053,0.5933333333333334,39.047484874987276,0.01661437499569729,0.0024154589371980784,0.0050000000000000044,0.005552876900966752,0.3342212332636532
zigzag_session_2026-03-23T03:35:17Z.json,path,zigzag,2026-03-23T03:34:33Z,unknown,moved,0.16304347826086957,0.595,39.05591408332111,0.008429208333836868,0.0012077294685990392,0.0016666666666665941,0.0020582488302195276,0.24418056224298337
zigzag_session_2026-03-23T03:35:17Z.json,path,zigzag,2026-03-23T03:34:33Z,unknown,moved,0.16545893719806765,0.5883333333333334,39.11403791664634,0.05812383332522586,0.0024154589371980784,-0.006666666666666599,0.007090760630689321,0.12199402938573765
zigzag_session_2026-03-23T03:35:17Z.json,path,zigzag,2026-03-23T03:34:33Z,unknown,moved,0.1678743961352657,0.575,39.130363374977605,0.016325458331266418,0.0024154589371980506,-0.01333333333333342,0.013550358654112075,0.8300139805668127
zigzag_session_2026-03-23T03:35:17Z.json,path,zigzag,2026-03-23T03:34:33Z,unknown,moved,0.1751207729468599,0.5616666666666666,39.147511499992106,0.017148125014500692,0.007246376811594207,-0.013333333333333308,0.01517523491328511,0.8849500980691896
zigzag_session_2026-03-23T03:35:17Z.json,path,zigzag,2026-03-23T03:34:33Z,unknown,moved,0.18357487922705315,0.5366666666666666,39.16432733333204,0.016815833339933306,0.008454106280193247,-0.025000000000000022,0.0263907543089773,1.5693991356530637
zigzag_session_2026-03-23T03:35:17Z.json,path,zigzag,2026-03-23T03:34:33Z,unknown,moved,0.1932367149758454,0.5,39.180942249979125,0.01661491664708592,0.009661835748792258,-0.036666666666666625,0.03791827414955857,2.2821826287168903
zigzag_session_2026-03-23T03:35:17Z.json,path,zigzag,2026-03-23T03:34:33Z,unknown,moved,0.20531400966183574,0.46166666666666667,39.19766549998894,0.016723250009818003,0.012077294685990336,-0.03833333333333333,0.04019086328230204,2.403292617087379
zigzag_session_2026-03-23T03:35:17Z.json,path,zigzag,2026-03-23T03:34:33Z,unknown,moved,0.21980676328502416,0.425,39.21419283331488,0.016527333325939253,0.014492753623188415,-0.03666666666666668,0.0394269495653276,2.385560258741073
zigzag_session_2026-03-23T03:35:17Z.json,path,zigzag,2026-03-23T03:34:33Z,unknown,moved,0.2318840579710145,0.3983333333333333,39.23098683331045,0.01679399999557063,0.012077294685990336,-0.026666666666666672,0.029274086801185817,1.7431277128085492
zigzag_session_2026-03-23T03:35:17Z.json,path,zigzag,2026-03-23T03:34:33Z,unknown,moved,0.24154589371980675,0.38,39.24758791664499,0.01660108333453536,0.009661835748792258,-0.018333333333333313,0.0207234693318409,1.248320300201717
zigzag_session_2026-03-23T03:35:17Z.json,path,zigzag,2026-03-23T03:34:33Z,unknown,moved,0.24879227053140096,0.36833333333333335,39.26428062497871,0.016692708333721384,0.007246376811594207,-0.011666666666666659,0.013733939274902927,0.8227508083369929
zigzag_session_2026-03-23T03:35:17Z.json,path,zigzag,2026-03-23T03:34:33Z,unknown,moved,0.25483091787439616,0.3566666666666667,39.28091295831837,0.016632333339657634,0.006038647342995196,-0.011666666666666659,0.013136832679309493,0.789837024729803
zigzag_session_2026-03-23T03:35:17Z.json,path,zigzag,2026-03-23T03:34:33Z,unknown,moved,0.26207729468599034,0.34833333333333333,39.29735316665028,0.01644020833191462,0.00724637681159418,-0.00833333333333336,0.011043297575455201,0.6717249168927718
zigzag_session_2026-03-23T03:35:17Z.json,path,zigzag,2026-03-23T03:34:33Z,unknown,moved,0.2693236714975845,0.3433333333333333,39.31422137498157,0.01686820833128877,0.00724637681159418,-0.0050000000000000044,0.008803975062186959,0.52192710033445
zigzag_session_2026-03-23T03:35:17Z.json,path,zigzag,2026-03-23T03:34:33Z,unknown,moved,0.2741545893719807,0.34,39.33094454163802,0.016723166656447574,0.004830917874396157,-0.0033333333333332993,0.005869316708124649,0.3509692170568514
zigzag_session_2026-03-23T03:35:17Z.json,path,zigzag,2026-03-23T03:34:33Z,unknown,moved,0.2777777777777778,0.34,39.347486249986105,0.016541708348086104,0.0036231884057971175,0.0,0.0036231884057971175,0.2190335078792708
zigzag_session_2026-03-23T03:35:17Z.json,path,zigzag,2026-03-23T03:34:33Z,unknown,moved,0.28019323671497587,0.34,39.36424570833333,0.0167594583472237,0.0024154589371980784,0.0,0.0024154589371980784,0.14412511950890186
zigzag_session_2026-03-23T03:35:17Z.json,path,zigzag,2026-03-23T03:34:33Z,unknown,moved,0.2826086956521739,0.3433333333333333,39.38070291664917,0.016457208315841854,0.002415458937198023,0.0033333333333332993,0.0041164976604391125,0.2501334115383674
zigzag_session_2026-03-23T03:35:17Z.json,path,zigzag,2026-03-23T03:34:33Z,unknown,moved,0.28743961352657005,0.355,39.397268583328696,0.016565666679525748,0.004830917874396157,0.011666666666666659,0.012627306863312983,0.762257692829208
zigzag_session_2026-03-23T03:35:17Z.json,path,zigzag,2026-03-23T03:34:33Z,unknown,moved,0.2922705314009662,0.37333333333333335,39.414316208305536,0.01704762497683987,0.004830917874396157,0.018333333333333368,0.018959137074779343,1.11212776562931
zigzag_session_2026-03-23T03:35:17Z.json,path,zigzag,2026-03-23T03:34:33Z,unknown,moved,0.29589371980676327,0.3933333333333333,39.43062620831188,0.016310000006342307,0.003623188405797062,0.019999999999999962,0.020325537981167947,1.2462009793540256
zigzag_session_2026-03-23T03:35:17Z.json,path,zigzag,2026-03-23T03:34:33Z,unknown,moved,0.2995169082125604,0.41833333333333333,39.44730604166398,0.016679833352100104,0.0036231884057971175,0.025000000000000022,0.025261185526888948,1.5144746948990586
zigzag_session_2026-03-23T03:35:17Z.json,path,zigzag,2026-03-23T03:34:33Z,unknown,moved,0.3031400966183575,0.4483333333333333,39.463668291660724,0.01636224999674596,0.0036231884057971175,0.02999999999999997,0.03021799950731188,1.846811991830065
zigzag_session_2026-03-23T03:35:17Z.json,path,zigzag,2026-03-23T03:34:33Z,unknown,moved,0.3079710144927536,0.4816666666666667,39.48048408332397,0.016815791663248092,0.004830917874396101,0.03333333333333338,0.03368158070251861,2.0029732395015154
zigzag_session_2026-03-23T03:35:17Z.json,path,zigzag,2026-03-23T03:34:33Z,unknown,moved,0.3103864734299517,0.5283333333333333,39.49768679164117,0.017202708317199722,0.0024154589371980784,0.046666666666666634,0.046729136731327114,2.716382552659228
zigzag_session_2026-03-23T03:35:17Z.json,path,zigzag,2026-03-23T03:34:33Z,unknown,moved,0.3140096618357488,0.57,39.514203999977326,0.016517208336154,0.0036231884057971175,0.04166666666666663,0.041823899929765165,2.532140969501374
zigzag_session_2026-03-23T03:35:17Z.json,path,zigzag,2026-03-23T03:34:33Z,unknown,moved,0.3164251207729469,0.6033333333333334,39.530816124984995,0.01661212500766851,0.0024154589371980784,0.03333333333333344,0.033420735374740156,2.011827828126289
zigzag_session_2026-03-23T03:35:17Z.json,path,zigzag,2026-03-23T03:34:33Z,unknown,moved,0.3188405797101449,0.62,39.54713954165345,0.016323416668456048,0.002415458937198023,0.016666666666666607,0.016840790351259217,1.0316951832641117
zigzag_session_2026-03-23T03:35:17Z.json,path,zigzag,2026-03-23T03:34:33Z,unknown,moved,0.321256038647343,0.625,39.56421495831455,0.017075416661100462,0.0024154589371980784,0.0050000000000000044,0.005552876900966752,0.32519715396560545
zigzag_session_2026-03-23T03:35:17Z.json,path,zigzag,2026-03-23T03:34:33Z,unknown,moved,0.322463768115942,0.625,39.58092520831269,0.01671024999814108,0.0012077294685990392,0.0,0.0012077294685990392,0.07227476960149562
zigzag_session_2026-03-23T03:35:17Z.json,path,zigzag,2026-03-23T03:34:33Z,unknown,moved,0.3248792270531401,0.6216666666666667,39.597507874976145,0.016582666663452983,0.0024154589371980784,-0.0033333333333332993,0.004116497660439145,0.2482409942854133
zigzag_session_2026-03-23T03:35:17Z.json,path,zigzag,2026-03-23T03:34:33Z,unknown,moved,0.3272946859903382,0.6116666666666667,39.61429399999906,0.016786125022917986,0.0024154589371980784,-0.010000000000000009,0.010287586785893485,0.612862514240059
zigzag_session_2026-03-23T03:35:17Z.json,path,zigzag,2026-03-23T03:34:33Z,unknown,moved,0.32971014492753625,0.6016666666666667,39.630787249974674,0.016493249975610524,0.0024154589371980784,-0.010000000000000009,0.010287586785893485,0.6237452776806455
zigzag_session_2026-03-23T03:35:17Z.json,path,zigzag,2026-03-23T03:34:33Z,unknown,moved,0.3321256038647343,0.5883333333333334,39.64755645830883,0.016769208334153518,0.002415458937198023,-0.013333333333333308,0.013550358654111961,0.8080499916334279
zigzag_session_2026-03-23T03:35:17Z.json,path,zigzag,2026-03-23T03:34:33Z,unknown,moved,0.33695652173913043,0.5716666666666667,39.66408541664714,0.016528958338312805,0.004830917874396157,-0.01666666666666672,0.017352681213199873,1.0498351352836157
zigzag_session_2026-03-23T03:35:17Z.json,path,zigzag,2026-03-23T03:34:33Z,unknown,moved,0.34541062801932365,0.55,39.68087820830988,0.016792791662737727,0.008454106280193219,-0.021666666666666612,0.023257608592485265,1.3849757121737303
zigzag_session_2026-03-23T03:35:17Z.json,path,zigzag,2026-03-23T03:34:33Z,unknown,moved,0.357487922705314,0.52,39.69762449999689,0.01674629168701358,0.012077294685990336,-0.030000000000000027,0.032339774998169854,1.931160378822776
zigzag_session_2026-03-23T03:35:17Z.json,path,zigzag,2026-03-23T03:34:33Z,unknown,moved,0.3695652173913043,0.48833333333333334,39.71406012499938,0.01643562500248663,0.012077294685990336,-0.031666666666666676,0.03389157453866711,2.0620800567997555
zigzag_session_2026-03-23T03:35:17Z.json,path,zigzag,2026-03-23T03:34:33Z,unknown,moved,0.3804347826086957,0.4666666666666667,39.730925416661194,0.016865291661815718,0.010869565217391353,-0.021666666666666667,0.02424029480966699,1.4372887997275985
zigzag_session_2026-03-23T03:35:17Z.json,path,zigzag,2026-03-23T03:34:33Z,unknown,moved,0.3888888888888889,0.4483333333333333,39.74761229165597,0.01668687499477528,0.008454106280193219,-0.018333333333333368,0.02018868554680851,1.209854184988481
zigzag_session_2026-03-23T03:35:17Z.json,path,zigzag,2026-03-23T03:34:33Z,unknown,moved,0.39492753623188404,0.43,39.764257958333474,0.016645666677504778,0.00603864734299514,-0.018333333333333313,0.01930223750874941,1.159595339899168
zigzag_session_2026-03-23T03:35:17Z.json,path,zigzag,2026-03-23T03:34:33Z,unknown,moved,0.4033816425120773,0.41333333333333333,39.78088033333188,0.016622374998405576,0.008454106280193274,-0.016666666666666663,0.018688223317763007,1.1242811763996172
zigzag_session_2026-03-23T03:35:17Z.json,path,zigzag,2026-03-23T03:34:33Z,unknown,moved,0.4106280193236715,0.39666666666666667,39.79754599998705,0.016665666655171663,0.00724637681159418,-0.016666666666666663,0.018173820585484703,1.0904946655611303
zigzag_session_2026-03-23T03:35:17Z.json,path,zigzag,2026-03-23T03:34:33Z,unknown,moved,0.41545893719806765,0.385,39.814118916663574,0.016572916676523164,0.004830917874396157,-0.011666666666666659,0.012627306863312983,0.7619242351710217
zigzag_session_2026-03-23T03:35:17Z.json,path,zigzag,2026-03-23T03:34:33Z,unknown,moved,0.4190821256038647,0.38,39.83105266664643,0.01693374998285435,0.003623188405797062,-0.0050000000000000044,0.00617474649065873,0.364641411200162
zigzag_session_2026-03-23T03:35:17Z.json,path,zigzag,2026-03-23T03:34:33Z,unknown,moved,0.4227053140096618,0.38,39.84758749997127,0.016534833324840292,0.0036231884057971175,0.0,0.0036231884057971175,0.21912457988639045
zigzag_session_2026-03-23T03:35:17Z.json,path,zigzag,2026-03-23T03:34:33Z,unknown,moved,0.42391304347826086,0.38,39.86404049998964,0.016453000018373132,0.0012077294685990392,0.0,0.0012077294685990392,0.07340481779920761
zigzag_session_2026-03-23T03:35:17Z.json,path,zigzag,2026-03-23T03:34:33Z,unknown,moved,0.42391304347826086,0.38166666666666665,39.88080879164045,0.016768291650805622,0.0,0.0016666666666666496,0.0016666666666666496,0.0993939455118301
zigzag_session_2026-03-23T03:35:17Z.json,path,zigzag,2026-03-23T03:34:33Z,unknown,moved,0.4251207729468599,0.39666666666666667,39.89728662499692,0.016477833356475458,0.0012077294685990392,0.015000000000000013,0.015048541805414999,0.913259739909994
zigzag_session_2026-03-23T03:35:17Z.json,path,zigzag,2026-03-23T03:34:33Z,unknown,moved,0.427536231884058,0.42,39.9143690833298,0.01708245833287947,0.0024154589371980784,0.023333333333333317,0.023458023921927734,1.3732229556665678
zigzag_session_2026-03-23T03:35:17Z.json,path,zigzag,2026-03-23T03:34:33Z,unknown,moved,0.4323671497584541,0.44666666666666666,39.93083241666318,0.016463333333376795,0.004830917874396101,0.026666666666666672,0.027100717308223984,1.6461257729187553
zigzag_session_2026-03-23T03:35:17Z.json,path,zigzag,2026-03-23T03:34:33Z,unknown,moved,0.43719806763285024,0.475,39.94739787498838,0.016565458325203508,0.004830917874396157,0.02833333333333332,0.0287422258234629,1.7350697613801034
zigzag_session_2026-03-23T03:35:17Z.json,path,zigzag,2026-03-23T03:34:33Z,unknown,moved,0.4444444444444444,0.5083333333333333,39.96405704165227,0.016659166663885117,0.00724637681159418,0.033333333333333326,0.034111890712869034,2.047634878809342
zigzag_session_2026-03-23T03:35:17Z.json,path,zigzag,2026-03-23T03:34:33Z,unknown,moved,0.4528985507246377,0.5433333333333333,39.98085820832057,0.016801166668301448,0.008454106280193274,0.03500000000000003,0.036006553750627196,2.1430984205733945
zigzag_session_2026-03-23T03:35:17Z.json,path,zigzag,2026-03-23T03:34:33Z,unknown,moved,0.4601449275362319,0.5733333333333334,39.99770141666522,0.01684320834465325,0.00724637681159418,0.030000000000000027,0.030862760357680444,1.832356385206005
zigzag_session_2026-03-23T03:35:17Z.json,path,zigzag,2026-03-23T03:34:33Z,unknown,moved,0.46618357487922707,0.5983333333333334,40.014298541645985,0.0165971249807626,0.006038647342995196,0.025000000000000022,0.025718966964733712,1.5496037412831474
zigzag_session_2026-03-23T03:35:17Z.json,path,zigzag,2026-03-23T03:34:33Z,unknown,moved,0.46980676328502413,0.6116666666666667,40.03090516664088,0.016606624994892627,0.003623188405797062,0.013333333333333308,0.013816847397350793,0.8320081534688818
zigzag_session_2026-03-23T03:35:17Z.json,path,zigzag,2026-03-23T03:34:33Z,unknown,moved,0.4722222222222222,0.62,40.0475644999824,0.016659333341522142,0.0024154589371980784,0.008333333333333304,0.008676340606599883,0.5208095923607431
zigzag_session_2026-03-23T03:35:17Z.json,path,zigzag,2026-03-23T03:34:33Z,unknown,moved,0.4746376811594203,0.6233333333333333,40.064217249979265,0.016652749996865168,0.0024154589371980784,0.0033333333333332993,0.004116497660439145,0.247196268557089
zigzag_session_2026-03-23T03:35:17Z.json,path,zigzag,2026-03-23T03:34:33Z,unknown,moved,0.4758454106280193,0.6233333333333333,40.09749383330927,0.03327658333000727,0.0012077294685990392,0.0,0.0012077294685990392,0.03629367404164854
zigzag_session_2026-03-23T03:35:17Z.json,path,zigzag,2026-03-23T03:34:33Z,unknown,moved,0.47705314009661837,0.6183333333333333,40.130706583324354,0.03321275001508184,0.0012077294685990392,-0.0050000000000000044,0.005143793392946743,0.15487405862540612
zigzag_session_2026-03-23T03:35:17Z.json,path,zigzag,2026-03-23T03:34:33Z,unknown,moved,0.4782608695652174,0.6083333333333333,40.14695820832276,0.016251624998403713,0.0012077294685990392,-0.010000000000000009,0.010072666502437311,0.6197944207687958
zigzag_session_2026-03-23T03:35:17Z.json,path,zigzag,2026-03-23T03:34:33Z,unknown,moved,0.4806763285024155,0.5966666666666667,40.16433654163848,0.01737833331571892,0.0024154589371980784,-0.011666666666666603,0.011914090522922836,0.6855715278602921
zigzag_session_2026-03-23T03:35:17Z.json,path,zigzag,2026-03-23T03:34:33Z,unknown,moved,0.4891304347826087,0.5683333333333334,40.18070562498178,0.016369083343306556,0.008454106280193219,-0.02833333333333332,0.029567713654839456,1.8063145647633299
zigzag_session_2026-03-23T03:35:17Z.json,path,zigzag,2026-03-23T03:34:33Z,unknown,moved,0.5048309178743962,0.5216666666666666,40.19753537498764,0.016829750005854294,0.015700483091787454,-0.046666666666666745,0.04923700790150929,2.925593540271365
zigzag_session_2026-03-23T03:35:17Z.json,path,zigzag,2026-03-23T03:34:33Z,unknown,moved,0.5205314009661836,0.4683333333333333,40.21421674999874,0.016681375011103228,0.0157004830917874,-0.05333333333333329,0.055596309353768636,3.332837330062023
zigzag_session_2026-03-23T03:35:17Z.json,path,zigzag,2026-03-23T03:34:33Z,unknown,moved,0.532608695652174,0.42833333333333334,40.23084429165465,0.016627541655907407,0.012077294685990392,-0.03999999999999998,0.04178350209032568,2.5129091813449707
zigzag_session_2026-03-23T03:35:17Z.json,path,zigzag,2026-03-23T03:34:33Z,unknown,moved,0.5422705314009661,0.40166666666666667,40.247876458306564,0.01703216665191576,0.009661835748792202,-0.026666666666666672,0.028363042522757505,1.6652633280550517
zigzag_session_2026-03-23T03:35:17Z.json,path,zigzag,2026-03-23T03:34:33Z,unknown,moved,0.5471014492753623,0.3883333333333333,40.26410887498059,0.016232416674029082,0.004830917874396157,-0.013333333333333364,0.014181521261378798,0.8736543391021008
zigzag_session_2026-03-23T03:35:17Z.json,path,zigzag,2026-03-23T03:34:33Z,unknown,moved,0.5495169082125604,0.38166666666666665,40.280512041645125,0.016403166664531454,0.0024154589371980784,-0.006666666666666654,0.007090760630689372,0.4322799844509118
zigzag_session_2026-03-23T03:35:17Z.json,path,zigzag,2026-03-23T03:34:33Z,unknown,moved,0.5519323671497585,0.38,40.297444541647565,0.016932500002440065,0.0024154589371980784,-0.0016666666666666496,0.0029346583540623243,0.17331512497501397
zigzag_session_2026-03-23T03:35:17Z.json,path,zigzag,2026-03-23T03:34:33Z,unknown,moved,0.5543478260869565,0.37833333333333335,40.31414358332404,0.016699041676474735,0.0024154589371980784,-0.0016666666666666496,0.0029346583540623243,0.1757381298231389
zigzag_session_2026-03-23T03:35:17Z.json,path,zigzag,2026-03-23T03:34:33Z,unknown,moved,0.5555555555555556,0.37833333333333335,40.33899887499865,0.02485529167461209,0.0012077294685990392,0.0,0.0012077294685990392,0.048590436371046444
zigzag_session_2026-03-23T03:35:17Z.json,path,zigzag,2026-03-23T03:34:33Z,unknown,moved,0.5555555555555556,0.38,40.380697833315935,0.04169895831728354,0.0,0.0016666666666666496,0.0016666666666666496,0.039969024021778585
zigzag_session_2026-03-23T03:35:17Z.json,path,zigzag,2026-03-23T03:34:33Z,unknown,moved,0.5555555555555556,0.38666666666666666,40.396914541663136,0.016216708347201347,0.0,0.006666666666666654,0.006666666666666654,0.41109863505790784
zigzag_session_2026-03-23T03:35:17Z.json,path,zigzag,2026-03-23T03:34:33Z,unknown,moved,0.5555555555555556,0.4,40.414315208327025,0.017400666663888842,0.0,0.013333333333333364,0.013333333333333364,0.7662541666293562
zigzag_session_2026-03-23T03:35:17Z.json,path,zigzag,2026-03-23T03:34:33Z,unknown,moved,0.5555555555555556,0.4166666666666667,40.430778791662306,0.01646358333528042,0.0,0.016666666666666663,0.016666666666666663,1.0123353055802287
zigzag_session_2026-03-23T03:35:17Z.json,path,zigzag,2026-03-23T03:34:33Z,unknown,moved,0.5567632850241546,0.43666666666666665,40.44753966663848,0.01676087497617118,0.0012077294685990392,0.019999999999999962,0.02003643207932293,1.1954287653722486
zigzag_session_2026-03-23T03:35:17Z.json,path,zigzag,2026-03-23T03:34:33Z,unknown,moved,0.5615942028985508,0.4583333333333333,40.46413279164699,0.01659312500851229,0.004830917874396157,0.021666666666666667,0.022198698429268433,1.3378250581418798
zigzag_session_2026-03-23T03:35:17Z.json,path,zigzag,2026-03-23T03:34:33Z,unknown,moved,0.5664251207729468,0.48,40.480933874991024,0.01680108334403485,0.004830917874396046,0.021666666666666667,0.02219869842926841,1.3212658954608398
zigzag_session_2026-03-23T03:35:17Z.json,path,zigzag,2026-03-23T03:34:33Z,unknown,moved,0.5736714975845411,0.5016666666666667,40.497606708318926,0.01667283332790248,0.007246376811594235,0.021666666666666723,0.022846321833942057,1.3702723097284286
zigzag_session_2026-03-23T03:35:17Z.json,path,zigzag,2026-03-23T03:34:33Z,unknown,moved,0.5809178743961353,0.5266666666666666,40.51411525000003,0.01650854168110527,0.007246376811594235,0.02499999999999991,0.026029021819799648,1.5767002514577633
zigzag_session_2026-03-23T03:35:17Z.json,path,zigzag,2026-03-23T03:34:33Z,unknown,moved,0.5893719806763285,0.55,40.53070724999998,0.016591999999945983,0.008454106280193163,0.023333333333333428,0.024817662207412897,1.4957607405673634
zigzag_session_2026-03-23T03:35:17Z.json,path,zigzag,2026-03-23T03:34:33Z,unknown,moved,0.5966183574879227,0.5716666666666667,40.5473520833184,0.01664483331842348,0.007246376811594235,0.021666666666666612,0.022846321833941953,1.3725773876422243
zigzag_session_2026-03-23T03:35:17Z.json,path,zigzag,2026-03-23T03:34:33Z,unknown,moved,0.6026570048309179,0.5916666666666667,40.564157458313275,0.016805374994874,0.006038647342995196,0.020000000000000018,0.020891751045162863,1.2431588733685084
zigzag_session_2026-03-23T03:35:17Z.json,path,zigzag,2026-03-23T03:34:33Z,unknown,moved,0.607487922705314,0.6033333333333334,40.5809603749949,0.01680291668162681,0.004830917874396157,0.011666666666666714,0.012627306863313035,0.751494939989817
zigzag_session_2026-03-23T03:35:17Z.json,path,zigzag,2026-03-23T03:34:33Z,unknown,moved,0.6099033816425121,0.6066666666666667,40.59762404166395,0.016663666669046506,0.0024154589371980784,0.0033333333333332993,0.004116497660439145,0.24703432576971315
zigzag_session_2026-03-23T03:35:17Z.json,path,zigzag,2026-03-23T03:34:33Z,unknown,moved,0.6123188405797102,0.6066666666666667,40.614185374986846,0.016561333322897553,0.0024154589371980784,0.0,0.0024154589371980784,0.1458493039240075
zigzag_session_2026-03-23T03:35:17Z.json,path,zigzag,2026-03-23T03:34:33Z,unknown,moved,0.6135265700483091,0.6066666666666667,40.63064233332989,0.01645695834304206,0.0012077294685989282,0.0,0.0012077294685989282,0.07338716203954855
zigzag_session_2026-03-23T03:35:17Z.json,path,zigzag,2026-03-23T03:34:33Z,unknown,moved,0.6147342995169082,0.6066666666666667,40.64728029165417,0.0166379583242815,0.0012077294685990392,0.0,0.0012077294685990392,0.07258880236744399
zigzag_session_2026-03-23T03:35:17Z.json,path,zigzag,2026-03-23T03:34:33Z,unknown,moved,0.6159420289855072,0.6033333333333334,40.66431783331791,0.01703754166373983,0.0012077294685990392,-0.0033333333333332993,0.0035453803153446604,0.20809224624759806
zigzag_session_2026-03-23T03:35:17Z.json,path,zigzag,2026-03-23T03:34:33Z,unknown,moved,0.6171497584541062,0.5983333333333334,40.680841583322035,0.01652375000412576,0.0012077294685990392,-0.0050000000000000044,0.005143793392946743,0.31129697506089155
zigzag_session_2026-03-23T03:35:17Z.json,path,zigzag,2026-03-23T03:34:33Z,unknown,moved,0.6195652173913043,0.5916666666666667,40.69750074998592,0.016659166663885117,0.0024154589371980784,-0.00666666666666671,0.007090760630689425,0.4256371746409898
zigzag_session_2026-03-23T03:35:17Z.json,path,zigzag,2026-03-23T03:34:33Z,unknown,moved,0.6207729468599034,0.5816666666666667,40.71412662498187,0.016625874995952472,0.0012077294685990392,-0.010000000000000009,0.010072666502437311,0.6058427905231741
zigzag_session_2026-03-23T03:35:17Z.json,path,zigzag,2026-03-23T03:34:33Z,unknown,moved,0.6256038647342995,0.5683333333333334,40.7308987499855,0.01677212500362657,0.004830917874396157,-0.013333333333333308,0.014181521261378744,0.8455411140992766
zigzag_session_2026-03-23T03:35:17Z.json,path,zigzag,2026-03-23T03:34:33Z,unknown,moved,0.6364734299516909,0.5416666666666666,40.7476924166549,0.01679366666940041,0.010869565217391353,-0.026666666666666727,0.028796849812544396,1.7147446343575987
zigzag_session_2026-03-23T03:35:17Z.json,path,zigzag,2026-03-23T03:34:33Z,unknown,moved,0.6521739130434783,0.495,40.76412895831163,0.016436541656730697,0.0157004830917874,-0.046666666666666634,0.04923700790150917,2.9955819739821496
zigzag_session_2026-03-23T03:35:17Z.json,path,zigzag,2026-03-23T03:34:33Z,unknown,moved,0.6654589371980676,0.4583333333333333,40.78080999999656,0.016681041684933007,0.01328502415458932,-0.03666666666666668,0.03899918346879159,2.337934537026979
zigzag_session_2026-03-23T03:35:17Z.json,path,zigzag,2026-03-23T03:34:33Z,unknown,moved,0.6739130434782609,0.43166666666666664,40.7973852083087,0.016575208312133327,0.008454106280193274,-0.026666666666666672,0.027974685415709587,1.687742614687482
zigzag_session_2026-03-23T03:35:17Z.json,path,zigzag,2026-03-23T03:34:33Z,unknown,moved,0.678743961352657,0.41833333333333333,40.81418104164186,0.01679583333316259,0.004830917874396157,-0.013333333333333308,0.014181521261378744,0.8443475819314062
zigzag_session_2026-03-23T03:35:17Z.json,path,zigzag,2026-03-23T03:34:33Z,unknown,moved,0.6811594202898551,0.415,40.8309885833296,0.016807541687740013,0.0024154589371980784,-0.003333333333333355,0.00411649766043919,0.24491967575733586
zigzag_session_2026-03-23T03:35:17Z.json,path,zigzag,2026-03-23T03:34:33Z,unknown,moved,0.6823671497584541,0.415,40.83915324998088,0.00816466665128246,0.0012077294685990392,0.0,0.0012077294685990392,0.14792146699698216
zigzag_session_2026-03-23T03:35:17Z.json,path,zigzag,2026-03-23T03:34:33Z,unknown,moved,0.6823671497584541,0.41833333333333333,40.8973604166531,0.05820716667221859,0.0,0.003333333333333355,0.003333333333333355,0.0572667168650266
zigzag_session_2026-03-23T03:35:17Z.json,path,zigzag,2026-03-23T03:34:33Z,unknown,moved,0.6823671497584541,0.4216666666666667,40.91389366664225,0.016533249989151955,0.0,0.003333333333333355,0.003333333333333355,0.20161391955728436
zigzag_session_2026-03-23T03:35:17Z.json,path,zigzag,2026-03-23T03:34:33Z,unknown,moved,0.6823671497584541,0.4266666666666667,40.93073704166454,0.016843375022290275,0.0,0.0050000000000000044,0.0050000000000000044,0.29685261970258797
zigzag_session_2026-03-23T03:35:17Z.json,path,zigzag,2026-03-23T03:34:33Z,unknown,moved,0.6823671497584541,0.435,40.94738149998011,0.016644458315568045,0.0,0.008333333333333304,0.008333333333333304,0.5006671394970478
zigzag_session_2026-03-23T03:35:17Z.json,path,zigzag,2026-03-23T03:34:33Z,unknown,moved,0.6847826086956522,0.445,40.964088666660246,0.016707166680134833,0.0024154589371980784,0.010000000000000009,0.010287586785893485,0.6157589124986488
zigzag_session_2026-03-23T03:35:17Z.json,path,zigzag,2026-03-23T03:34:33Z,unknown,moved,0.6871980676328503,0.45666666666666667,40.980608291662065,0.016519625001819804,0.0024154589371980784,0.011666666666666659,0.011914090522922888,0.7212082914479251
zigzag_session_2026-03-23T03:35:17Z.json,path,zigzag,2026-03-23T03:34:33Z,unknown,moved,0.6920289855072463,0.4683333333333333,40.99760199998855,0.016993708326481283,0.004830917874396046,0.011666666666666659,0.012627306863312942,0.7430577611854041
zigzag_session_2026-03-23T03:35:17Z.json,path,zigzag,2026-03-23T03:34:33Z,unknown,moved,0.6968599033816425,0.47833333333333333,41.0141510416579,0.016549041669350117,0.004830917874396157,0.010000000000000009,0.011105753801933503,0.6710813848817644
zigzag_session_2026-03-23T03:35:17Z.json,path,zigzag,2026-03-23T03:34:33Z,unknown,moved,0.7041062801932367,0.49,41.030801374989096,0.016650333331199363,0.007246376811594235,0.011666666666666659,0.013733939274902941,0.82484470441011
zigzag_session_2026-03-23T03:35:17Z.json,path,zigzag,2026-03-23T03:34:33Z,unknown,moved,0.7137681159420289,0.5033333333333333,41.04750391666312,0.01670254167402163,0.009661835748792202,0.013333333333333308,0.016465990641756606,0.9858374230173036
zigzag_session_2026-03-23T03:35:17Z.json,path,zigzag,2026-03-23T03:34:33Z,unknown,moved,0.7234299516908212,0.52,41.06402195832925,0.016518041666131467,0.009661835748792313,0.01666666666666672,0.019264704716512544,1.1662826081867093
zigzag_session_2026-03-23T03:35:17Z.json,path,zigzag,2026-03-23T03:34:33Z,unknown,moved,0.7318840579710145,0.5333333333333333,41.08088408331969,0.016862124990439042,0.008454106280193274,0.013333333333333308,0.01578764361057661,0.9362784120938689
zigzag_session_2026-03-23T03:35:17Z.json,path,zigzag,2026-03-23T03:34:33Z,unknown,moved,0.7379227053140096,0.545,41.0973972499778,0.016513166658114642,0.006038647342995085,0.011666666666666714,0.013136832679309492,0.7955368556069162
zigzag_session_2026-03-23T03:35:17Z.json,path,zigzag,2026-03-23T03:34:33Z,unknown,moved,0.7439613526570048,0.5566666666666666,41.11398408332025,0.01658683334244415,0.006038647342995196,0.011666666666666603,0.013136832679309445,0.7920036578467043
zigzag_session_2026-03-23T03:35:17Z.json,path,zigzag,2026-03-23T03:34:33Z,unknown,moved,0.748792270531401,0.5633333333333334,41.13070987499668,0.01672579167643562,0.004830917874396157,0.00666666666666671,0.00823299532087838,0.49223352055003516
zigzag_session_2026-03-23T03:35:17Z.json,path,zigzag,2026-03-23T03:34:33Z,unknown,moved,0.751207729468599,0.5683333333333334,41.14741870830767,0.016708833310985938,0.0024154589371980784,0.0050000000000000044,0.005552876900966752,0.3323318150116307
zigzag_session_2026-03-23T03:35:17Z.json,path,zigzag,2026-03-23T03:34:33Z,unknown,moved,0.7536231884057971,0.57,41.16427945831674,0.016860750009072945,0.0024154589371980784,0.0016666666666665941,0.002934658354062293,0.17405265794719232
zigzag_session_2026-03-23T03:35:17Z.json,path,zigzag,2026-03-23T03:34:33Z,unknown,moved,0.7548309178743962,0.57,41.18071649997728,0.016437041660537943,0.0012077294685990392,0.0,0.0012077294685990392,0.0734760849027083
zigzag_session_2026-03-23T03:35:17Z.json,path,zigzag,2026-03-23T03:34:33Z,unknown,moved,0.7572463768115942,0.5716666666666667,41.197485499986215,0.01676900000893511,0.0024154589371980784,0.0016666666666667052,0.002934658354062356,0.1750049706302503
zigzag_session_2026-03-23T03:35:17Z.json,path,zigzag,2026-03-23T03:34:33Z,unknown,moved,0.7596618357487923,0.5733333333333334,41.21404791664099,0.016562416654778644,0.0024154589371980784,0.0016666666666667052,0.002934658354062356,0.17718781112873636
zigzag_session_2026-03-23T03:35:17Z.json,path,zigzag,2026-03-23T03:34:33Z,unknown,moved,0.7620772946859904,0.575,41.23052354165702,0.01647562501602806,0.0024154589371980784,0.0016666666666665941,0.002934658354062293,0.17812121550516932
zigzag_session_2026-03-23T03:35:17Z.json,path,zigzag,2026-03-23T03:34:33Z,unknown,moved,0.7632850241545893,0.5766666666666667,41.239105999993626,0.008582458336604759,0.0012077294685989282,0.0016666666666667052,0.0020582488302195523,0.2398204278418671
zigzag_session_2026-03-23T03:35:17Z.json,path,zigzag,2026-03-23T03:34:33Z,unknown,moved,0.7644927536231884,0.5766666666666667,41.255566708307015,0.01646070831338875,0.0012077294685990392,0.0,0.0012077294685990392,0.07337044345878486
zigzag_session_2026-03-23T03:35:17Z.json,path,zigzag,2026-03-23T03:34:33Z,unknown,moved,0.7693236714975845,0.5683333333333334,41.297437499975786,0.041870791668770835,0.004830917874396157,-0.008333333333333304,0.009632352358256224,0.230049444358619
zigzag_session_2026-03-23T03:35:17Z.json,path,zigzag,2026-03-23T03:34:33Z,unknown,moved,0.7874396135265701,0.53,41.31403012498049,0.01659262500470504,0.018115942028985588,-0.03833333333333333,0.04239848818108979,2.555261037302246
zigzag_session_2026-03-23T03:35:17Z.json,path,zigzag,2026-03-23T03:34:33Z,unknown,moved,0.8164251207729468,0.465,41.33100266664405,0.01697254166356288,0.02898550724637672,-0.065,0.07116993487653166,4.193239662467363
zigzag_session_2026-03-23T03:35:17Z.json,path,zigzag,2026-03-23T03:34:33Z,unknown,moved,0.8429951690821256,0.4,41.34745174998534,0.016449083341285586,0.02657004830917875,-0.065,0.070220847809978,4.268982432214357
zigzag_session_2026-03-23T03:35:17Z.json,path,zigzag,2026-03-23T03:34:33Z,unknown,moved,0.8659420289855072,0.3466666666666667,41.36399749998236,0.01654574999702163,0.022946859903381633,-0.053333333333333344,0.0580603377863914,3.50907863329512
zigzag_session_2026-03-23T03:35:17Z.json,path,zigzag,2026-03-23T03:34:33Z,unknown,moved,0.8804347826086957,0.31166666666666665,41.38054258332704,0.01654508334468119,0.01449275362318847,-0.03500000000000003,0.03788192058993901,2.2896179971264425
zigzag_session_2026-03-23T03:35:17Z.json,path,zigzag,2026-03-23T03:34:33Z,unknown,moved,0.8864734299516909,0.2916666666666667,41.39751649997197,0.016973916644928977,0.006038647342995196,-0.019999999999999962,0.02089175104516281,1.2308149899748861
zigzag_session_2026-03-23T03:35:17Z.json,path,zigzag,2026-03-23T03:34:33Z,unknown,moved,0.8888888888888888,0.2866666666666667,41.41422279164544,0.01670629167347215,0.0024154589371979673,-0.0050000000000000044,0.005552876900966703,0.3323823748261317
zigzag_session_2026-03-23T03:35:17Z.json,path,zigzag,2026-03-23T03:34:33Z,unknown,moved,0.8888888888888888,0.285,41.447518249973655,0.03329545832821168,0.0,-0.0016666666666667052,0.0016666666666667052,0.050056877134336264
zigzag_session_2026-03-23T03:35:17Z.json,path,zigzag,2026-03-23T03:34:33Z,unknown,moved,0.8828502415458938,0.27166666666666667,41.464191249979194,0.016673000005539507,-0.006038647342995085,-0.013333333333333308,0.01463704340059285,0.8778890059215365
zigzag_session_2026-03-23T03:35:17Z.json,path,zigzag,2026-03-23T03:34:33Z,unknown,moved,0.8792270531400966,0.25666666666666665,41.472277166642016,0.008085916662821546,-0.0036231884057971175,-0.015000000000000013,0.015431380178840227,1.9084268144628036
zigzag_session_2026-03-23T03:35:17Z.json,path,zigzag,2026-03-23T03:34:33Z,unknown,ended,0.8719806763285024,0.23666666666666666,41.48078074998921,0.008503583347192034,-0.007246376811594235,-0.01999999999999999,0.021272281892068142,2.501566812900406
